Flight_ID,Airline,Source,Destination,Date_of_Journey,Dep_Time,Duration,Total_Stops,Class,Days_Left,Price,Distance_km
1,AIR INDIA,Banglore,Bangalore,07/14/2025,15:30,2h 21m,1 stop,BUSINESS,34.0,22643.09,1030
2,indigo,Hyderabad,Mumbai,22/10/2025,10:15,3h 5m,Non Stop,BUSINESS,52.0,12288.63,620
3,AIR INDIA,MUMBAI,Hyderabad,14/09/2025,14:45,2h 1m,1 Stop,Eco,32.0,4971.95,620
4,SpiceJet,Mumbai,HYDERABAD,10-Feb-2025,8:30,3h 17m,,Eco,32.0,4556.92,620
5,indigo,delhi,Chennai,2025-11-14,14:15,4h 15m,,economy,58.0,11491.19,1760
6,AIR INDIA,Chenai,Hyderabad,14/08/2025,13:00,3h 47m,2+ stops,Eco,24.0,5198.99,515
7,GoAir,Banglore,HYDERABAD,01/25/2025,17:00,0h 59m,Non Stop,BUSINESS,4.0,9692.33,500
8,Air India,Delhi,Bangalore,06/29/2025,23:15,1h 57m,2+ stops,Biz,31.0,40307.73,1740
9,Spice Jet,Banglore,Cochin,15-Feb-2025,6:00,4h 37m,2+ stops,Economy,59.0,3409.97,360
10,AIR INDIA,delhi,HYDERABAD,26-Apr-2025,6:15,1h 44m,2+ stops,,31.0,11118.99,1260
11,Air India,Kolkata,HYDERABAD,12/29/2025,11:15,2h 6m,Non Stop,Economy,44.0,7321.16,1190
12,IndiGo,Mumbai,Kolkata,08/08/2025,3:30,1h 46m,non-stop,Biz,6.0,33758.76,1650
13,Go Air,Hyderabad,Delhi,14/08/2025,16:45,0h 57m,non-stop,Business,47.0,19852.39,1260
14,AirAsia,Chennai,Hyderabad,2025-02-18,10:15,1h 47m,Non Stop,BUSINESS,3.0,9621.62,515
15,Air India,Mumbai,Hyderabad,04/10/2025,13:00,2h 28m,2 stops,BUSINESS,39.0,11737.61,620
16,Go Air,Delhi,Mumbai,2025-01-30,12:45,4h 15m,1 stop,Biz,40.0,21799.67,1150
17,AIR INDIA,Banglore,Chennai,25-Jul-2025,3:15,3h 10m,2+ stops,Biz,18.0,7231.49,290
18,GoAir,Chenai,Mumbai,2025-09-03,16:00,5h 43m,1 Stop,,1.0,7885.34,1030
19,GoAir,Bangalore,Chennai,19/11/2025,3:00,1h 56m,1 Stop,Economy,42.0,2012.41,290
20,Spice Jet,Kolkata,cochin,19-Jul-2025,10:15,1h 39m,2 stops,,47.0,12750.2,1900
21,Vistara,MUMBAI,Hyderabad,2025-02-27,15:00,1h 38m,1 Stop,Economy,57.0,4693.74,620
22,Go Air,Mumbai,Bangalore,2025-01-26,15:15,1h 19m,1 Stop,Eco,55.0,5846.95,840
23,Air India,Bangalore,Kolkata,01/03/2025,23:15,5h 28m,2+ stops,Eco,19.0,14806.15,1560
24,Spice Jet,Chennai,Hyderabad,2025-07-03,18:00,1h 5m,2 stops,Eco,54.0,3799.26,515
25,Go Air,Chenai,Delhi,14/03/2025,12:00,2h 41m,2 stops,economy,22.0,12196.22,1760
26,SpiceJet,Delhi,Kolkata,06/07/2025,22:00,1h 54m,Non Stop,Business,48.0,26271.16,1300
27,IndiGo,Hyderabad,HYDERABAD,17-Apr-2025,6:30,2h 1m,2+ stops,Eco,42.0,7116.77,1030
28,indigo,Banglore,Cochin,26-Dec-2025,13:00,5h 15m,non-stop,economy,7.0,2975.79,360
29,AIR INDIA,Chennai,Hyderabad,05/05/2025,23:30,3h 35m,2+ stops,Business,50.0,12238.23,515
30,Go Air,Banglore,Kolkata,16-Feb-2025,11:30,5h 27m,1 Stop,Economy,13.0,12650.15,1560
31,Air India,Chenai,Chennai,03/03/2025,5:15,1h 30m,,Economy,34.0,7831.04,1030
32,Spice Jet,delhi,cochin,11/01/2025,8:30,1h 4m,Non Stop,Economy,28.0,13340.32,2100
33,indigo,Hyderabad,Kolkata,30-Jun-2025,5:00,0h 46m,,Biz,,22600.5,1190
34,AirAsia,Kolkata,Bangalore,16-Sep-2025,2:45,2h 38m,1 stop,Biz,60.0,28447.59,1560
35,Vistara,delhi,Bangalore,17-Mar-2025,10:45,3h 22m,,Business,7.0,45524.61,1740
36,IndiGo,Chennai,Kolkata,19/08/2025,16:30,,Non Stop,Eco,1.0,10675.39,1360
37,Air India,Chennai,Delhi,04/12/2025,10:30,4h 1m,1 stop,Biz,43.0,36769.86,1760
38,AIR INDIA,Delhi,Bangalore,13-Oct-2025,1:15,0h 49m,Non Stop,Economy,52.0,11388.52,1740
39,SpiceJet,Kolkata,Hyderabad,08/15/2025,16:15,5h 58m,1 Stop,BUSINESS,1.0,23834.27,1190
40,Air India,MUMBAI,HYDERABAD,11/11/2025,5:15,1h 19m,Non Stop,BUSINESS,54.0,12725.47,620
41,Go Air,Delhi,Hyderabad,21/11/2025,0:45,1h 5m,non-stop,Business,15.0,22734.94,1260
42,Vistara,Chennai,Kolkata,2025-09-03,5:15,5h 27m,,Biz,38.0,29094.74,1360
43,Go Air,Banglore,Delhi,11-Mar-2025,10:45,1h 1m,Non Stop,Business,30.0,31297.7,1740
44,Vistara,Delhi,Chennai,06/08/2025,17:45,1h 30m,2+ stops,Biz,3.0,46170.51,1760
45,AIR INDIA,MUMBAI,Kolkata,27/09/2025,15:45,2h 47m,Non Stop,Economy,27.0,11878.3,1650
46,Vistara,Banglore,Hyderabad,2025-07-15,4:15,5h 1m,Non Stop,Economy,52.0,4282.22,500
47,Air India,delhi,Bangalore,15-Nov-2025,16:00,2h 7m,,BUSINESS,8.0,41522.01,1740
48,Spice Jet,Banglore,Chennai,02/28/2025,7:15,1h 37m,1 stop,Economy,33.0,2246.77,290
49,Go Air,Banglore,Cochin,13/12/2025,20:45,1h 49m,2+ stops,economy,40.0,2885.12,360
50,Spice Jet,Bangalore,Chennai,16-Dec-2025,4:00,1h 49m,1 stop,Biz,12.0,5986.7,290
51,AirAsia,Delhi,Hyderabad,11/05/2025,17:15,1h 42m,non-stop,Eco,37.0,7748.61,1260
52,indigo,Hyderabad,Kolkata,08/05/2025,14:15,0h 43m,non-stop,Economy,23.0,8345.27,1190
53,SpiceJet,Banglore,cochin,2025-04-03,17:30,2h 49m,Non Stop,Biz,50.0,6248.33,360
54,GoAir,Delhi,Kolkata,05/06/2025,3:15,6h 43m,non-stop,Eco,29.0,9332.74,1300
55,AIR INDIA,Bangalore,Cochin,2025-01-28,17:15,4h 24m,1 Stop,,19.0,3226.93,360
56,GoAir,delhi,cochin,02/06/2025,15:15,2h 47m,2+ stops,Eco,53.0,14179.65,2100
57,GoAir,Kolkata,HYDERABAD,27/08/2025,12:00,1h 25m,non-stop,economy,22.0,8343.0,1190
58,Go Air,Kolkata,cochin,16-Mar-2025,22:30,1h 33m,non-stop,BUSINESS,46.0,35418.51,1900
59,IndiGo,Kolkata,Chennai,07-Nov-2025,9:00,3h 34m,non-stop,Biz,60.0,25126.15,1360
60,Spice Jet,Chenai,Kolkata,04/07/2025,17:45,4h 35m,1 stop,Business,18.0,27440.54,1360
61,GoAir,Delhi,Chennai,2025-11-28,15:15,2h 22m,2+ stops,economy,49.0,12683.21,1760
62,Air India,Chenai,cochin,07/19/2025,23:15,2h 35m,non-stop,Eco,20.0,4302.18,500
63,GoAir,Chennai,Delhi,18-Jan-2025,6:45,2h 4m,non-stop,Economy,48.0,10239.31,1760
64,indigo,MUMBAI,Kolkata,26/04/2025,4:00,1h 14m,2 stops,Business,35.0,33507.35,1650
65,SpiceJet,Delhi,cochin,27-Mar-2025,16:45,4h 54m,non-stop,Biz,56.0,32447.9,2100
66,Vistara,MUMBAI,Cochin,04/03/2025,23:00,2h 7m,Non Stop,Economy,32.0,6790.84,860
67,Spice Jet,Banglore,Kolkata,2025-02-04,6:15,1h 28m,Non Stop,Economy,15.0,10445.83,1560
68,SpiceJet,Hyderabad,Cochin,22-Nov-2025,4:30,1h 53m,2 stops,Economy,44.0,5341.77,700
69,AIR INDIA,Kolkata,Hyderabad,03-Jun-2025,13:45,3h 45m,non-stop,Economy,11.0,9659.45,1190
70,GoAir,Banglore,Hyderabad,24/10/2025,1:30,2h 0m,2 stops,BUSINESS,24.0,11407.65,500
71,Go Air,Kolkata,HYDERABAD,2025-06-22,10:00,1h 47m,2 stops,Economy,1.0,8578.31,1190
72,AirAsia,MUMBAI,Chennai,05/19/2025,16:15,1h 57m,,Economy,22.0,7396.72,1030
73,Air India,Chenai,Bangalore,29/03/2025,19:45,1h 29m,Non Stop,Biz,30.0,6344.06,290
74,IndiGo,Kolkata,cochin,06-Jan-2025,6:15,1h 1m,1 stop,Business,57.0,38125.12,1900
75,indigo,Hyderabad,cochin,2025-05-10,14:30,2h 41m,2 stops,Eco,34.0,4973.06,700
76,SpiceJet,Banglore,Hyderabad,11/18/2025,23:30,2h 21m,,economy,51.0,3593.66,500
77,Go Air,Chennai,Kolkata,30/08/2025,13:00,4h 32m,1 Stop,Biz,51.0,22124.05,1360
78,SpiceJet,MUMBAI,Mumbai,24/06/2025,15:00,2h 29m,non-stop,Economy,9.0,7149.8,1030
79,IndiGo,Hyderabad,cochin,29/12/2025,1:45,2h 30m,1 stop,Eco,3.0,5786.98,700
80,SpiceJet,Chenai,cochin,05/20/2025,14:15,0h 41m,non-stop,BUSINESS,45.0,8980.0,500
81,AIR INDIA,Bangalore,Hyderabad,26-Apr-2025,4:15,2h 58m,1 Stop,Biz,1.0,11708.2,500
82,AirAsia,Hyderabad,Chennai,2025-03-06,15:15,0h 46m,2 stops,Economy,40.0,3736.18,515
83,indigo,Mumbai,Hyderabad,11/21/2025,17:45,2h 38m,2 stops,Biz,51.0,12922.62,620
84,Spice Jet,Banglore,Bangalore,01-Oct-2025,11:45,4h 49m,2 stops,Economy,50.0,7083.99,1030
85,Spice Jet,Chenai,Bangalore,22-Oct-2025,12:00,4h 34m,1 Stop,Eco,37.0,2537.44,290
86,AirAsia,Bangalore,Kolkata,03/30/2025,21:45,6h 1m,non-stop,BUSINESS,46.0,31443.31,1560
87,Go Air,Chennai,cochin,24-Jun-2025,19:30,5h 21m,2+ stops,economy,,4497.79,500
88,AirAsia,Chenai,cochin,01-Sep-2025,22:15,0h 56m,2+ stops,Economy,20.0,4054.09,500
89,Go Air,Chennai,Bangalore,11/11/2025,9:15,5h 37m,1 stop,BUSINESS,21.0,6614.05,290
90,indigo,Hyderabad,Cochin,2025-02-15,6:30,2h 16m,Non Stop,Business,34.0,14200.75,700
91,,Hyderabad,HYDERABAD,05-Sep-2025,20:30,1h 7m,2+ stops,Eco,56.0,6398.19,1030
92,AirAsia,Banglore,Cochin,07/05/2025,10:15,1h 33m,1 Stop,economy,48.0,2415.05,360
93,AirAsia,delhi,Mumbai,2025-08-10,1:15,2h 18m,2 stops,Business,47.0,20956.94,1150
94,AIR INDIA,Delhi,Cochin,07/14/2025,12:00,1h 24m,2+ stops,economy,24.0,15542.59,2100
95,Air India,Banglore,cochin,2025-04-29,1:00,,1 stop,Biz,32.0,7750.27,360
96,Vistara,Mumbai,Hyderabad,2025-05-12,22:00,1h 4m,1 Stop,BUSINESS,54.0,12042.03,620
97,AIR INDIA,delhi,Chennai,14-Jul-2025,18:00,3h 12m,Non Stop,economy,2.0,13918.66,1760
98,AirAsia,delhi,Cochin,2025-03-14,21:15,2h 35m,2+ stops,BUSINESS,57.0,41405.03,2100
99,GoAir,Banglore,Chennai,04/29/2025,16:15,0h 45m,non-stop,economy,36.0,2213.55,290
100,SpiceJet,Banglore,Bangalore,27/10/2025,3:15,6h 20m,non-stop,economy,3.0,7910.53,1030
101,AIR INDIA,Chennai,Mumbai,18-Jul-2025,17:30,8h 1m,non-stop,BUSINESS,27.0,21670.98,1030
102,GoAir,Chenai,Kolkata,2025-08-11,0:30,2h 53m,Non Stop,Eco,18.0,8025.63,1360
103,Go Air,Bangalore,Cochin,02/21/2025,1:45,2h 17m,2 stops,Eco,54.0,2422.55,360
104,Air India,Chennai,Cochin,12/17/2025,13:45,2h 6m,non-stop,economy,15.0,3824.69,500
105,SpiceJet,Mumbai,Cochin,06/08/2025,1:30,4h 7m,2 stops,Economy,9.0,6441.78,860
106,AIR INDIA,Hyderabad,cochin,07-Dec-2025,17:45,3h 2m,,Eco,26.0,5714.81,700
107,indigo,Mumbai,HYDERABAD,20-Aug-2025,13:30,2h 50m,Non Stop,BUSINESS,55.0,11134.47,620
108,IndiGo,Banglore,Hyderabad,03/30/2025,17:30,2h 49m,Non Stop,Biz,19.0,10850.28,500
109,GoAir,Kolkata,Chennai,08-Feb-2025,1:45,2h 52m,1 stop,Business,39.0,25461.36,1360
110,Air India,Chennai,cochin,19/09/2025,2:45,1h 9m,,BUSINESS,40.0,11150.9,500
111,Spice Jet,delhi,Chennai,02/06/2025,12:45,3h 36m,2 stops,Biz,59.0,35792.5,1760
112,Go Air,MUMBAI,Mumbai,2025-03-08,21:45,1h 40m,2+ stops,BUSINESS,31.0,20159.6,1030
113,Go Air,Chennai,Cochin,27/09/2025,21:15,,non-stop,Eco,51.0,3375.3,500
114,Spice Jet,Banglore,Cochin,2025-01-04,0:00,2h 8m,2+ stops,Business,60.0,7446.31,360
115,IndiGo,Bangalore,HYDERABAD,11/02/2025,3:00,6h 27m,Non Stop,economy,3.0,4279.62,500
116,Go Air,Banglore,Delhi,06/10/2025,14:15,0h 52m,Non Stop,Economy,33.0,11423.3,1740
117,Air India,Banglore,Mumbai,2025-03-13,7:15,4h 46m,2+ stops,Eco,25.0,7926.32,840
118,GoAir,Kolkata,Bangalore,13/06/2025,2:30,6h 25m,Non Stop,economy,53.0,9185.55,1560
119,SpiceJet,Hyderabad,Bangalore,13/12/2025,2:30,2h 43m,non-stop,Business,,9729.98,500
120,Vistara,Chennai,Delhi,09-Apr-2025,19:00,2h 29m,Non Stop,Economy,48.0,12965.11,1760
121,GoAir,Bangalore,Cochin,26-Oct-2025,7:45,2h 42m,,Biz,30.0,7259.97,360
122,SpiceJet,MUMBAI,Bangalore,20-Nov-2025,8:15,2h 44m,2+ stops,Economy,9.0,7023.51,840
123,Spice Jet,Chennai,Kolkata,2025-10-24,12:45,2h 32m,2+ stops,Biz,38.0,29122.35,1360
124,Air India,Mumbai,cochin,2025-03-01,4:00,1h 57m,1 Stop,economy,44.0,7272.54,860
125,Spice Jet,Bangalore,Delhi,2025-09-29,14:30,2h 15m,,Eco,17.0,11059.23,1740
126,Air India,Delhi,Chennai,19/04/2025,12:00,5h 13m,2+ stops,BUSINESS,25.0,43333.16,1760
127,Air India,MUMBAI,Chennai,08-Aug-2025,6:00,4h 27m,Non Stop,Biz,55.0,19852.97,1030
128,SpiceJet,Hyderabad,HYDERABAD,2025-12-10,22:15,5h 34m,1 stop,economy,47.0,7408.09,1030
129,AirAsia,delhi,Mumbai,07/06/2025,9:45,1h 49m,non-stop,BUSINESS,17.0,19387.0,1150
130,AirAsia,Bangalore,cochin,10-Aug-2025,5:30,1h 23m,2 stops,BUSINESS,56.0,6973.11,360
131,Go Air,Banglore,Bangalore,30-Oct-2025,8:15,2h 54m,2 stops,BUSINESS,40.0,19682.84,1030
132,Vistara,delhi,Mumbai,16/10/2025,14:00,4h 54m,2+ stops,economy,33.0,9747.11,1150
133,Spice Jet,MUMBAI,cochin,2025-06-05,9:15,0h 52m,,Business,17.0,16165.38,860
134,Spice Jet,Bangalore,Delhi,24-Jan-2025,12:45,3h 43m,2 stops,Biz,51.0,32969.12,1740
135,Vistara,delhi,HYDERABAD,06/26/2025,21:30,3h 25m,,Business,13.0,32877.08,1260
136,GoAir,Bangalore,cochin,08/05/2025,2:15,5h 27m,Non Stop,Biz,29.0,7339.75,360
137,IndiGo,delhi,Chennai,02/07/2025,10:45,1h 55m,2 stops,Business,6.0,42099.2,1760
138,Air India,Mumbai,Cochin,03/12/2025,6:00,2h 1m,,Biz,,21445.53,860
139,Go Air,Chennai,Kolkata,2025-11-06,15:15,4h 37m,Non Stop,BUSINESS,31.0,25838.61,1360
140,AirAsia,MUMBAI,Delhi,25/10/2025,16:15,4h 45m,2 stops,BUSINESS,53.0,20715.5,1150
141,AIR INDIA,Mumbai,HYDERABAD,24-May-2025,5:15,2h 43m,2+ stops,Biz,53.0,14891.3,620
142,Vistara,Hyderabad,Kolkata,09/28/2025,19:30,1h 31m,1 stop,Business,8.0,28431.04,1190
143,IndiGo,delhi,cochin,2025-08-20,19:30,2h 38m,2+ stops,BUSINESS,17.0,47466.56,2100
144,IndiGo,Mumbai,Bangalore,20/09/2025,0:15,4h 32m,1 Stop,BUSINESS,21.0,16658.92,840
145,AirAsia,Mumbai,Kolkata,09-Aug-2025,19:15,2h 9m,non-stop,Business,18.0,32263.64,1650
146,Air India,Hyderabad,Bangalore,2025-06-25,14:00,4h 56m,non-stop,Biz,52.0,10423.64,500
147,Go Air,delhi,Cochin,2025-04-27,8:45,1h 11m,,BUSINESS,34.0,40418.16,2100
148,Air India,Kolkata,Bangalore,16-Jun-2025,21:45,2h 30m,non-stop,BUSINESS,42.0,30444.73,1560
149,Go Air,Chennai,Hyderabad,02/08/2025,20:15,5h 21m,1 stop,Business,45.0,10435.46,515
150,SpiceJet,delhi,Cochin,06/06/2025,12:45,4h 10m,1 Stop,Biz,38.0,38792.73,2100
151,AIR INDIA,Mumbai,Bangalore,2025-02-02,22:30,2h 9m,non-stop,Business,7.0,19228.12,840
152,AIR INDIA,Mumbai,Hyderabad,30-Oct-2025,2:30,1h 30m,2 stops,Biz,57.0,14383.98,620
153,Go Air,Delhi,cochin,01/17/2025,10:30,2h 17m,non-stop,Biz,17.0,42073.65,2100
154,Vistara,Chenai,HYDERABAD,03/28/2025,5:15,1h 46m,2+ stops,economy,20.0,4825.48,515
155,AirAsia,Mumbai,HYDERABAD,25/08/2025,1:30,5h 52m,non-stop,economy,44.0,3852.94,620
156,GoAir,Chenai,Hyderabad,02/11/2025,22:30,,non-stop,BUSINESS,40.0,11286.62,515
157,Air India,Banglore,Bangalore,17-Sep-2025,4:30,3h 22m,non-stop,Business,57.0,22956.64,1030
158,AirAsia,Bangalore,Kolkata,03/24/2025,17:45,5h 11m,1 Stop,Economy,1.0,11582.58,1560
159,indigo,Hyderabad,Chennai,08-Jun-2025,9:15,,non-stop,Economy,4.0,3856.64,515
160,AIR INDIA,Banglore,Chennai,24/04/2025,8:30,1h 37m,,BUSINESS,25.0,6881.65,290
161,Spice Jet,Chenai,HYDERABAD,02/12/2025,22:00,3h 18m,1 stop,Economy,33.0,3759.85,515
162,AirAsia,Chennai,HYDERABAD,01/17/2025,16:00,1h 17m,2+ stops,Eco,15.0,4272.72,515
163,AirAsia,delhi,Kolkata,21-Mar-2025,0:00,2h 32m,1 Stop,Business,53.0,23333.16,1300
164,IndiGo,Banglore,Cochin,01-Jan-2025,20:30,0h 37m,1 Stop,BUSINESS,45.0,7056.9,360
165,GoAir,Bangalore,HYDERABAD,2025-07-04,15:00,2h 22m,2+ stops,BUSINESS,40.0,10258.28,500
166,GoAir,Delhi,Bangalore,01-Sep-2025,2:15,4h 37m,Non Stop,Biz,27.0,34900.02,1740
167,IndiGo,delhi,Chennai,2025-07-22,10:00,10h 0m,2 stops,economy,19.0,15453.33,1760
168,AirAsia,Mumbai,Kolkata,22-Dec-2025,5:30,2h 50m,2 stops,Economy,57.0,11274.87,1650
169,Vistara,Chenai,cochin,27-Nov-2025,16:45,9h 46m,,Eco,20.0,5316.02,500
170,GoAir,Chenai,Mumbai,07/10/2025,13:30,2h 0m,non-stop,Economy,,6616.34,1030
171,Spice Jet,Chennai,cochin,13/12/2025,9:15,2h 30m,2 stops,Eco,3.0,3331.76,500
172,Air India,Chenai,HYDERABAD,2025-11-13,22:00,3h 53m,2+ stops,Business,44.0,12755.03,515
173,GoAir,Banglore,Bangalore,2025-05-07,13:00,1h 49m,2+ stops,economy,50.0,7155.21,1030
174,SpiceJet,Banglore,Delhi,08/05/2025,0:00,0h 53m,Non Stop,BUSINESS,50.0,31259.98,1740
175,AIR INDIA,Delhi,Kolkata,15-Mar-2025,2:45,6h 9m,2 stops,Biz,,30952.44,1300
176,GoAir,delhi,cochin,2025-05-13,5:15,7h 19m,1 stop,Eco,51.0,12433.03,2100
177,,MUMBAI,cochin,30/05/2025,7:30,3h 24m,2 stops,Biz,19.0,20181.21,860
178,AIR INDIA,Delhi,Mumbai,2025-05-13,21:30,1h 8m,2 stops,BUSINESS,17.0,28944.85,1150
179,Vistara,Delhi,Mumbai,02/04/2025,22:15,2h 55m,1 stop,economy,38.0,9519.15,1150
180,Spice Jet,MUMBAI,cochin,2025-04-18,11:15,0h 58m,non-stop,Eco,1.0,6478.31,860
181,AirAsia,Delhi,Bangalore,2025-10-28,22:45,2h 0m,non-stop,Business,,32308.42,1740
182,SpiceJet,Bangalore,Mumbai,02/16/2025,12:00,2h 15m,1 Stop,economy,58.0,5373.94,840
183,AIR INDIA,MUMBAI,Kolkata,01/11/2025,10:00,2h 53m,2 stops,BUSINESS,40.0,37433.83,1650
184,Spice Jet,Chennai,Hyderabad,03/08/2025,23:30,2h 40m,,Biz,49.0,10074.77,515
185,Go Air,Delhi,Hyderabad,23/11/2025,10:15,1h 7m,2 stops,BUSINESS,44.0,24626.38,1260
186,Spice Jet,Chennai,Mumbai,26/02/2025,4:00,1h 8m,2+ stops,Business,51.0,22158.13,1030
187,SpiceJet,Banglore,Bangalore,29/08/2025,22:30,2h 32m,1 Stop,BUSINESS,59.0,19694.63,1030
188,IndiGo,MUMBAI,Chennai,2025-10-21,10:45,3h 20m,1 Stop,BUSINESS,30.0,24395.13,1030
189,IndiGo,Kolkata,Chennai,07/20/2025,19:15,1h 13m,2 stops,Business,59.0,30740.09,1360
190,Go Air,Delhi,Chennai,11-Nov-2025,0:30,,1 stop,Biz,34.0,34014.97,1760
191,Air India,Kolkata,cochin,2025-09-02,15:45,1h 10m,2 stops,Economy,39.0,11273.0,1900
192,SpiceJet,MUMBAI,Delhi,2025-06-12,4:45,3h 30m,1 stop,Biz,31.0,24627.63,1150
193,Air India,Delhi,Chennai,03/04/2025,17:15,4h 44m,non-stop,BUSINESS,36.0,36165.47,1760
194,Air India,Chenai,cochin,15/05/2025,1:30,1h 46m,Non Stop,Business,17.0,10857.86,500
195,IndiGo,Banglore,cochin,10-Apr-2025,9:15,1h 45m,Non Stop,Biz,56.0,6821.68,360
196,,Banglore,Kolkata,17-Oct-2025,17:00,3h 23m,1 stop,Biz,37.0,31090.19,1560
197,Spice Jet,Delhi,cochin,05/26/2025,3:15,2h 18m,non-stop,BUSINESS,17.0,42529.91,2100
198,GoAir,MUMBAI,Chennai,05/08/2025,13:00,2h 2m,,Eco,14.0,6609.14,1030
199,IndiGo,Kolkata,HYDERABAD,2025-11-01,21:00,4h 25m,2 stops,Biz,15.0,25413.8,1190
200,Go Air,Chennai,Cochin,04-Dec-2025,6:15,2h 11m,2 stops,economy,26.0,3899.97,500
201,AIR INDIA,Chennai,Bangalore,28-Aug-2025,21:00,2h 0m,2 stops,BUSINESS,,7418.83,290
202,Go Air,Kolkata,Hyderabad,23-Mar-2025,17:30,3h 51m,,Biz,3.0,25958.93,1190
203,AirAsia,Banglore,HYDERABAD,05-Mar-2025,12:45,3h 23m,2 stops,BUSINESS,46.0,9316.09,500
204,AirAsia,Hyderabad,Mumbai,09/13/2025,6:45,3h 22m,2 stops,economy,49.0,4091.14,620
205,IndiGo,MUMBAI,Bangalore,2025-09-17,6:15,3h 17m,1 stop,Biz,21.0,17664.25,840
206,SpiceJet,Delhi,Kolkata,04-Nov-2025,13:00,3h 22m,2 stops,Economy,10.0,10006.91,1300
207,Vistara,MUMBAI,Delhi,2025-10-13,9:15,1h 34m,non-stop,BUSINESS,33.0,27747.08,1150
208,AirAsia,MUMBAI,Bangalore,03/03/2025,0:30,,1 stop,Biz,37.0,13764.79,840
209,GoAir,Mumbai,Cochin,27-Nov-2025,1:45,3h 48m,1 stop,Economy,14.0,6238.55,860
210,indigo,Bangalore,Mumbai,09-Apr-2025,15:30,2h 55m,1 stop,Biz,53.0,15335.41,840
211,AIR INDIA,Delhi,HYDERABAD,15-Sep-2025,21:00,1h 33m,,Economy,53.0,8219.85,1260
212,IndiGo,Hyderabad,Bangalore,2025-10-15,3:15,0h 52m,1 Stop,Economy,46.0,3828.09,500
213,SpiceJet,Hyderabad,Delhi,06/26/2025,3:45,2h 54m,,Economy,57.0,8372.16,1260
214,AirAsia,MUMBAI,HYDERABAD,22/01/2025,10:15,3h 13m,1 stop,Biz,28.0,12391.98,620
215,IndiGo,MUMBAI,Chennai,27/03/2025,20:15,2h 46m,2 stops,economy,20.0,8512.84,1030
216,IndiGo,Bangalore,Mumbai,2025-09-17,2:00,5h 17m,1 Stop,economy,5.0,6686.66,840
217,GoAir,Bangalore,Cochin,2025-11-07,4:30,,1 Stop,Business,32.0,7039.97,360
218,AirAsia,Hyderabad,Mumbai,2025-09-29,7:00,7h 54m,,Economy,56.0,5118.59,620
219,AIR INDIA,Bangalore,Delhi,04/24/2025,6:45,,1 stop,Biz,2.0,,1740
220,Vistara,Bangalore,Mumbai,09/12/2025,5:30,4h 24m,1 Stop,economy,24.0,7523.2,840
221,SpiceJet,Chennai,Cochin,18/03/2025,3:45,1h 46m,1 Stop,Business,10.0,10711.56,500
222,Vistara,Kolkata,Hyderabad,09-Mar-2025,23:00,3h 46m,Non Stop,Eco,56.0,7739.89,1190
223,AIR INDIA,delhi,Hyderabad,23/02/2025,10:30,1h 3m,non-stop,BUSINESS,56.0,22070.21,1260
224,Air India,Delhi,Chennai,08-Aug-2025,16:00,0h 57m,2+ stops,Eco,46.0,13366.08,1760
225,AIR INDIA,Bangalore,Chennai,19-May-2025,21:00,2h 12m,1 stop,Economy,36.0,2739.93,290
226,IndiGo,Hyderabad,cochin,05/16/2025,16:15,4h 47m,1 stop,economy,3.0,6119.9,700
227,SpiceJet,MUMBAI,cochin,28/07/2025,22:45,6h 50m,,Eco,13.0,7102.66,860
228,indigo,Bangalore,HYDERABAD,29/10/2025,16:15,3h 30m,1 stop,Economy,32.0,3750.73,500
229,AirAsia,MUMBAI,Hyderabad,30-Nov-2025,14:45,1h 40m,1 Stop,Economy,44.0,4486.64,620
230,indigo,Mumbai,cochin,05/31/2025,16:30,1h 33m,1 Stop,Economy,,5926.32,860
231,AirAsia,Banglore,Hyderabad,18-Oct-2025,0:45,3h 41m,1 stop,,12.0,10419.77,500
232,Go Air,Chenai,Chennai,30-Nov-2025,8:00,1h 8m,1 Stop,Biz,1.0,21569.4,1030
233,Spice Jet,MUMBAI,Hyderabad,07/08/2025,16:00,1h 38m,,Biz,24.0,12563.68,620
234,SpiceJet,Chennai,Mumbai,21/05/2025,20:30,4h 39m,2+ stops,economy,6.0,9112.55,1030
235,AIR INDIA,Chenai,Cochin,06/13/2025,3:00,2h 42m,,Eco,42.0,3912.3,500
236,AirAsia,Hyderabad,cochin,15-Nov-2025,17:45,4h 46m,2 stops,Economy,36.0,4704.81,700
237,AirAsia,Kolkata,cochin,03-Aug-2025,16:15,3h 42m,2 stops,Business,36.0,36616.19,1900
238,Go Air,delhi,Hyderabad,30-Oct-2025,2:45,1h 48m,1 Stop,BUSINESS,40.0,23228.61,1260
239,Air India,Kolkata,Delhi,14/09/2025,1:15,2h 58m,non-stop,economy,48.0,11145.81,1300
240,AIR INDIA,delhi,Chennai,2025-09-06,15:15,7h 49m,1 Stop,Eco,7.0,15390.31,1760
241,GoAir,Hyderabad,Bangalore,05/04/2025,4:15,1h 1m,non-stop,Economy,6.0,3518.39,500
242,IndiGo,Banglore,Bangalore,30/03/2025,1:30,2h 37m,,BUSINESS,36.0,19929.92,1030
243,SpiceJet,Chenai,Kolkata,04/09/2025,17:00,5h 4m,1 stop,economy,6.0,8998.41,1360
244,AirAsia,Delhi,HYDERABAD,06-Apr-2025,21:45,1h 46m,2 stops,Biz,6.0,24669.0,1260
245,indigo,Kolkata,Mumbai,26/12/2025,12:00,1h 22m,,Business,31.0,34368.58,1650
246,AIR INDIA,Kolkata,Hyderabad,02/08/2025,18:30,3h 35m,2+ stops,Eco,41.0,10690.39,1190
247,IndiGo,Delhi,Mumbai,02/08/2025,2:30,4h 9m,non-stop,Business,22.0,25302.3,1150
248,AirAsia,Bangalore,Chennai,2025-02-08,5:30,2h 15m,,Eco,48.0,2201.23,290
249,GoAir,MUMBAI,Chennai,27/08/2025,18:45,2h 16m,2+ stops,Economy,44.0,7172.1,1030
250,Go Air,Chenai,Kolkata,26-May-2025,14:00,4h 22m,1 Stop,Business,5.0,28840.66,1360
251,Air India,Banglore,Kolkata,18-Jun-2025,6:45,1h 33m,,economy,50.0,10942.17,1560
252,indigo,Chennai,Cochin,06/11/2025,10:45,2h 4m,Non Stop,economy,6.0,4352.29,500
253,SpiceJet,Hyderabad,Delhi,09-Dec-2025,7:15,2h 4m,non-stop,Eco,22.0,8364.21,1260
254,Go Air,Chenai,Kolkata,17/01/2025,8:00,2h 32m,,Eco,,9098.15,1360
255,AirAsia,Hyderabad,Kolkata,17/06/2025,5:15,2h 8m,,economy,14.0,7029.49,1190
256,Go Air,Delhi,HYDERABAD,2025-02-05,21:15,0h 39m,1 stop,Economy,48.0,7850.54,1260
257,Vistara,Kolkata,Delhi,10-Jul-2025,5:15,2h 47m,non-stop,Economy,26.0,10660.54,1300
258,indigo,Mumbai,Chennai,02/22/2025,0:00,1h 12m,1 Stop,economy,1.0,7471.29,1030
259,Go Air,Delhi,Bangalore,2025-03-17,22:30,2h 21m,1 Stop,Eco,8.0,11663.75,1740
260,AIR INDIA,delhi,Hyderabad,2025-01-11,9:30,2h 52m,2 stops,BUSINESS,24.0,31546.17,1260
261,Air India,Bangalore,cochin,05/09/2025,10:15,4h 38m,2 stops,Biz,35.0,,360
262,Air India,MUMBAI,Chennai,2025-11-07,2:45,2h 23m,1 stop,Economy,28.0,8648.47,1030
263,Vistara,Chennai,Hyderabad,2025-08-21,18:00,4h 48m,1 Stop,Economy,1.0,4803.73,515
264,Vistara,Hyderabad,Bangalore,25/09/2025,8:15,3h 40m,Non Stop,BUSINESS,20.0,11615.82,500
265,IndiGo,delhi,cochin,18-Mar-2025,10:15,3h 8m,non-stop,BUSINESS,32.0,38730.17,2100
266,IndiGo,Delhi,Mumbai,23/03/2025,0:15,1h 19m,2 stops,BUSINESS,45.0,24514.05,1150
267,GoAir,Mumbai,Delhi,15-Feb-2025,23:15,1h 32m,2 stops,Eco,8.0,9751.29,1150
268,GoAir,Banglore,Mumbai,05/01/2025,15:15,3h 52m,1 Stop,BUSINESS,46.0,16680.13,840
269,indigo,delhi,Delhi,2025-07-17,23:45,1h 42m,,Biz,29.0,20482.36,1030
270,Vistara,Chennai,Hyderabad,06/06/2025,23:30,1h 22m,Non Stop,Biz,2.0,13442.97,515
271,IndiGo,Hyderabad,Kolkata,08/27/2025,23:30,2h 2m,1 Stop,economy,41.0,8184.57,1190
272,GoAir,Bangalore,cochin,21-Sep-2025,18:00,1h 39m,1 Stop,Economy,12.0,3056.33,360
273,Go Air,Banglore,Chennai,07/15/2025,22:15,1h 11m,2+ stops,economy,4.0,2647.44,290
274,Go Air,MUMBAI,Delhi,11/14/2025,14:00,1h 52m,Non Stop,Eco,44.0,5900.99,1150
275,AirAsia,Chenai,HYDERABAD,09-May-2025,11:30,5h 32m,2+ stops,BUSINESS,22.0,10638.32,515
276,Air India,delhi,cochin,02/14/2025,14:00,2h 20m,non-stop,Business,1.0,51283.4,2100
277,indigo,Bangalore,Mumbai,04/07/2025,23:30,3h 10m,,Eco,5.0,6755.24,840
278,Vistara,Chennai,HYDERABAD,2025-07-24,19:00,4h 42m,Non Stop,economy,9.0,4398.91,515
279,Go Air,Mumbai,Bangalore,12/05/2025,14:30,2h 23m,1 Stop,BUSINESS,7.0,,840
280,Spice Jet,Bangalore,HYDERABAD,10/16/2025,21:00,1h 31m,1 Stop,economy,8.0,3412.19,500
281,AirAsia,Mumbai,Chennai,2025-08-22,0:45,3h 52m,Non Stop,Economy,22.0,6781.42,1030
282,Spice Jet,delhi,cochin,03-Oct-2025,10:30,1h 43m,Non Stop,Economy,,15262.68,2100
283,Air India,Kolkata,Hyderabad,04-May-2025,18:00,5h 15m,,Economy,43.0,9660.23,1190
284,indigo,MUMBAI,Bangalore,03-Jan-2025,23:45,0h 43m,1 stop,Business,,19868.32,840
285,SpiceJet,Chenai,Hyderabad,22-Mar-2025,17:30,1h 41m,,Biz,31.0,10980.56,515
286,IndiGo,Delhi,cochin,2025-05-10,4:45,1h 48m,1 stop,Biz,35.0,45543.75,2100
287,indigo,delhi,Hyderabad,18-Oct-2025,9:00,1h 48m,1 stop,Eco,11.0,10621.9,1260
288,IndiGo,Bangalore,Mumbai,02/06/2025,23:45,4h 53m,2 stops,Eco,35.0,6768.44,840
289,Go Air,Chennai,Kolkata,11-May-2025,2:45,1h 13m,,Business,3.0,27924.87,1360
290,Air India,Kolkata,Hyderabad,28/01/2025,15:00,5h 15m,2+ stops,Business,31.0,31101.57,1190
291,Go Air,Chenai,Cochin,2025-01-17,15:00,2h 37m,2+ stops,BUSINESS,44.0,11377.81,500
292,Go Air,Kolkata,Chennai,06/07/2025,23:30,,1 stop,Economy,53.0,,1360
293,Spice Jet,Chenai,Delhi,08/31/2025,6:30,1h 16m,,Business,27.0,33438.21,1760
294,Vistara,Mumbai,cochin,19/08/2025,10:15,3h 20m,2+ stops,Business,3.0,23813.4,860
295,IndiGo,MUMBAI,Cochin,07/25/2025,22:00,3h 1m,,Economy,8.0,7116.56,860
296,Spice Jet,Bangalore,cochin,03/13/2025,18:30,0h 47m,2+ stops,BUSINESS,37.0,8187.3,360
297,Air India,Delhi,Mumbai,2025-02-24,2:15,5h 24m,2+ stops,Business,5.0,27729.41,1150
298,indigo,Bangalore,Kolkata,2025-08-17,17:45,2h 17m,1 stop,economy,38.0,12156.61,1560
299,indigo,Kolkata,Mumbai,05/01/2025,13:30,1h 49m,1 stop,BUSINESS,37.0,32321.85,1650
300,AIR INDIA,delhi,Kolkata,2025-05-28,21:15,1h 46m,1 stop,Eco,55.0,9218.64,1300
301,Spice Jet,Banglore,Hyderabad,2025-02-12,12:30,2h 53m,1 stop,Business,10.0,10222.61,500
302,SpiceJet,delhi,Hyderabad,13-Mar-2025,4:45,3h 6m,Non Stop,Business,53.0,26201.96,1260
303,Go Air,Delhi,cochin,11-Jan-2025,22:30,1h 42m,Non Stop,Business,43.0,37916.17,2100
304,indigo,Hyderabad,Mumbai,04/01/2025,20:30,,1 stop,Economy,50.0,4226.37,620
305,GoAir,Bangalore,Kolkata,21/07/2025,18:30,4h 50m,1 stop,Business,51.0,30224.35,1560
306,GoAir,delhi,Chennai,08-Jun-2025,0:00,4h 17m,non-stop,economy,3.0,12720.28,1760
307,IndiGo,Kolkata,Bangalore,12-Dec-2025,8:15,1h 37m,Non Stop,Eco,36.0,10335.18,1560
308,Go Air,delhi,cochin,02-Feb-2025,16:00,2h 27m,1 stop,Biz,46.0,,2100
309,Vistara,Delhi,cochin,21-Jul-2025,21:30,1h 59m,,economy,3.0,16843.29,2100
310,GoAir,Bangalore,Kolkata,25-Mar-2025,6:45,1h 10m,1 Stop,Eco,2.0,10730.77,1560
311,GoAir,delhi,Mumbai,04/10/2025,10:30,0h 34m,non-stop,BUSINESS,29.0,18788.84,1150
312,GoAir,delhi,Kolkata,21-Feb-2025,15:15,2h 12m,2+ stops,Eco,56.0,8104.26,1300
313,Air India,MUMBAI,Kolkata,29/10/2025,19:45,1h 33m,1 Stop,BUSINESS,11.0,43074.42,1650
314,Go Air,Delhi,Kolkata,2025-06-13,23:15,0h 39m,,economy,45.0,9066.41,1300
315,Vistara,delhi,cochin,2025-09-03,8:30,1h 41m,1 stop,economy,41.0,16075.83,2100
316,Vistara,Chennai,Hyderabad,2025-10-05,7:30,3h 22m,,economy,33.0,4933.57,515
317,SpiceJet,Hyderabad,cochin,04-Feb-2025,0:45,4h 25m,Non Stop,Biz,33.0,13479.85,700
318,GoAir,Kolkata,Chennai,2025-04-23,19:30,2h 50m,2 stops,Biz,49.0,25780.69,1360
319,indigo,Banglore,Bangalore,06-Jan-2025,6:30,6h 1m,1 stop,Eco,11.0,8250.32,1030
320,Vistara,delhi,HYDERABAD,2025-05-11,15:45,3h 13m,non-stop,Economy,18.0,10021.39,1260
321,Spice Jet,Kolkata,Chennai,2025-08-14,21:00,3h 57m,1 Stop,Biz,7.0,28423.82,1360
322,Go Air,Chenai,HYDERABAD,22-Sep-2025,11:15,2h 46m,,Eco,11.0,4239.11,515
323,SpiceJet,MUMBAI,Mumbai,28-Sep-2025,15:45,6h 32m,2 stops,BUSINESS,22.0,22448.68,1030
324,AIR INDIA,Kolkata,Mumbai,23/05/2025,7:30,,1 stop,Business,4.0,41494.69,1650
325,AirAsia,Delhi,Cochin,21-Oct-2025,7:45,6h 49m,1 stop,economy,13.0,15299.81,2100
326,GoAir,Chennai,Cochin,2025-10-15,22:15,2h 13m,,Eco,7.0,3941.84,500
327,Air India,Delhi,Cochin,07/17/2025,23:45,2h 27m,1 stop,BUSINESS,57.0,41004.35,2100
328,Air India,Mumbai,Delhi,2025-12-02,16:00,3h 5m,Non Stop,Eco,32.0,7928.54,1150
329,Air India,Banglore,HYDERABAD,17-Feb-2025,16:30,1h 44m,1 Stop,Biz,46.0,11111.83,500
330,SpiceJet,Chennai,cochin,03/03/2025,2:00,2h 42m,1 stop,Business,33.0,10070.41,500
331,AirAsia,delhi,cochin,16/07/2025,7:30,2h 17m,1 stop,Business,36.0,38791.91,2100
332,GoAir,Bangalore,Mumbai,27-Apr-2025,23:30,1h 3m,2 stops,economy,2.0,6359.89,840
333,Spice Jet,delhi,Hyderabad,06/08/2025,19:45,1h 10m,1 stop,economy,23.0,10067.99,1260
334,Vistara,Banglore,Chennai,2025-04-01,6:30,5h 28m,1 Stop,BUSINESS,2.0,7304.48,290
335,AirAsia,MUMBAI,Delhi,10/17/2025,2:00,1h 45m,non-stop,Biz,12.0,19147.59,1150
336,Vistara,Kolkata,Mumbai,2025-02-07,4:15,3h 21m,,Biz,39.0,38274.18,1650
337,GoAir,Hyderabad,Cochin,2025-10-09,15:30,3h 15m,2 stops,Eco,57.0,4752.05,700
338,GoAir,MUMBAI,cochin,24/12/2025,22:00,1h 4m,non-stop,Biz,52.0,15397.99,860
339,Spice Jet,Chenai,HYDERABAD,01/11/2025,12:15,1h 37m,non-stop,Economy,31.0,3736.35,515
340,AirAsia,Banglore,Chennai,28-Aug-2025,13:45,0h 49m,Non Stop,BUSINESS,27.0,5934.63,290
341,SpiceJet,Delhi,Mumbai,22-Dec-2025,19:00,3h 15m,1 Stop,Eco,13.0,7623.82,1150
342,Spice Jet,Banglore,Mumbai,18-Sep-2025,21:00,7h 12m,1 stop,BUSINESS,7.0,17706.64,840
343,AIR INDIA,Hyderabad,Kolkata,2025-02-17,16:45,1h 43m,non-stop,economy,24.0,9202.82,1190
344,Vistara,MUMBAI,Delhi,27/07/2025,16:30,3h 7m,2 stops,Business,1.0,31698.03,1150
345,AirAsia,Chennai,Kolkata,08-Sep-2025,15:15,5h 57m,1 stop,Biz,18.0,30251.69,1360
346,Go Air,Banglore,HYDERABAD,19/11/2025,20:00,1h 38m,2+ stops,BUSINESS,23.0,11604.27,500
347,AIR INDIA,Mumbai,Cochin,2025-07-23,15:00,1h 34m,2 stops,Economy,52.0,6612.03,860
348,Go Air,Mumbai,Hyderabad,03-Dec-2025,8:15,1h 30m,2 stops,economy,46.0,4106.09,620
349,SpiceJet,Banglore,Chennai,18/03/2025,4:00,3h 10m,non-stop,economy,53.0,2170.16,290
350,Go Air,Kolkata,Delhi,09/06/2025,23:15,2h 8m,1 stop,Biz,19.0,25079.21,1300
351,Go Air,Chennai,cochin,27-Dec-2025,14:45,4h 46m,1 stop,Eco,5.0,4260.27,500
352,SpiceJet,Hyderabad,cochin,2025-01-16,18:45,3h 4m,,Biz,14.0,15012.32,700
353,AirAsia,Mumbai,Chennai,2025-08-20,0:15,2h 23m,2+ stops,Biz,42.0,18825.23,1030
354,Spice Jet,MUMBAI,Bangalore,2025-04-12,1:30,2h 39m,1 Stop,BUSINESS,13.0,17177.52,840
355,Go Air,Delhi,Mumbai,2025-03-04,23:45,5h 1m,non-stop,Eco,8.0,8571.81,1150
356,Air India,Hyderabad,Bangalore,16/02/2025,22:30,1h 11m,2 stops,Economy,15.0,4480.96,500
357,Spice Jet,Chennai,Delhi,01/13/2025,18:45,2h 49m,Non Stop,Biz,44.0,33161.71,1760
358,GoAir,Kolkata,Hyderabad,14/12/2025,21:15,2h 28m,,Business,33.0,23527.11,1190
359,IndiGo,Bangalore,Hyderabad,04-Jan-2025,13:00,4h 17m,2 stops,BUSINESS,7.0,13202.63,500
360,GoAir,MUMBAI,Delhi,29/06/2025,3:00,1h 46m,1 stop,Economy,,7851.43,1150
361,indigo,Chennai,HYDERABAD,02/09/2025,6:15,1h 46m,non-stop,BUSINESS,34.0,10184.09,515
362,AIR INDIA,Mumbai,Chennai,08/20/2025,7:00,2h 6m,Non Stop,Business,22.0,21517.33,1030
363,GoAir,MUMBAI,Delhi,2025-05-07,4:30,3h 37m,1 Stop,Biz,6.0,24334.36,1150
364,AirAsia,delhi,Mumbai,2025-04-13,17:30,5h 42m,1 Stop,economy,33.0,6659.11,1150
365,SpiceJet,MUMBAI,Delhi,12/24/2025,10:00,2h 31m,non-stop,Business,44.0,20875.51,1150
366,AirAsia,Banglore,Chennai,09-Dec-2025,17:30,3h 27m,2 stops,BUSINESS,38.0,5968.16,290
367,SpiceJet,Delhi,Kolkata,20/12/2025,1:30,1h 39m,,economy,40.0,7923.53,1300
368,AirAsia,Hyderabad,cochin,2025-12-26,19:15,1h 1m,,Eco,54.0,4141.91,700
369,AirAsia,Hyderabad,Cochin,01/12/2025,23:45,1h 28m,1 Stop,Economy,38.0,4840.56,700
370,GoAir,Hyderabad,Kolkata,17/05/2025,8:45,2h 7m,Non Stop,Biz,50.0,21272.67,1190
371,AIR INDIA,Mumbai,Kolkata,2025-03-18,8:00,1h 54m,non-stop,Eco,40.0,11849.95,1650
372,Air India,Delhi,Chennai,07-Mar-2025,2:45,6h 27m,,Biz,43.0,39137.91,1760
373,Vistara,Banglore,Chennai,01-Jul-2025,17:30,0h 34m,1 Stop,Economy,38.0,2509.27,290
374,AIR INDIA,Chenai,HYDERABAD,2025-09-27,10:30,1h 55m,1 stop,BUSINESS,11.0,13374.18,515
375,AIR INDIA,Banglore,Delhi,2025-11-09,2:30,5h 49m,Non Stop,economy,44.0,12706.82,1740
376,Spice Jet,Chennai,Delhi,10/21/2025,21:45,2h 4m,2+ stops,economy,53.0,11027.59,1760
377,Spice Jet,Hyderabad,Cochin,29/06/2025,21:45,0h 56m,2+ stops,Eco,26.0,5871.16,700
378,Spice Jet,Chennai,Kolkata,2025-09-03,13:30,3h 47m,Non Stop,Economy,8.0,9788.08,1360
379,Air India,Chenai,Mumbai,26/07/2025,15:30,4h 25m,2 stops,BUSINESS,35.0,23279.95,1030
380,AIR INDIA,Kolkata,Mumbai,23-Jul-2025,6:45,1h 3m,1 stop,economy,17.0,12006.14,1650
381,,Chenai,HYDERABAD,03/04/2025,17:00,0h 52m,1 Stop,Business,47.0,10663.89,515
382,IndiGo,Bangalore,Kolkata,06/03/2025,19:30,3h 24m,2+ stops,Eco,37.0,11852.21,1560
383,Go Air,Banglore,HYDERABAD,10/11/2025,9:30,2h 53m,2 stops,Business,31.0,11437.02,500
384,indigo,Hyderabad,Bangalore,03/23/2025,7:30,4h 38m,2 stops,Biz,43.0,10772.49,500
385,IndiGo,Hyderabad,Bangalore,2025-12-10,9:45,4h 15m,2 stops,Eco,30.0,4008.26,500
386,AIR INDIA,delhi,HYDERABAD,07/03/2025,8:15,7h 59m,1 Stop,economy,27.0,10926.21,1260
387,AirAsia,MUMBAI,HYDERABAD,02/23/2025,11:45,3h 51m,non-stop,Eco,34.0,4463.93,620
388,AirAsia,Banglore,Hyderabad,2025-08-01,18:15,2h 39m,1 Stop,BUSINESS,52.0,9272.54,500
389,indigo,delhi,Kolkata,18/04/2025,17:45,0h 57m,non-stop,economy,52.0,8684.9,1300
390,indigo,Kolkata,Cochin,2025-01-26,11:15,4h 1m,non-stop,Economy,54.0,12212.52,1900
391,AirAsia,MUMBAI,cochin,11/04/2025,6:15,2h 10m,2+ stops,Biz,54.0,16798.4,860
392,IndiGo,Chenai,Cochin,03/02/2025,15:30,1h 9m,,BUSINESS,37.0,,500
393,AIR INDIA,Chenai,HYDERABAD,2025-09-18,8:15,2h 45m,Non Stop,Eco,23.0,4387.28,515
394,Air India,Bangalore,cochin,28/02/2025,13:45,,,Eco,41.0,2947.49,360
395,Vistara,Banglore,Hyderabad,25-Nov-2025,20:45,0h 39m,1 stop,Biz,10.0,13455.5,500
396,Vistara,Bangalore,Cochin,2025-11-02,22:45,1h 33m,1 Stop,,6.0,7916.77,360
397,Vistara,Mumbai,Hyderabad,12/09/2025,10:45,6h 8m,non-stop,Eco,23.0,6125.94,620
398,GoAir,Mumbai,Hyderabad,2025-11-08,13:15,8h 22m,2+ stops,Biz,59.0,11527.32,620
399,,Banglore,Chennai,01-Mar-2025,2:15,6h 4m,1 stop,Eco,42.0,2633.05,290
400,indigo,Chenai,Mumbai,07/24/2025,5:45,5h 12m,,Eco,14.0,8070.95,1030
401,AIR INDIA,Banglore,Hyderabad,12/01/2025,11:00,0h 45m,1 Stop,Biz,46.0,10828.99,500
402,GoAir,Hyderabad,HYDERABAD,2025-10-23,18:45,2h 49m,,Biz,22.0,21843.04,1030
403,Go Air,MUMBAI,Hyderabad,26-Sep-2025,11:45,2h 57m,1 Stop,Economy,15.0,4347.69,620
404,SpiceJet,delhi,Cochin,07/01/2025,11:00,2h 44m,2 stops,Economy,56.0,13938.08,2100
405,SpiceJet,Kolkata,Cochin,21-Dec-2025,14:45,2h 24m,1 stop,Biz,60.0,33246.68,1900
406,Spice Jet,Kolkata,Mumbai,01/04/2025,0:15,1h 25m,1 Stop,Biz,23.0,33745.66,1650
407,,Chennai,Cochin,15/11/2025,5:45,4h 32m,1 Stop,BUSINESS,5.0,11593.09,500
408,Air India,delhi,HYDERABAD,17/12/2025,8:00,4h 35m,2 stops,Eco,36.0,10283.43,1260
409,GoAir,Chenai,Chennai,04/25/2025,1:30,1h 35m,Non Stop,economy,57.0,6010.06,1030
410,AIR INDIA,Kolkata,Bangalore,10/20/2025,16:30,1h 19m,2+ stops,Eco,40.0,12169.7,1560
411,GoAir,Mumbai,Bangalore,22/10/2025,15:30,1h 49m,,Business,17.0,17320.43,840
412,IndiGo,Hyderabad,Mumbai,12/12/2025,0:00,8h 26m,non-stop,Economy,37.0,5292.81,620
413,SpiceJet,Delhi,Mumbai,2025-07-09,12:30,2h 22m,2+ stops,Biz,3.0,25667.28,1150
414,AIR INDIA,Chenai,Hyderabad,03-Sep-2025,12:45,0h 51m,2 stops,Business,55.0,10830.72,515
415,Go Air,Bangalore,Mumbai,13-Oct-2025,0:45,2h 2m,2 stops,Eco,7.0,6612.64,840
416,IndiGo,MUMBAI,Cochin,09/12/2025,20:45,4h 27m,non-stop,Eco,59.0,5838.07,860
417,GoAir,Delhi,Kolkata,04/05/2025,11:45,1h 30m,,Eco,58.0,8434.77,1300
418,Spice Jet,Bangalore,HYDERABAD,24-Feb-2025,20:15,3h 52m,1 stop,Business,24.0,9949.4,500
419,indigo,Chennai,Bangalore,2025-12-31,16:00,3h 0m,1 stop,Economy,32.0,2246.07,290
420,Vistara,Hyderabad,Delhi,02/09/2025,18:30,2h 43m,2 stops,Biz,48.0,28268.6,1260
421,IndiGo,MUMBAI,Mumbai,14/06/2025,17:30,1h 30m,2+ stops,Biz,53.0,20886.62,1030
422,AirAsia,Bangalore,cochin,09/24/2025,15:15,7h 30m,1 Stop,Biz,15.0,7828.51,360
423,GoAir,Delhi,Mumbai,2025-10-06,6:00,4h 23m,1 Stop,economy,22.0,7827.25,1150
424,GoAir,MUMBAI,Chennai,08/06/2025,12:00,1h 45m,Non Stop,BUSINESS,20.0,20620.03,1030
425,Spice Jet,Kolkata,HYDERABAD,21-Dec-2025,11:45,2h 17m,1 stop,Biz,48.0,22120.07,1190
426,Air India,Mumbai,Kolkata,07/29/2025,5:45,3h 33m,non-stop,BUSINESS,8.0,38012.98,1650
427,Go Air,Hyderabad,Bangalore,02/25/2025,9:45,2h 0m,non-stop,Eco,24.0,3578.35,500
428,Vistara,MUMBAI,Cochin,07-Aug-2025,20:00,2h 28m,,Eco,5.0,7619.34,860
429,Go Air,Mumbai,HYDERABAD,16-Feb-2025,16:45,2h 37m,,Biz,35.0,12150.67,620
430,Spice Jet,MUMBAI,Hyderabad,06/09/2025,21:30,1h 44m,2+ stops,BUSINESS,20.0,14332.81,620
431,Vistara,Mumbai,Kolkata,25/12/2025,8:00,3h 49m,2+ stops,economy,16.0,14153.53,1650
432,Spice Jet,Banglore,Bangalore,2025-05-02,6:45,2h 23m,1 stop,economy,10.0,8176.86,1030
433,AirAsia,Chennai,Hyderabad,11/26/2025,15:00,4h 40m,1 stop,Economy,29.0,3814.99,515
434,IndiGo,Chenai,Cochin,25/10/2025,12:45,1h 9m,Non Stop,economy,28.0,3376.59,500
435,GoAir,Kolkata,HYDERABAD,13-Feb-2025,16:15,2h 4m,1 stop,economy,10.0,8534.59,1190
436,SpiceJet,Chennai,Bangalore,30-Apr-2025,9:00,1h 30m,1 Stop,Eco,26.0,2194.0,290
437,Air India,Bangalore,HYDERABAD,02/17/2025,15:00,5h 18m,Non Stop,,6.0,4695.63,500
438,Go Air,delhi,Cochin,2025-01-05,10:45,1h 0m,1 stop,Business,17.0,47385.14,2100
439,SpiceJet,delhi,Cochin,25/02/2025,7:00,4h 5m,2+ stops,Eco,21.0,15070.06,2100
440,AirAsia,Mumbai,Kolkata,04-Jun-2025,9:45,2h 32m,2 stops,economy,52.0,10654.81,1650
441,Spice Jet,Banglore,Mumbai,12/26/2025,6:45,5h 24m,,Business,28.0,15398.05,840
442,indigo,Mumbai,Hyderabad,05/05/2025,13:45,1h 40m,2 stops,Biz,35.0,13867.9,620
443,GoAir,MUMBAI,Delhi,06/26/2025,11:00,4h 25m,1 stop,BUSINESS,53.0,20083.56,1150
444,indigo,Kolkata,HYDERABAD,11/03/2025,8:45,3h 23m,2+ stops,Eco,60.0,8356.41,1190
445,,Banglore,Chennai,22-Aug-2025,12:45,1h 53m,non-stop,BUSINESS,25.0,5800.69,290
446,GoAir,Chennai,Kolkata,2025-11-12,0:45,7h 18m,2 stops,Eco,45.0,9995.12,1360
447,Go Air,Bangalore,Kolkata,03/12/2025,18:15,3h 47m,2+ stops,Eco,25.0,12228.28,1560
448,Spice Jet,Bangalore,Mumbai,2025-10-15,0:00,7h 31m,1 Stop,economy,52.0,6082.06,840
449,GoAir,MUMBAI,Cochin,2025-08-14,11:30,2h 24m,2+ stops,Business,30.0,17350.87,860
450,AirAsia,Delhi,Cochin,2025-03-18,18:30,1h 3m,non-stop,Biz,20.0,42139.38,2100
451,Air India,Chennai,Hyderabad,2025-09-23,20:00,0h 59m,2+ stops,economy,26.0,4331.83,515
452,GoAir,Mumbai,Chennai,2025-11-21,14:45,3h 8m,Non Stop,Biz,23.0,17154.56,1030
453,Go Air,MUMBAI,Cochin,2025-04-18,9:00,4h 4m,non-stop,Economy,16.0,6238.73,860
454,indigo,delhi,Kolkata,04/05/2025,14:15,1h 59m,,economy,57.0,8101.23,1300
455,Go Air,Mumbai,Chennai,2025-08-27,3:30,8h 25m,,Economy,13.0,8351.53,1030
456,GoAir,Delhi,Cochin,12/13/2025,3:30,4h 29m,1 stop,BUSINESS,21.0,40757.17,2100
457,GoAir,MUMBAI,Hyderabad,2025-04-20,20:45,5h 20m,Non Stop,Eco,50.0,4473.26,620
458,Vistara,delhi,Cochin,16/05/2025,18:30,6h 50m,1 Stop,BUSINESS,10.0,56118.77,2100
459,Spice Jet,Delhi,Cochin,07-Mar-2025,12:00,2h 28m,2+ stops,Business,5.0,44498.45,2100
460,Spice Jet,Bangalore,Mumbai,2025-05-23,0:15,4h 56m,2+ stops,economy,40.0,6257.98,840
461,GoAir,delhi,Chennai,2025-02-20,4:45,1h 23m,non-stop,Economy,4.0,11814.81,1760
462,SpiceJet,Hyderabad,cochin,2025-11-16,14:00,4h 32m,,Business,15.0,16251.43,700
463,Spice Jet,Hyderabad,Bangalore,06/04/2025,7:45,1h 19m,1 Stop,economy,25.0,3537.48,500
464,Vistara,Bangalore,Kolkata,17-Mar-2025,6:00,3h 38m,,Eco,2.0,12981.43,1560
465,IndiGo,Hyderabad,Chennai,05/18/2025,7:15,,non-stop,Business,36.0,10664.93,515
466,Vistara,Mumbai,HYDERABAD,2025-09-22,19:30,2h 15m,2+ stops,Economy,29.0,5449.15,620
467,GoAir,Mumbai,HYDERABAD,29-Oct-2025,0:00,2h 28m,2 stops,BUSINESS,46.0,12395.95,620
468,Air India,MUMBAI,Bangalore,27-Jan-2025,0:15,2h 13m,,economy,19.0,6222.1,840
469,GoAir,MUMBAI,Mumbai,29-Jul-2025,5:45,2h 55m,non-stop,Biz,10.0,23070.16,1030
470,AirAsia,Delhi,Chennai,2025-05-19,21:30,1h 32m,Non Stop,Economy,35.0,9768.87,1760
471,IndiGo,Kolkata,Mumbai,2025-05-20,0:30,1h 55m,,economy,52.0,10826.67,1650
472,indigo,Chennai,cochin,10/30/2025,19:30,1h 30m,,economy,19.0,3921.45,500
473,IndiGo,Chennai,cochin,21-Jan-2025,22:45,1h 11m,non-stop,Business,53.0,10667.15,500
474,Go Air,MUMBAI,cochin,31/10/2025,0:15,2h 49m,2 stops,Economy,9.0,6036.69,860
475,Vistara,Delhi,Cochin,12-Apr-2025,17:00,2h 47m,2 stops,Biz,45.0,54548.78,2100
476,Vistara,Kolkata,Chennai,2025-06-23,9:15,2h 37m,1 stop,Eco,19.0,11744.55,1360
477,Spice Jet,Chenai,cochin,21/01/2025,10:30,3h 20m,non-stop,Eco,10.0,3947.37,500
478,SpiceJet,Chennai,Delhi,02/07/2025,7:30,0h 57m,2 stops,Economy,3.0,12386.06,1760
479,Go Air,Delhi,Mumbai,18/05/2025,13:00,2h 16m,Non Stop,Business,,22196.53,1150
480,IndiGo,Banglore,Delhi,04/23/2025,4:15,,1 Stop,Business,36.0,34193.98,1740
481,IndiGo,Chenai,Hyderabad,23/08/2025,19:30,4h 43m,2+ stops,BUSINESS,53.0,12309.87,515
482,SpiceJet,Kolkata,Hyderabad,2025-01-23,14:45,4h 48m,1 Stop,Economy,48.0,7579.95,1190
483,Vistara,Banglore,Chennai,2025-01-30,23:30,6h 12m,Non Stop,Eco,31.0,2929.82,290
484,AirAsia,Mumbai,Kolkata,10-Mar-2025,22:00,3h 6m,Non Stop,economy,48.0,9457.32,1650
485,Air India,Hyderabad,Bangalore,22-May-2025,4:00,5h 58m,2+ stops,Eco,36.0,4471.07,500
486,Air India,Hyderabad,Bangalore,23-Aug-2025,5:00,0h 37m,2 stops,economy,58.0,4054.45,500
487,IndiGo,Chenai,Bangalore,07-Jul-2025,22:15,1h 51m,Non Stop,BUSINESS,58.0,5874.17,290
488,Vistara,Bangalore,Hyderabad,2025-01-10,7:15,1h 51m,1 stop,Economy,47.0,4384.69,500
489,AirAsia,Hyderabad,Cochin,13/01/2025,8:30,1h 46m,2+ stops,economy,5.0,4850.74,700
490,AirAsia,Bangalore,Delhi,27/12/2025,17:45,2h 32m,2 stops,economy,34.0,12278.95,1740
491,Spice Jet,Chennai,Delhi,2025-09-20,8:15,5h 27m,Non Stop,Economy,17.0,13907.6,1760
492,Vistara,Banglore,Cochin,2025-07-05,0:45,2h 19m,1 stop,BUSINESS,22.0,8688.78,360
493,Go Air,delhi,Cochin,31-Dec-2025,13:15,3h 28m,non-stop,,52.0,14015.73,2100
494,AirAsia,Chenai,Delhi,2025-06-19,8:15,1h 50m,Non Stop,economy,45.0,10206.44,1760
495,Vistara,Chenai,Cochin,08-Feb-2025,6:00,1h 40m,1 Stop,economy,30.0,3900.69,500
496,SpiceJet,Chennai,cochin,10-Apr-2025,1:00,1h 46m,1 stop,economy,13.0,3760.44,500
497,indigo,MUMBAI,Mumbai,08-Aug-2025,2:45,2h 3m,1 Stop,Biz,16.0,23797.85,1030
498,GoAir,Delhi,Hyderabad,14/10/2025,3:15,2h 4m,non-stop,,2.0,8275.44,1260
499,SpiceJet,Banglore,Delhi,02-Dec-2025,9:45,3h 11m,1 Stop,BUSINESS,27.0,33480.1,1740
500,IndiGo,Kolkata,HYDERABAD,07/05/2025,20:45,1h 34m,,Business,4.0,27504.72,1190
501,AIR INDIA,delhi,Cochin,19/05/2025,18:00,2h 21m,2 stops,Eco,32.0,16566.71,2100
502,AirAsia,Banglore,cochin,08/23/2025,3:15,3h 49m,non-stop,Economy,23.0,2874.19,360
503,AirAsia,Delhi,Chennai,29/03/2025,1:45,1h 7m,2+ stops,Eco,54.0,11517.24,1760
504,SpiceJet,delhi,Hyderabad,25-Apr-2025,11:45,2h 48m,2+ stops,Economy,,9681.53,1260
505,AirAsia,MUMBAI,Delhi,09/30/2025,20:15,1h 53m,2+ stops,BUSINESS,18.0,23623.27,1150
506,Go Air,delhi,Hyderabad,2025-06-28,3:45,2h 42m,,Business,58.0,23005.79,1260
507,Vistara,Hyderabad,Mumbai,25-Nov-2025,10:45,1h 40m,non-stop,Business,6.0,14115.85,620
508,AIR INDIA,Chennai,Cochin,20/04/2025,8:15,0h 47m,1 Stop,BUSINESS,7.0,13053.1,500
509,Vistara,Banglore,Kolkata,2025-02-21,22:45,1h 22m,1 Stop,Economy,41.0,11520.12,1560
510,SpiceJet,Hyderabad,Mumbai,19/04/2025,12:30,5h 44m,non-stop,BUSINESS,8.0,13928.99,620
511,Spice Jet,MUMBAI,HYDERABAD,23-Feb-2025,3:30,2h 5m,non-stop,Eco,,4252.61,620
512,AIR INDIA,Kolkata,Hyderabad,03/08/2025,7:00,3h 17m,Non Stop,Eco,54.0,8521.04,1190
513,GoAir,Chennai,Mumbai,2025-02-13,19:45,3h 8m,2+ stops,Eco,32.0,7400.26,1030
514,IndiGo,Mumbai,HYDERABAD,09/02/2025,3:45,5h 52m,1 Stop,Economy,59.0,4414.02,620
515,GoAir,Chenai,Delhi,23/05/2025,0:45,1h 25m,,BUSINESS,7.0,32307.0,1760
516,SpiceJet,Kolkata,Mumbai,08/20/2025,20:00,7h 13m,non-stop,economy,17.0,10810.46,1650
517,Vistara,Bangalore,Kolkata,27/12/2025,19:45,2h 55m,2 stops,Business,22.0,37971.41,1560
518,indigo,Kolkata,Chennai,02-Nov-2025,0:15,3h 0m,1 Stop,economy,37.0,9781.87,1360
519,IndiGo,Delhi,Chennai,2025-05-26,17:45,,1 stop,BUSINESS,23.0,39713.77,1760
520,AIR INDIA,MUMBAI,cochin,21-Sep-2025,4:45,5h 21m,2+ stops,BUSINESS,38.0,20421.57,860
521,AirAsia,Bangalore,Mumbai,15-Sep-2025,22:00,1h 14m,,Eco,23.0,5351.75,840
522,AirAsia,MUMBAI,Hyderabad,11/19/2025,23:45,1h 17m,2+ stops,BUSINESS,49.0,11112.09,620
523,Air India,Chenai,Chennai,03/09/2025,2:30,3h 41m,2 stops,Biz,23.0,25568.75,1030
524,IndiGo,Chenai,Hyderabad,2025-10-03,8:45,4h 58m,,Eco,41.0,4476.66,515
525,AirAsia,Hyderabad,Bangalore,06/25/2025,1:15,2h 40m,1 stop,Eco,6.0,4080.2,500
526,Vistara,Mumbai,Hyderabad,2025-01-14,21:45,4h 7m,2 stops,Biz,33.0,16026.45,620
527,Vistara,Chenai,Bangalore,14/01/2025,8:45,1h 34m,non-stop,Biz,15.0,7320.27,290
528,AIR INDIA,Hyderabad,cochin,2025-07-26,13:15,3h 25m,,Eco,28.0,6364.52,700
529,Go Air,delhi,Kolkata,2025-02-16,8:30,2h 10m,Non Stop,Eco,51.0,8076.13,1300
530,AIR INDIA,Banglore,Bangalore,18/07/2025,22:45,2h 32m,1 Stop,Eco,34.0,8331.21,1030
531,Air India,delhi,Hyderabad,23-Jun-2025,6:45,3h 0m,,Economy,3.0,10331.96,1260
532,AIR INDIA,delhi,Mumbai,2025-02-27,22:00,2h 43m,,Economy,11.0,8677.79,1150
533,AIR INDIA,Chennai,Hyderabad,09/08/2025,12:30,2h 40m,,Business,20.0,11729.22,515
534,Vistara,Hyderabad,Delhi,2025-04-13,8:30,3h 29m,Non Stop,Eco,11.0,10293.22,1260
535,,Bangalore,Hyderabad,25/12/2025,12:45,3h 55m,non-stop,Eco,34.0,3874.08,500
536,Vistara,Delhi,Cochin,2025-06-09,12:45,3h 14m,2+ stops,Biz,14.0,61632.23,2100
537,Spice Jet,Mumbai,Chennai,2025-12-01,1:30,4h 43m,1 stop,BUSINESS,8.0,22082.02,1030
538,,Bangalore,Delhi,02/05/2025,10:30,2h 18m,non-stop,economy,40.0,12363.62,1740
539,IndiGo,Chenai,Cochin,2025-06-29,16:00,3h 35m,2+ stops,Business,44.0,11006.3,500
540,AirAsia,Mumbai,Hyderabad,2025-08-30,7:30,3h 46m,non-stop,economy,55.0,3935.72,620
541,AIR INDIA,Banglore,cochin,09/06/2025,0:30,3h 0m,Non Stop,Business,27.0,7578.1,360
542,Vistara,Mumbai,cochin,16-Sep-2025,22:15,3h 1m,2 stops,Business,42.0,19552.04,860
543,GoAir,Chenai,Bangalore,05/23/2025,7:45,3h 21m,1 stop,BUSINESS,21.0,6438.96,290
544,GoAir,delhi,Kolkata,21/04/2025,14:30,2h 10m,1 Stop,Biz,33.0,25063.2,1300
545,indigo,Hyderabad,Delhi,2025-07-23,7:00,2h 45m,1 Stop,Eco,48.0,9198.14,1260
546,IndiGo,Delhi,cochin,01/19/2025,14:30,1h 39m,1 Stop,BUSINESS,3.0,47185.3,2100
547,SpiceJet,Mumbai,Cochin,11-Nov-2025,19:15,0h 51m,Non Stop,Business,36.0,15774.05,860
548,Spice Jet,Delhi,cochin,12/04/2025,10:30,2h 49m,1 stop,Eco,54.0,14970.09,2100
549,Spice Jet,Kolkata,Chennai,27/09/2025,15:00,3h 38m,non-stop,economy,,8999.19,1360
550,AIR INDIA,Chennai,Mumbai,2025-03-02,6:00,3h 30m,1 Stop,economy,49.0,8337.24,1030
551,AirAsia,Kolkata,Delhi,20-Aug-2025,10:00,4h 55m,2+ stops,Economy,26.0,,1300
552,Vistara,Banglore,Mumbai,04/09/2025,1:30,3h 49m,2+ stops,BUSINESS,17.0,23267.16,840
553,Spice Jet,Banglore,Bangalore,15/07/2025,15:45,2h 4m,2+ stops,Eco,49.0,7751.85,1030
554,Vistara,Chennai,HYDERABAD,20/07/2025,14:00,1h 44m,Non Stop,Biz,49.0,11294.06,515
555,Spice Jet,delhi,cochin,10/31/2025,6:15,2h 48m,2+ stops,Eco,53.0,12362.94,2100
556,Air India,Mumbai,Hyderabad,10/12/2025,17:30,2h 33m,,Eco,18.0,5236.12,620
557,GoAir,Chenai,Kolkata,05/23/2025,21:30,3h 51m,1 Stop,Eco,20.0,10203.44,1360
558,GoAir,Hyderabad,cochin,07-Sep-2025,18:00,1h 51m,,Biz,50.0,13465.77,700
559,AIR INDIA,MUMBAI,HYDERABAD,27/09/2025,15:30,5h 13m,Non Stop,economy,40.0,5135.45,620
560,Go Air,Bangalore,Mumbai,31/03/2025,19:45,2h 31m,1 Stop,Business,44.0,14256.7,840
561,GoAir,Chennai,Bangalore,04/25/2025,9:30,5h 19m,Non Stop,Eco,33.0,2393.15,290
562,Spice Jet,Hyderabad,Cochin,2025-08-01,19:45,1h 50m,,Business,44.0,13881.94,700
563,Go Air,Chenai,cochin,2025-01-13,8:30,1h 27m,non-stop,Business,20.0,10019.17,500
564,Air India,Hyderabad,cochin,05/11/2025,17:30,5h 22m,2+ stops,Eco,33.0,6782.62,700
565,AirAsia,Kolkata,Mumbai,01/07/2025,13:45,,Non Stop,Eco,8.0,10847.72,1650
566,SpiceJet,MUMBAI,Kolkata,07/04/2025,9:30,0h 36m,1 Stop,economy,,11309.09,1650
567,Vistara,Chenai,HYDERABAD,09/02/2025,14:30,1h 2m,non-stop,Business,26.0,11819.51,515
568,indigo,Kolkata,Hyderabad,27/02/2025,4:45,1h 58m,2+ stops,Biz,3.0,27206.99,1190
569,IndiGo,Mumbai,Hyderabad,10/05/2025,17:00,2h 7m,2+ stops,Biz,41.0,11977.68,620
570,indigo,Delhi,Cochin,09/28/2025,12:30,2h 18m,2 stops,BUSINESS,34.0,46057.3,2100
571,Vistara,Banglore,Bangalore,16-Oct-2025,5:45,1h 3m,non-stop,Biz,55.0,21668.08,1030
572,Go Air,Banglore,Kolkata,12/08/2025,2:00,3h 49m,2+ stops,Business,1.0,34186.27,1560
573,AirAsia,Hyderabad,Delhi,2025-01-05,20:00,1h 51m,Non Stop,Economy,7.0,7516.98,1260
574,AirAsia,Delhi,Mumbai,31-Mar-2025,19:15,2h 2m,2 stops,Economy,52.0,7667.0,1150
575,Go Air,Delhi,Chennai,19/02/2025,3:00,3h 25m,,Eco,59.0,10701.02,1760
576,GoAir,Mumbai,Delhi,05/13/2025,18:00,8h 15m,2+ stops,economy,15.0,,1150
577,,Chenai,Chennai,11/08/2025,7:30,2h 16m,2+ stops,economy,16.0,9359.15,1030
578,IndiGo,Banglore,Mumbai,08/26/2025,2:00,1h 30m,1 stop,Eco,50.0,5083.81,840
579,AIR INDIA,Hyderabad,Cochin,2025-09-13,0:15,2h 17m,non-stop,Biz,46.0,14043.23,700
580,AIR INDIA,Chenai,Bangalore,19-Dec-2025,1:45,1h 50m,,Biz,22.0,6913.44,290
581,Air India,delhi,Kolkata,09-Feb-2025,15:15,2h 10m,1 stop,BUSINESS,31.0,31722.05,1300
582,AIR INDIA,delhi,Bangalore,29-Nov-2025,6:15,2h 57m,1 Stop,BUSINESS,38.0,34467.13,1740
583,SpiceJet,Chennai,Delhi,24/10/2025,9:45,1h 33m,Non Stop,Business,46.0,35463.52,1760
584,SpiceJet,Chenai,Cochin,06-Sep-2025,8:15,1h 4m,,Business,54.0,9542.23,500
585,Vistara,Chenai,Cochin,09-Jul-2025,0:30,0h 52m,2+ stops,Economy,33.0,4448.23,500
586,Vistara,MUMBAI,Mumbai,11-Aug-2025,0:30,5h 54m,1 stop,Business,46.0,23136.83,1030
587,AirAsia,Mumbai,Cochin,05/17/2025,2:45,2h 2m,1 stop,economy,13.0,5836.86,860
588,Vistara,Chenai,Chennai,02/12/2025,19:30,3h 54m,Non Stop,Economy,52.0,,1030
589,SpiceJet,Hyderabad,Bangalore,17/06/2025,2:45,1h 52m,1 Stop,Eco,,3451.36,500
590,Air India,Bangalore,Hyderabad,12/04/2025,14:45,1h 41m,2 stops,Economy,33.0,,500
591,Air India,Delhi,Cochin,02/16/2025,0:45,0h 43m,1 Stop,Business,7.0,48634.67,2100
592,GoAir,Kolkata,HYDERABAD,13-Jan-2025,0:15,2h 53m,,economy,12.0,8083.85,1190
593,Spice Jet,Chennai,HYDERABAD,27/05/2025,16:45,2h 58m,,Business,59.0,11286.94,515
594,Spice Jet,Chenai,cochin,10/12/2025,19:45,2h 34m,2 stops,Eco,20.0,4083.94,500
595,AIR INDIA,Delhi,Hyderabad,2025-12-13,15:45,6h 0m,1 Stop,Biz,44.0,28655.78,1260
596,GoAir,Banglore,cochin,10/10/2025,23:30,4h 28m,,,59.0,2970.84,360
597,AirAsia,Kolkata,Mumbai,2025-08-27,20:15,1h 57m,1 Stop,BUSINESS,59.0,26038.07,1650
598,Air India,Banglore,Hyderabad,25-Mar-2025,15:15,4h 7m,1 Stop,Biz,14.0,13486.13,500
599,AirAsia,Chennai,Mumbai,2025-03-30,6:45,3h 0m,non-stop,Biz,27.0,16039.05,1030
600,Spice Jet,Kolkata,HYDERABAD,01/10/2025,22:30,1h 59m,Non Stop,BUSINESS,35.0,21297.31,1190
601,AirAsia,MUMBAI,Mumbai,2025-04-28,12:45,2h 20m,non-stop,Biz,18.0,18741.15,1030
602,IndiGo,Chenai,HYDERABAD,2025-01-17,1:45,2h 11m,2+ stops,Biz,57.0,11473.09,515
603,SpiceJet,Bangalore,Hyderabad,01/31/2025,19:00,2h 0m,1 stop,Eco,51.0,3558.25,500
604,AirAsia,Chenai,Mumbai,2025-12-16,8:15,3h 1m,Non Stop,Business,36.0,18247.9,1030
605,Vistara,MUMBAI,Chennai,04/01/2025,10:30,2h 13m,2 stops,Biz,45.0,24107.78,1030
606,Air India,Chenai,Chennai,2025-09-18,12:15,2h 34m,1 stop,Economy,35.0,7532.76,1030
607,AIR INDIA,Kolkata,Bangalore,21/02/2025,13:45,2h 18m,Non Stop,Biz,10.0,32179.7,1560
608,indigo,delhi,Delhi,31-Oct-2025,20:15,3h 20m,non-stop,economy,59.0,7067.24,1030
609,GoAir,Chennai,HYDERABAD,2025-07-06,12:00,2h 22m,2 stops,Business,57.0,10382.97,515
610,indigo,Delhi,Chennai,2025-11-05,15:00,5h 4m,2 stops,Business,26.0,42469.96,1760
611,AirAsia,Kolkata,Cochin,29-Nov-2025,10:15,3h 0m,Non Stop,Economy,54.0,10467.33,1900
612,Air India,MUMBAI,Bangalore,24/05/2025,17:00,1h 21m,Non Stop,Biz,38.0,18542.38,840
613,AIR INDIA,Mumbai,Delhi,2025-10-22,22:00,4h 1m,Non Stop,Biz,25.0,24907.06,1150
614,Go Air,Chenai,Kolkata,02/12/2025,21:30,2h 39m,1 stop,Economy,42.0,9504.14,1360
615,Spice Jet,Kolkata,Mumbai,2025-10-20,8:00,3h 50m,non-stop,BUSINESS,8.0,35272.94,1650
616,indigo,Mumbai,Hyderabad,16/06/2025,20:30,5h 24m,2 stops,BUSINESS,56.0,13235.5,620
617,Air India,Chennai,HYDERABAD,2025-07-26,16:00,1h 36m,1 stop,Business,,11580.39,515
618,Air India,Chennai,HYDERABAD,08/19/2025,8:15,1h 21m,Non Stop,Economy,14.0,4434.47,515
619,AIR INDIA,Kolkata,Mumbai,06/17/2025,1:15,2h 2m,,Eco,50.0,12429.24,1650
620,Spice Jet,MUMBAI,Cochin,2025-08-10,6:45,1h 51m,2 stops,BUSINESS,35.0,16946.04,860
621,IndiGo,delhi,Bangalore,03/07/2025,14:30,1h 29m,,economy,22.0,11559.85,1740
622,Vistara,Bangalore,Kolkata,2025-08-24,14:00,4h 12m,,,10.0,13020.31,1560
623,GoAir,delhi,Delhi,05/25/2025,8:30,3h 2m,1 Stop,Biz,32.0,21903.72,1030
624,SpiceJet,Chennai,Mumbai,07/17/2025,4:30,2h 40m,2 stops,Eco,52.0,7552.57,1030
625,IndiGo,Bangalore,Delhi,2025-06-05,18:30,3h 0m,1 stop,Economy,,11605.26,1740
626,SpiceJet,Chennai,Delhi,15-Jul-2025,12:45,2h 16m,1 stop,Biz,33.0,32059.77,1760
627,IndiGo,Chennai,cochin,03/04/2025,9:30,1h 52m,,economy,17.0,4285.38,500
628,indigo,Delhi,Bangalore,2025-12-27,12:15,2h 25m,2+ stops,Economy,13.0,13056.47,1740
629,GoAir,Mumbai,Chennai,02/12/2025,17:45,5h 2m,1 stop,Eco,7.0,7922.4,1030
630,Spice Jet,MUMBAI,cochin,25-May-2025,4:45,2h 30m,1 stop,Biz,50.0,15723.78,860
631,indigo,Banglore,Cochin,03/03/2025,11:00,1h 37m,non-stop,BUSINESS,30.0,8208.14,360
632,GoAir,MUMBAI,Chennai,07/08/2025,10:00,2h 27m,2 stops,Economy,10.0,7342.51,1030
633,GoAir,Delhi,HYDERABAD,2025-11-09,20:30,2h 16m,non-stop,Biz,46.0,23996.29,1260
634,GoAir,MUMBAI,Delhi,02/03/2025,15:00,2h 35m,1 Stop,Biz,41.0,22011.44,1150
635,Spice Jet,delhi,Cochin,01-Dec-2025,7:45,3h 30m,Non Stop,Eco,34.0,13696.32,2100
636,Air India,Kolkata,Chennai,08/31/2025,2:30,3h 50m,,Economy,19.0,9664.88,1360
637,indigo,Chennai,Hyderabad,10/08/2025,4:45,4h 34m,2 stops,Biz,56.0,9468.02,515
638,Go Air,Mumbai,Delhi,2025-11-04,11:15,3h 25m,Non Stop,economy,54.0,7019.37,1150
639,Air India,MUMBAI,Mumbai,11-Feb-2025,16:45,3h 51m,1 Stop,Business,35.0,23455.98,1030
640,Spice Jet,Hyderabad,HYDERABAD,01/01/2025,20:15,7h 37m,2 stops,Business,41.0,19816.74,1030
641,Go Air,Kolkata,HYDERABAD,25/08/2025,14:30,4h 17m,,Economy,46.0,7374.1,1190
642,,Delhi,Chennai,2025-01-06,11:00,1h 44m,1 stop,Eco,36.0,12672.23,1760
643,AIR INDIA,Chennai,HYDERABAD,2025-01-15,14:45,6h 57m,2 stops,Biz,46.0,12684.35,515
644,SpiceJet,Banglore,Bangalore,17/11/2025,19:30,3h 23m,1 stop,Eco,39.0,7041.04,1030
645,Spice Jet,Delhi,Chennai,2025-08-20,5:00,1h 18m,1 stop,BUSINESS,25.0,36788.23,1760
646,Vistara,Hyderabad,Delhi,02/17/2025,3:30,1h 43m,,Eco,23.0,9535.65,1260
647,,Banglore,Chennai,2025-01-25,5:30,1h 38m,Non Stop,economy,26.0,2288.05,290
648,SpiceJet,MUMBAI,Kolkata,12-Feb-2025,0:30,5h 17m,2+ stops,BUSINESS,7.0,41608.64,1650
649,SpiceJet,Chenai,Kolkata,11/18/2025,12:45,3h 22m,non-stop,Economy,41.0,8806.32,1360
650,IndiGo,Chennai,cochin,27-Nov-2025,3:00,1h 18m,2+ stops,economy,12.0,4318.3,500
651,AirAsia,Banglore,cochin,27-Feb-2025,21:00,5h 49m,1 stop,Business,27.0,8531.74,360
652,AIR INDIA,Bangalore,HYDERABAD,2025-09-12,22:00,2h 11m,2+ stops,Business,52.0,10779.01,500
653,AirAsia,delhi,Delhi,09-Apr-2025,9:45,0h 57m,Non Stop,Eco,13.0,7025.66,1030
654,Spice Jet,Delhi,HYDERABAD,19-Jun-2025,8:15,2h 17m,non-stop,BUSINESS,50.0,24934.87,1260
655,GoAir,Hyderabad,Cochin,01/11/2025,1:45,7h 59m,2+ stops,economy,43.0,5541.25,700
656,Air India,Hyderabad,Mumbai,07/08/2025,23:00,4h 43m,2 stops,Business,,15792.52,620
657,Vistara,Bangalore,Mumbai,11/07/2025,19:00,1h 23m,,Biz,24.0,18826.91,840
658,indigo,Chennai,Kolkata,25-Feb-2025,18:15,5h 50m,non-stop,Economy,2.0,9950.71,1360
659,Go Air,MUMBAI,HYDERABAD,08-Dec-2025,1:15,1h 31m,Non Stop,Economy,39.0,4181.97,620
660,GoAir,Delhi,Bangalore,16/04/2025,8:30,1h 38m,2+ stops,economy,59.0,,1740
661,Go Air,Hyderabad,Delhi,2025-06-30,4:15,3h 20m,2+ stops,Economy,21.0,10125.18,1260
662,indigo,Banglore,Delhi,02/08/2025,22:30,1h 36m,2+ stops,Biz,1.0,46237.47,1740
663,AIR INDIA,Mumbai,Delhi,03/10/2025,13:00,2h 52m,1 Stop,Biz,11.0,27217.15,1150
664,AirAsia,MUMBAI,Mumbai,2025-01-16,1:15,2h 11m,2+ stops,Economy,11.0,8263.09,1030
665,Go Air,Banglore,HYDERABAD,09/12/2025,15:45,4h 24m,Non Stop,BUSINESS,48.0,9148.98,500
666,IndiGo,Hyderabad,Delhi,02/06/2025,2:45,0h 57m,2 stops,Economy,47.0,9403.62,1260
667,Go Air,Kolkata,Hyderabad,10/03/2025,11:45,6h 12m,2+ stops,Business,6.0,27441.61,1190
668,IndiGo,Chenai,cochin,07/06/2025,18:00,6h 2m,2 stops,BUSINESS,10.0,12421.51,500
669,GoAir,Chenai,Cochin,2025-07-16,15:45,2h 1m,non-stop,economy,11.0,3748.01,500
670,SpiceJet,MUMBAI,Cochin,19-Jul-2025,9:30,3h 34m,Non Stop,economy,16.0,5552.05,860
671,indigo,Hyderabad,Chennai,07-Jan-2025,11:30,1h 58m,2+ stops,Eco,29.0,3994.88,515
672,,Delhi,Mumbai,06/03/2025,10:00,2h 25m,1 Stop,Biz,45.0,23238.01,1150
673,Vistara,Chenai,Mumbai,19/10/2025,17:00,1h 1m,1 Stop,Economy,17.0,7667.47,1030
674,AirAsia,Bangalore,Mumbai,2025-03-27,3:00,1h 17m,2+ stops,Business,60.0,16623.77,840
675,Spice Jet,Hyderabad,cochin,2025-03-18,8:45,2h 30m,2 stops,Biz,14.0,,700
676,indigo,Chennai,HYDERABAD,22-Dec-2025,2:15,3h 17m,non-stop,Business,10.0,11449.94,515
677,AIR INDIA,Delhi,Mumbai,10/21/2025,23:45,2h 54m,Non Stop,BUSINESS,2.0,24978.98,1150
678,indigo,Chennai,Cochin,2025-10-19,5:30,6h 5m,1 Stop,BUSINESS,33.0,11897.69,500
679,Spice Jet,Delhi,Hyderabad,06/13/2025,4:45,3h 27m,1 stop,Economy,34.0,9734.91,1260
680,IndiGo,Chenai,Chennai,04/03/2025,6:00,1h 29m,2 stops,Business,52.0,21286.81,1030
681,Spice Jet,Banglore,Hyderabad,10/08/2025,10:30,7h 0m,Non Stop,Biz,38.0,10324.67,500
682,SpiceJet,Bangalore,Cochin,11/29/2025,23:00,1h 55m,2+ stops,Economy,6.0,3190.48,360
683,GoAir,delhi,HYDERABAD,2025-11-07,15:00,1h 32m,,economy,44.0,8369.47,1260
684,AirAsia,Kolkata,Mumbai,06-Nov-2025,12:00,8h 1m,2 stops,BUSINESS,32.0,32344.4,1650
685,Air India,Bangalore,Delhi,30-Dec-2025,22:00,2h 16m,2 stops,Business,25.0,41133.26,1740
686,Go Air,Mumbai,cochin,10/04/2025,21:45,3h 11m,1 Stop,BUSINESS,20.0,,860
687,Spice Jet,MUMBAI,Delhi,05-Jan-2025,8:30,2h 7m,non-stop,Business,18.0,25788.41,1150
688,Vistara,Chenai,Hyderabad,2025-04-30,5:00,1h 58m,1 Stop,Biz,17.0,11632.88,515
689,AirAsia,delhi,Delhi,17-Nov-2025,2:15,2h 35m,non-stop,economy,24.0,6627.16,1030
690,AIR INDIA,Banglore,HYDERABAD,05/06/2025,8:15,2h 34m,2 stops,BUSINESS,6.0,,500
691,Air India,Chennai,Cochin,08/29/2025,2:15,2h 27m,,Economy,33.0,4550.85,500
692,IndiGo,Kolkata,Hyderabad,11/06/2025,9:30,1h 49m,1 stop,Eco,21.0,8461.96,1190
693,AIR INDIA,Chenai,Delhi,23-Aug-2025,6:00,3h 24m,1 stop,economy,43.0,11970.52,1760
694,GoAir,Banglore,Delhi,28-Jul-2025,6:00,2h 39m,1 Stop,Eco,58.0,11129.43,1740
695,Go Air,Chenai,Kolkata,11-Mar-2025,16:30,0h 57m,1 stop,economy,4.0,10628.57,1360
696,Air India,Chenai,HYDERABAD,2025-03-11,20:15,2h 14m,1 Stop,Business,49.0,,515
697,indigo,Banglore,Mumbai,25-Mar-2025,3:15,0h 37m,,Biz,30.0,17767.11,840
698,Go Air,MUMBAI,HYDERABAD,26/07/2025,8:15,1h 19m,1 Stop,BUSINESS,35.0,12347.12,620
699,IndiGo,MUMBAI,Cochin,06/01/2025,20:15,4h 30m,,BUSINESS,27.0,20023.37,860
700,Spice Jet,delhi,Bangalore,2025-10-13,8:45,9h 22m,1 Stop,BUSINESS,35.0,32729.64,1740
701,AirAsia,Banglore,Cochin,02/07/2025,23:30,4h 25m,2+ stops,Economy,52.0,2910.73,360
702,AirAsia,Delhi,Mumbai,04/01/2025,1:15,1h 36m,,economy,20.0,7476.93,1150
703,Air India,Hyderabad,Bangalore,2025-06-21,20:00,1h 20m,2+ stops,Business,15.0,12010.06,500
704,IndiGo,Mumbai,cochin,14/12/2025,5:45,3h 24m,1 Stop,economy,44.0,6107.77,860
705,AirAsia,Kolkata,Delhi,21/02/2025,4:15,6h 7m,2 stops,Eco,23.0,9944.93,1300
706,Go Air,MUMBAI,cochin,03/16/2025,4:30,1h 10m,Non Stop,Business,38.0,16259.65,860
707,,Kolkata,cochin,05-Jan-2025,16:45,2h 4m,,BUSINESS,46.0,39156.95,1900
708,indigo,Delhi,Bangalore,2025-06-07,8:45,2h 44m,1 Stop,Biz,39.0,35621.18,1740
709,Go Air,Delhi,Bangalore,11/09/2025,13:30,3h 36m,,Biz,46.0,33328.9,1740
710,AirAsia,MUMBAI,Delhi,10-Mar-2025,1:15,5h 21m,,economy,33.0,7396.86,1150
711,AirAsia,Banglore,HYDERABAD,09/08/2025,8:00,0h 58m,,Economy,23.0,3430.28,500
712,Air India,MUMBAI,cochin,08/01/2025,4:00,3h 59m,2+ stops,BUSINESS,31.0,21503.14,860
713,AIR INDIA,Chennai,Mumbai,26/07/2025,17:00,3h 46m,2+ stops,Economy,42.0,8740.17,1030
714,Air India,delhi,Kolkata,03/06/2025,2:45,1h 58m,Non Stop,BUSINESS,,28534.84,1300
715,IndiGo,Mumbai,HYDERABAD,09/06/2025,20:45,1h 42m,1 stop,BUSINESS,43.0,12578.2,620
716,AIR INDIA,Bangalore,Delhi,31-Jan-2025,11:15,1h 47m,,Business,30.0,38080.72,1740
717,Spice Jet,Chenai,Chennai,2025-04-17,14:45,1h 36m,1 Stop,Economy,17.0,8735.6,1030
718,Vistara,MUMBAI,HYDERABAD,11-Aug-2025,3:00,1h 45m,1 Stop,Biz,40.0,15053.1,620
719,GoAir,Chenai,Kolkata,02/05/2025,3:30,1h 25m,2 stops,economy,32.0,9599.84,1360
720,SpiceJet,Mumbai,Bangalore,2025-01-19,9:00,2h 13m,2+ stops,Biz,27.0,18132.83,840
721,IndiGo,delhi,Hyderabad,2025-06-24,15:15,5h 13m,2+ stops,Eco,46.0,9421.81,1260
722,AIR INDIA,Chennai,HYDERABAD,19/01/2025,19:15,,1 Stop,BUSINESS,15.0,12208.0,515
723,AIR INDIA,Bangalore,Mumbai,26-Jan-2025,5:45,3h 7m,1 stop,BUSINESS,11.0,20480.53,840
724,GoAir,Bangalore,HYDERABAD,09-Jan-2025,8:00,1h 7m,non-stop,Business,38.0,8247.54,500
725,Air India,Banglore,Hyderabad,05-Oct-2025,19:45,4h 50m,2 stops,Eco,18.0,4243.92,500
726,Vistara,Mumbai,Bangalore,24/04/2025,10:15,6h 22m,2+ stops,BUSINESS,39.0,20464.85,840
727,indigo,Mumbai,cochin,22/04/2025,3:30,7h 38m,2 stops,Economy,5.0,7606.3,860
728,AIR INDIA,Chenai,Kolkata,07/30/2025,20:45,2h 23m,1 Stop,Economy,43.0,10021.09,1360
729,Air India,Chennai,Mumbai,20-Oct-2025,16:00,2h 18m,2+ stops,economy,8.0,10056.98,1030
730,SpiceJet,Kolkata,Bangalore,10-May-2025,12:00,1h 37m,,Biz,26.0,28369.21,1560
731,Vistara,delhi,Mumbai,2025-10-22,3:15,1h 50m,2 stops,Economy,22.0,9379.5,1150
732,GoAir,Chenai,Cochin,30/06/2025,9:45,2h 5m,Non Stop,Economy,3.0,4068.11,500
733,AirAsia,Bangalore,Chennai,2025-10-29,20:00,3h 13m,,Eco,9.0,2469.12,290
734,Spice Jet,MUMBAI,Kolkata,04-Feb-2025,5:45,4h 0m,1 Stop,Business,24.0,35070.57,1650
735,AirAsia,delhi,Chennai,11/16/2025,0:30,3h 58m,non-stop,Eco,12.0,12918.81,1760
736,,Hyderabad,HYDERABAD,2025-05-20,3:15,2h 42m,2 stops,economy,,7531.8,1030
737,AIR INDIA,delhi,Mumbai,03/21/2025,7:30,1h 54m,,Business,,,1150
738,Air India,Bangalore,cochin,12/11/2025,23:45,0h 55m,2 stops,Economy,30.0,3076.48,360
739,AIR INDIA,Chennai,HYDERABAD,07/24/2025,2:15,1h 21m,non-stop,BUSINESS,1.0,10750.39,515
740,AirAsia,Banglore,cochin,07/02/2025,14:30,,2 stops,Biz,55.0,6725.6,360
741,AirAsia,MUMBAI,Hyderabad,02/22/2025,15:45,7h 24m,,BUSINESS,3.0,13929.7,620
742,Vistara,Delhi,Chennai,31/03/2025,13:00,2h 26m,1 stop,Business,38.0,41315.93,1760
743,SpiceJet,Kolkata,Cochin,09-Apr-2025,16:15,3h 54m,non-stop,Business,31.0,37276.16,1900
744,SpiceJet,Banglore,Bangalore,06-Feb-2025,20:15,3h 22m,2 stops,Eco,24.0,7494.28,1030
745,Vistara,Chenai,Delhi,04-Oct-2025,7:45,4h 2m,2 stops,Economy,9.0,14890.38,1760
746,Air India,Bangalore,Hyderabad,10/01/2025,5:45,4h 2m,2 stops,Biz,56.0,12223.44,500
747,indigo,Chennai,Kolkata,2025-06-22,7:45,1h 38m,2+ stops,Eco,52.0,9608.84,1360
748,AirAsia,Chenai,Kolkata,04/12/2025,7:30,3h 42m,1 Stop,Economy,41.0,8872.26,1360
749,AIR INDIA,Delhi,Cochin,2025-06-14,11:30,3h 42m,2 stops,Eco,33.0,16803.75,2100
750,AIR INDIA,Bangalore,HYDERABAD,2025-07-10,18:15,6h 32m,2 stops,Business,5.0,14362.51,500
751,IndiGo,Hyderabad,cochin,24/05/2025,6:15,1h 25m,,Business,34.0,15445.69,700
752,AIR INDIA,Chenai,Cochin,2025-12-16,4:15,3h 34m,1 Stop,Biz,35.0,10618.91,500
753,,Kolkata,Bangalore,23-Apr-2025,17:30,4h 5m,,Business,16.0,31445.47,1560
754,Vistara,Banglore,Bangalore,06/07/2025,21:45,0h 52m,2 stops,economy,3.0,9505.24,1030
755,indigo,Chenai,Kolkata,2025-06-18,22:30,2h 17m,2+ stops,economy,22.0,10754.75,1360
756,IndiGo,MUMBAI,Bangalore,03/15/2025,3:30,1h 33m,Non Stop,economy,15.0,5965.89,840
757,AirAsia,MUMBAI,Delhi,10-Mar-2025,1:15,5h 21m,,economy,33.0,8243.59,1150
758,AirAsia,Delhi,Hyderabad,08/11/2025,3:30,1h 55m,1 Stop,Business,22.0,24480.51,1260
759,AirAsia,Hyderabad,Mumbai,2025-03-04,14:45,3h 49m,,Economy,50.0,4233.9,620
760,AIR INDIA,Bangalore,Kolkata,05/20/2025,11:15,6h 29m,,Biz,40.0,36061.44,1560
761,AIR INDIA,Bangalore,HYDERABAD,29-Oct-2025,3:15,3h 45m,2+ stops,economy,32.0,4493.83,500
762,SpiceJet,Kolkata,Bangalore,14-May-2025,1:15,6h 39m,2+ stops,Eco,46.0,12460.07,1560
763,,Kolkata,Bangalore,2025-11-22,0:15,0h 49m,non-stop,,,10050.59,1560
764,Spice Jet,Chenai,cochin,19-Mar-2025,0:45,2h 27m,,Economy,46.0,3739.13,500
765,Spice Jet,Bangalore,Chennai,2025-05-03,12:45,6h 29m,Non Stop,Eco,40.0,2833.65,290
766,Air India,Delhi,Kolkata,2025-05-06,4:00,3h 22m,2 stops,Eco,48.0,9255.47,1300
767,AirAsia,Chennai,HYDERABAD,2025-03-16,15:30,2h 32m,1 Stop,economy,22.0,3661.92,515
768,indigo,Hyderabad,Chennai,02/10/2025,23:30,0h 51m,2 stops,Eco,16.0,4447.97,515
769,SpiceJet,Mumbai,Delhi,2025-01-28,19:15,2h 29m,,economy,54.0,7988.97,1150
770,SpiceJet,Chennai,Mumbai,29-Jul-2025,14:45,2h 2m,,Biz,14.0,21181.83,1030
771,,Banglore,Delhi,06/23/2025,22:00,3h 48m,Non Stop,Business,,33222.32,1740
772,AirAsia,Delhi,Cochin,05/11/2025,19:45,2h 48m,,BUSINESS,10.0,43784.1,2100
773,Vistara,Bangalore,HYDERABAD,22-Nov-2025,11:45,3h 27m,,Eco,35.0,4668.05,500
774,SpiceJet,Delhi,HYDERABAD,24/02/2025,4:15,2h 37m,1 stop,Economy,1.0,8689.75,1260
775,SpiceJet,Hyderabad,Kolkata,11/06/2025,17:00,4h 8m,Non Stop,Business,18.0,21856.73,1190
776,SpiceJet,Bangalore,Chennai,29/01/2025,19:15,1h 48m,1 stop,Biz,40.0,6008.71,290
777,SpiceJet,Kolkata,Hyderabad,2025-11-04,18:15,1h 23m,1 Stop,Eco,43.0,8144.08,1190
778,Air India,Delhi,Chennai,2025-05-15,14:15,6h 43m,2+ stops,BUSINESS,22.0,43346.32,1760
779,Spice Jet,Mumbai,Cochin,08/29/2025,22:15,2h 55m,,Economy,4.0,6784.89,860
780,GoAir,delhi,Hyderabad,30/04/2025,17:00,,,Eco,59.0,7600.71,1260
781,Spice Jet,delhi,cochin,01/22/2025,3:45,5h 55m,,Economy,29.0,12640.97,2100
782,SpiceJet,Delhi,Cochin,27-Mar-2025,21:15,2h 6m,non-stop,Biz,18.0,39856.98,2100
783,Go Air,Mumbai,Delhi,14-Mar-2025,8:15,1h 57m,non-stop,BUSINESS,5.0,22963.21,1150
784,GoAir,Hyderabad,Chennai,2025-01-04,4:45,1h 28m,non-stop,Biz,10.0,10148.97,515
785,AIR INDIA,Kolkata,Cochin,10/05/2025,21:00,2h 12m,non-stop,economy,40.0,12582.21,1900
786,SpiceJet,Chennai,Mumbai,13-Oct-2025,7:30,1h 51m,,economy,44.0,6121.31,1030
787,Vistara,Delhi,Chennai,2025-03-12,2:15,1h 23m,2+ stops,BUSINESS,18.0,44332.86,1760
788,Go Air,Chennai,Hyderabad,18-Dec-2025,8:00,3h 18m,2 stops,Business,5.0,12138.36,515
789,Air India,Bangalore,Mumbai,2025-11-06,0:45,4h 44m,1 Stop,economy,34.0,7346.21,840
790,AirAsia,Bangalore,cochin,12/13/2025,5:30,3h 14m,2+ stops,Business,40.0,8121.22,360
791,AirAsia,Bangalore,cochin,2025-01-11,8:30,1h 53m,2 stops,Eco,5.0,2769.05,360
792,Spice Jet,MUMBAI,cochin,2025-12-24,15:15,1h 7m,2 stops,BUSINESS,7.0,17640.32,860
793,Go Air,MUMBAI,Delhi,08/30/2025,23:15,2h 4m,2+ stops,Biz,58.0,23109.17,1150
794,Vistara,MUMBAI,Mumbai,14/07/2025,15:15,1h 2m,,Economy,54.0,,1030
795,AIR INDIA,Chennai,Hyderabad,12-May-2025,6:15,1h 41m,non-stop,economy,28.0,4180.59,515
796,Go Air,Bangalore,cochin,2025-12-28,16:15,1h 34m,,BUSINESS,53.0,6017.24,360
797,GoAir,Mumbai,HYDERABAD,25-Apr-2025,5:30,3h 3m,1 stop,Biz,48.0,11171.36,620
798,Go Air,Mumbai,Bangalore,22-May-2025,5:30,1h 46m,Non Stop,Biz,9.0,16615.87,840
799,SpiceJet,Mumbai,Kolkata,10-Nov-2025,17:45,3h 55m,non-stop,Economy,9.0,11805.27,1650
800,GoAir,Chennai,Mumbai,08/20/2025,7:30,0h 54m,2+ stops,Biz,17.0,23482.43,1030
801,GoAir,Chenai,Delhi,12/04/2025,1:30,2h 10m,Non Stop,Biz,60.0,30189.96,1760
802,AIR INDIA,Chenai,Kolkata,01/29/2025,8:30,2h 52m,1 stop,Biz,7.0,33198.57,1360
803,GoAir,Kolkata,Cochin,2025-11-10,13:45,1h 48m,1 Stop,Biz,33.0,36550.16,1900
804,SpiceJet,delhi,HYDERABAD,18-Feb-2025,7:15,2h 34m,2+ stops,Business,23.0,28812.1,1260
805,AIR INDIA,Hyderabad,Kolkata,2025-09-16,2:30,2h 23m,2+ stops,BUSINESS,46.0,28370.16,1190
806,Air India,Bangalore,HYDERABAD,23-Aug-2025,6:00,1h 11m,non-stop,economy,29.0,3936.79,500
807,Spice Jet,MUMBAI,Kolkata,11/16/2025,1:15,1h 49m,1 stop,Eco,22.0,11202.31,1650
808,GoAir,Bangalore,Kolkata,05/20/2025,12:15,3h 46m,2 stops,Economy,39.0,10750.67,1560
809,Spice Jet,Chenai,Bangalore,2025-10-06,18:30,1h 1m,,Business,17.0,6396.38,290
810,SpiceJet,Chennai,Delhi,05/30/2025,3:45,2h 33m,,BUSINESS,53.0,33137.18,1760
811,GoAir,MUMBAI,Cochin,05/13/2025,9:45,5h 22m,Non Stop,Eco,20.0,6271.25,860
812,Spice Jet,Hyderabad,Kolkata,03/12/2025,23:15,2h 33m,2 stops,Biz,13.0,27890.26,1190
813,SpiceJet,Hyderabad,HYDERABAD,06-Sep-2025,7:45,1h 30m,non-stop,BUSINESS,24.0,20240.69,1030
814,indigo,MUMBAI,Mumbai,2025-02-03,17:00,4h 1m,2+ stops,Eco,25.0,8059.26,1030
815,GoAir,MUMBAI,Chennai,07/29/2025,20:00,2h 15m,2 stops,Biz,31.0,22013.39,1030
816,AirAsia,Chennai,cochin,07/31/2025,2:15,1h 51m,,Business,54.0,8314.45,500
817,IndiGo,Chennai,Kolkata,21-Sep-2025,23:45,4h 24m,Non Stop,Business,48.0,24341.78,1360
818,SpiceJet,MUMBAI,HYDERABAD,2025-04-28,23:00,2h 9m,1 stop,Business,22.0,13067.22,620
819,indigo,Kolkata,HYDERABAD,12/26/2025,13:15,2h 2m,,economy,6.0,9409.31,1190
820,SpiceJet,Hyderabad,cochin,21-Oct-2025,13:00,1h 42m,non-stop,Eco,14.0,4596.06,700
821,Vistara,Chennai,Cochin,26-Aug-2025,19:00,3h 16m,,Biz,56.0,,500
822,IndiGo,Chenai,Chennai,2025-05-21,17:45,1h 24m,1 stop,economy,60.0,6608.22,1030
823,Spice Jet,Bangalore,HYDERABAD,01/14/2025,22:15,1h 19m,Non Stop,economy,52.0,3213.73,500
824,Air India,Banglore,Chennai,18/09/2025,11:30,2h 55m,1 Stop,Economy,48.0,2715.99,290
825,Go Air,Chenai,cochin,16-Apr-2025,17:15,2h 8m,1 Stop,economy,4.0,4034.95,500
826,Go Air,Chenai,Cochin,2025-07-20,22:00,8h 15m,non-stop,Business,49.0,9651.12,500
827,AirAsia,delhi,Chennai,2025-08-14,17:30,0h 42m,1 stop,Business,24.0,32256.95,1760
828,Vistara,Delhi,Cochin,13/03/2025,10:45,2h 57m,1 stop,Economy,11.0,16040.46,2100
829,SpiceJet,Banglore,Delhi,01/01/2025,14:30,3h 0m,,Eco,55.0,12005.99,1740
830,AIR INDIA,Chennai,HYDERABAD,28/10/2025,7:00,2h 5m,2+ stops,economy,59.0,4411.43,515
831,SpiceJet,delhi,Kolkata,22/03/2025,6:15,1h 51m,non-stop,Business,44.0,,1300
832,SpiceJet,Bangalore,cochin,05/08/2025,8:45,1h 54m,2 stops,economy,17.0,3097.93,360
833,IndiGo,Chennai,Mumbai,01/24/2025,2:00,2h 57m,1 stop,Economy,12.0,7893.67,1030
834,Air India,MUMBAI,Kolkata,09-Jun-2025,2:45,1h 21m,non-stop,Business,24.0,35316.17,1650
835,Go Air,Chenai,cochin,05-Dec-2025,20:00,,,Economy,28.0,3717.29,500
836,AIR INDIA,Kolkata,HYDERABAD,05/19/2025,20:00,3h 38m,2 stops,Eco,45.0,8966.45,1190
837,Spice Jet,MUMBAI,Cochin,05/12/2025,15:45,1h 21m,1 stop,Economy,8.0,6186.43,860
838,indigo,Mumbai,Hyderabad,2025-03-16,10:45,0h 36m,2 stops,Biz,46.0,13097.56,620
839,AIR INDIA,Kolkata,Delhi,2025-05-05,22:00,2h 17m,non-stop,Eco,42.0,9077.47,1300
840,Spice Jet,delhi,HYDERABAD,06/15/2025,17:30,5h 19m,non-stop,BUSINESS,47.0,24067.18,1260
841,Vistara,Hyderabad,Chennai,20/09/2025,20:30,4h 50m,1 stop,Business,13.0,14555.63,515
842,IndiGo,Chenai,cochin,07-Jun-2025,7:15,0h 54m,,Eco,33.0,3574.02,500
843,AIR INDIA,Bangalore,HYDERABAD,06/06/2025,20:30,4h 10m,1 Stop,economy,52.0,3704.38,500
844,SpiceJet,delhi,HYDERABAD,08/01/2025,8:15,2h 31m,2 stops,economy,,7948.04,1260
845,Air India,Chenai,Mumbai,27-Oct-2025,15:45,1h 37m,2+ stops,economy,23.0,8755.55,1030
846,Air India,Chenai,Bangalore,09-Apr-2025,13:15,2h 28m,,Eco,50.0,2417.98,290
847,AIR INDIA,Delhi,Hyderabad,21-Jan-2025,23:30,5h 28m,1 Stop,Eco,47.0,9750.58,1260
848,Vistara,Chennai,Delhi,2025-12-09,14:15,6h 25m,1 stop,Biz,3.0,44621.86,1760
849,Spice Jet,Bangalore,Delhi,15-Aug-2025,18:30,3h 42m,2 stops,Biz,28.0,32674.27,1740
850,AIR INDIA,Chennai,Cochin,13-Mar-2025,10:30,1h 45m,1 Stop,BUSINESS,49.0,9734.09,500
851,AIR INDIA,Mumbai,Bangalore,21-Jan-2025,12:30,1h 10m,1 Stop,BUSINESS,15.0,20097.25,840
852,GoAir,Kolkata,Mumbai,2025-07-16,10:15,3h 5m,2 stops,Economy,35.0,11431.44,1650
853,Go Air,Banglore,Cochin,01/03/2025,0:45,4h 35m,1 stop,Business,36.0,7247.01,360
854,IndiGo,Kolkata,Mumbai,04/08/2025,5:15,1h 23m,non-stop,Business,55.0,27506.6,1650
855,IndiGo,MUMBAI,Bangalore,02/01/2025,3:30,1h 19m,Non Stop,economy,52.0,5710.02,840
856,indigo,MUMBAI,Cochin,08/06/2025,20:45,2h 21m,2 stops,BUSINESS,17.0,21025.62,860
857,indigo,delhi,Kolkata,24-Jul-2025,23:00,1h 43m,1 Stop,Biz,28.0,27682.63,1300
858,AIR INDIA,Delhi,Hyderabad,07/17/2025,16:30,3h 9m,1 stop,Business,53.0,25333.97,1260
859,Go Air,Bangalore,Cochin,13/11/2025,18:45,1h 26m,non-stop,Biz,48.0,6663.62,360
860,,Delhi,Hyderabad,01-Jan-2025,11:45,4h 37m,2 stops,economy,3.0,9491.09,1260
861,AirAsia,Chennai,Cochin,02-Jul-2025,21:45,3h 16m,2+ stops,Eco,16.0,4292.74,500
862,AIR INDIA,MUMBAI,cochin,14/10/2025,1:00,3h 7m,1 stop,economy,3.0,7409.62,860
863,AirAsia,Chenai,HYDERABAD,05/07/2025,11:15,6h 11m,2 stops,Business,55.0,8992.99,515
864,SpiceJet,Chennai,cochin,2025-10-10,4:30,0h 37m,non-stop,Eco,41.0,3281.17,500
865,Vistara,Chennai,Cochin,04/28/2025,15:00,0h 56m,Non Stop,Business,1.0,12561.4,500
866,AIR INDIA,Bangalore,Chennai,03/06/2025,14:45,3h 47m,,economy,48.0,2595.54,290
867,Air India,Delhi,Cochin,2025-01-11,17:00,1h 26m,non-stop,Economy,3.0,16067.02,2100
868,AirAsia,Mumbai,cochin,21/09/2025,13:30,1h 5m,1 Stop,BUSINESS,23.0,15330.45,860
869,AirAsia,Banglore,Mumbai,09-Dec-2025,1:30,2h 6m,2 stops,economy,60.0,5590.53,840
870,indigo,MUMBAI,Cochin,04/09/2025,20:00,2h 48m,1 stop,Business,39.0,17031.73,860
871,AirAsia,Mumbai,cochin,2025-03-02,6:30,2h 42m,,Eco,,5055.0,860
872,Go Air,delhi,Mumbai,10/14/2025,1:00,8h 19m,2 stops,Business,16.0,24223.54,1150
873,AIR INDIA,MUMBAI,Chennai,11-Mar-2025,0:00,1h 19m,2+ stops,Eco,46.0,8773.38,1030
874,Vistara,Banglore,Kolkata,2025-05-09,7:15,1h 26m,1 Stop,Economy,38.0,11800.01,1560
875,Spice Jet,Chennai,HYDERABAD,03/22/2025,14:30,,1 Stop,BUSINESS,20.0,11856.85,515
876,IndiGo,Bangalore,Delhi,2025-05-18,20:00,4h 5m,,Economy,1.0,13828.83,1740
877,GoAir,Banglore,HYDERABAD,04-Feb-2025,22:15,2h 4m,1 stop,Biz,3.0,10919.35,500
878,Go Air,delhi,cochin,26/09/2025,12:15,3h 51m,Non Stop,BUSINESS,25.0,39161.13,2100
879,Vistara,Hyderabad,Cochin,28/04/2025,10:45,1h 46m,2+ stops,Business,5.0,19014.22,700
880,Vistara,Chenai,Mumbai,28/05/2025,13:00,2h 46m,non-stop,economy,39.0,7755.61,1030
881,Go Air,Kolkata,Bangalore,23/02/2025,17:45,,1 stop,Economy,16.0,10725.15,1560
882,AIR INDIA,Mumbai,Bangalore,25-Nov-2025,20:45,2h 27m,2 stops,Business,57.0,19041.24,840
883,GoAir,Mumbai,Bangalore,11/23/2025,10:15,0h 46m,1 stop,Eco,38.0,5251.49,840
884,Air India,Hyderabad,Bangalore,2025-06-08,7:15,3h 1m,2+ stops,Biz,39.0,11480.01,500
885,SpiceJet,Hyderabad,Mumbai,2025-03-25,5:00,1h 47m,Non Stop,economy,20.0,4096.09,620
886,Go Air,delhi,Mumbai,2025-06-26,13:45,2h 25m,,Economy,7.0,9277.17,1150
887,IndiGo,Bangalore,Cochin,2025-09-24,1:45,1h 28m,2+ stops,Economy,25.0,3213.62,360
888,AirAsia,Delhi,cochin,03/03/2025,17:15,2h 49m,1 stop,Economy,10.0,14413.45,2100
889,Spice Jet,Banglore,Chennai,02/24/2025,9:30,0h 58m,,Economy,19.0,2154.39,290
890,Spice Jet,Kolkata,Hyderabad,05/15/2025,5:15,1h 3m,2 stops,BUSINESS,,25462.63,1190
891,Go Air,Banglore,Mumbai,11/14/2025,22:45,1h 54m,2 stops,Eco,37.0,5864.76,840
892,AIR INDIA,delhi,Cochin,2025-02-20,5:30,2h 18m,,Eco,44.0,15581.12,2100
893,IndiGo,Delhi,Bangalore,03/12/2025,7:15,0h 48m,2+ stops,Business,31.0,36701.9,1740
894,indigo,Delhi,Chennai,05/01/2025,20:45,1h 7m,Non Stop,BUSINESS,55.0,32842.01,1760
895,,Hyderabad,HYDERABAD,2025-10-04,10:30,2h 21m,Non Stop,Eco,12.0,7362.8,1030
896,Air India,delhi,HYDERABAD,17-May-2025,18:15,4h 13m,,BUSINESS,48.0,25922.98,1260
897,Vistara,MUMBAI,HYDERABAD,2025-05-17,22:15,5h 20m,2 stops,Eco,13.0,6196.63,620
898,AIR INDIA,Kolkata,Mumbai,10/17/2025,5:00,3h 53m,2 stops,economy,59.0,11176.28,1650
899,SpiceJet,Kolkata,Hyderabad,2025-06-30,21:15,1h 1m,Non Stop,economy,32.0,7979.3,1190
900,Vistara,Chenai,Hyderabad,21-Jun-2025,23:30,1h 38m,2 stops,Biz,13.0,13880.56,515
901,IndiGo,Delhi,Bangalore,04/09/2025,15:00,1h 3m,,Economy,23.0,11829.65,1740
902,Go Air,Hyderabad,Chennai,05/06/2025,23:45,3h 55m,1 Stop,Eco,4.0,3930.07,515
903,AIR INDIA,Bangalore,Hyderabad,30/03/2025,23:30,8h 51m,Non Stop,Business,,11508.71,500
904,Go Air,Kolkata,Cochin,11/14/2025,13:45,3h 37m,1 stop,Eco,20.0,13227.7,1900
905,Vistara,Delhi,HYDERABAD,12/21/2025,14:15,5h 0m,1 stop,Eco,25.0,10404.48,1260
906,Spice Jet,Banglore,Cochin,2025-11-13,23:30,6h 8m,2+ stops,Business,3.0,9241.66,360
907,AIR INDIA,MUMBAI,Chennai,28/08/2025,20:15,3h 59m,1 Stop,BUSINESS,37.0,25432.93,1030
908,Go Air,Hyderabad,Kolkata,09/02/2025,3:00,3h 40m,non-stop,BUSINESS,4.0,23143.59,1190
909,GoAir,Mumbai,Kolkata,10/12/2025,20:15,0h 50m,,Eco,9.0,10264.38,1650
910,Spice Jet,Mumbai,cochin,07/05/2025,8:15,1h 40m,non-stop,Economy,40.0,5898.1,860
911,IndiGo,Bangalore,Cochin,21/03/2025,20:45,1h 45m,1 stop,economy,25.0,3220.65,360
912,Air India,delhi,Chennai,30/10/2025,10:15,1h 3m,non-stop,BUSINESS,6.0,41070.73,1760
913,Air India,Chenai,Hyderabad,02/18/2025,12:30,1h 20m,2 stops,Business,4.0,12281.92,515
914,GoAir,Kolkata,Cochin,24-May-2025,17:00,3h 20m,1 Stop,Business,15.0,38013.11,1900
915,Vistara,Hyderabad,HYDERABAD,22/05/2025,3:30,6h 48m,,BUSINESS,52.0,21554.85,1030
916,AIR INDIA,Chenai,Mumbai,2025-06-02,12:15,1h 23m,1 Stop,Economy,55.0,7765.78,1030
917,SpiceJet,Banglore,Cochin,2025-07-09,13:15,2h 30m,non-stop,economy,20.0,2569.99,360
918,IndiGo,Hyderabad,cochin,03/04/2025,16:45,3h 7m,2+ stops,Biz,22.0,16188.45,700
919,Go Air,Bangalore,HYDERABAD,10-Oct-2025,1:45,1h 32m,1 Stop,BUSINESS,50.0,8852.86,500
920,AIR INDIA,Banglore,Chennai,2025-10-16,22:30,3h 1m,2+ stops,Business,33.0,7518.75,290
921,SpiceJet,Bangalore,HYDERABAD,2025-11-20,5:15,5h 13m,2+ stops,BUSINESS,14.0,11527.36,500
922,Spice Jet,delhi,Cochin,2025-06-17,3:00,1h 55m,1 stop,Business,26.0,42242.91,2100
923,IndiGo,Banglore,Delhi,2025-04-11,23:30,1h 58m,,,48.0,34404.23,1740
924,Air India,Bangalore,Kolkata,08/09/2025,13:30,0h 40m,1 stop,Economy,33.0,11057.09,1560
925,indigo,Delhi,Hyderabad,26/08/2025,17:15,3h 28m,non-stop,economy,12.0,9581.46,1260
926,GoAir,Delhi,HYDERABAD,09/22/2025,23:00,,2 stops,BUSINESS,40.0,24866.94,1260
927,GoAir,Banglore,Chennai,13-Aug-2025,3:45,1h 19m,1 stop,Biz,57.0,5183.86,290
928,Vistara,Delhi,Cochin,27/08/2025,23:15,7h 40m,,,40.0,18826.7,2100
929,Spice Jet,Mumbai,Kolkata,07/06/2025,13:45,5h 16m,,BUSINESS,47.0,32279.16,1650
930,Go Air,Hyderabad,Kolkata,02/01/2025,14:45,2h 51m,2+ stops,economy,40.0,8440.49,1190
931,AirAsia,Hyderabad,Kolkata,19/06/2025,6:30,3h 18m,1 Stop,Eco,,8560.0,1190
932,SpiceJet,Bangalore,Delhi,2025-04-25,22:45,0h 51m,1 Stop,Biz,32.0,37818.09,1740
933,SpiceJet,Delhi,Bangalore,07-Jul-2025,21:45,6h 0m,1 stop,Economy,45.0,11542.66,1740
934,IndiGo,Chennai,Mumbai,02/04/2025,5:30,1h 46m,2+ stops,economy,51.0,7795.35,1030
935,AIR INDIA,Kolkata,Chennai,10/02/2025,9:30,1h 53m,1 Stop,BUSINESS,18.0,29681.85,1360
936,IndiGo,Chenai,Mumbai,31/05/2025,15:30,2h 46m,non-stop,Business,41.0,19941.6,1030
937,Go Air,MUMBAI,Bangalore,03-Jun-2025,13:30,0h 42m,,Economy,1.0,6028.72,840
938,SpiceJet,Mumbai,Cochin,14-Mar-2025,4:15,2h 4m,2+ stops,economy,44.0,6360.09,860
939,SpiceJet,Delhi,HYDERABAD,03/22/2025,20:45,1h 27m,Non Stop,Business,42.0,23574.96,1260
940,SpiceJet,Bangalore,Kolkata,09/16/2025,8:15,3h 1m,1 Stop,BUSINESS,5.0,34130.2,1560
941,,Kolkata,HYDERABAD,16-Aug-2025,0:15,1h 2m,non-stop,Economy,41.0,8026.31,1190
942,IndiGo,Chennai,Hyderabad,28/04/2025,22:45,1h 59m,Non Stop,BUSINESS,26.0,,515
943,Air India,delhi,Bangalore,22-Sep-2025,18:15,2h 15m,,BUSINESS,48.0,35007.45,1740
944,IndiGo,Hyderabad,Delhi,24/07/2025,4:15,1h 43m,,economy,9.0,9224.27,1260
945,Go Air,MUMBAI,Delhi,08/19/2025,12:15,1h 22m,1 stop,economy,43.0,7318.19,1150
946,AIR INDIA,Hyderabad,Bangalore,22-Dec-2025,2:15,3h 58m,2 stops,BUSINESS,39.0,12642.57,500
947,AirAsia,MUMBAI,HYDERABAD,28/07/2025,12:30,2h 36m,,economy,36.0,3960.95,620
948,SpiceJet,Delhi,cochin,15-Apr-2025,14:45,3h 22m,,Business,49.0,38497.15,2100
949,Go Air,Kolkata,cochin,19/07/2025,17:30,5h 18m,Non Stop,,35.0,36939.95,1900
950,Air India,Chennai,HYDERABAD,06-Dec-2025,2:15,1h 49m,2 stops,Business,20.0,12431.39,515
951,AirAsia,MUMBAI,Hyderabad,03/09/2025,12:15,6h 43m,2+ stops,economy,57.0,4842.35,620
952,Air India,Chenai,Kolkata,18/11/2025,5:15,5h 38m,1 Stop,Biz,21.0,31376.2,1360
953,AIR INDIA,Banglore,Cochin,2025-12-11,14:00,4h 35m,2 stops,Economy,10.0,3665.79,360
954,AIR INDIA,Hyderabad,Cochin,27/09/2025,0:30,0h 58m,1 stop,Business,22.0,15979.88,700
955,Go Air,delhi,HYDERABAD,12/21/2025,17:00,4h 41m,non-stop,Biz,36.0,24238.85,1260
956,IndiGo,Mumbai,Delhi,18/01/2025,9:45,2h 15m,Non Stop,Biz,47.0,19945.37,1150
957,indigo,Mumbai,Cochin,04-Sep-2025,12:45,2h 55m,2 stops,Eco,27.0,,860
958,Vistara,Chennai,Cochin,19/01/2025,16:00,2h 23m,2 stops,BUSINESS,56.0,11813.59,500
959,AirAsia,Mumbai,HYDERABAD,12/14/2025,9:30,2h 34m,2 stops,Biz,55.0,11988.67,620
960,Spice Jet,Chennai,Mumbai,13/04/2025,9:00,1h 1m,non-stop,BUSINESS,26.0,21545.87,1030
961,IndiGo,Chennai,HYDERABAD,2025-07-08,22:45,2h 17m,Non Stop,Eco,23.0,3820.21,515
962,Go Air,Banglore,Delhi,02/26/2025,13:30,2h 46m,,Eco,56.0,11748.22,1740
963,Spice Jet,Mumbai,cochin,15-May-2025,4:45,2h 25m,1 stop,economy,51.0,5524.46,860
964,IndiGo,Chennai,HYDERABAD,2025-06-30,3:15,2h 17m,1 stop,Biz,17.0,12325.85,515
965,AIR INDIA,Kolkata,Hyderabad,15-Jan-2025,3:00,3h 22m,non-stop,Business,44.0,26037.91,1190
966,Go Air,Kolkata,Bangalore,2025-04-26,10:45,2h 46m,,economy,,9865.64,1560
967,AIR INDIA,Delhi,Chennai,23/04/2025,2:00,2h 31m,2+ stops,Eco,44.0,14324.91,1760
968,indigo,Banglore,Cochin,2025-01-08,1:00,3h 7m,non-stop,BUSINESS,9.0,8000.77,360
969,GoAir,Banglore,Mumbai,02/28/2025,6:15,1h 11m,non-stop,Business,49.0,15465.12,840
970,SpiceJet,delhi,Cochin,21-Sep-2025,16:00,4h 9m,1 Stop,Biz,51.0,38661.2,2100
971,Spice Jet,Mumbai,Bangalore,2025-12-30,15:00,0h 54m,1 Stop,Eco,7.0,6040.07,840
972,AirAsia,Chenai,Cochin,20-Sep-2025,21:15,3h 21m,non-stop,Business,1.0,10939.09,500
973,AirAsia,MUMBAI,cochin,09/15/2025,21:45,2h 4m,2 stops,BUSINESS,56.0,15733.86,860
974,Air India,Hyderabad,cochin,03/30/2025,22:00,0h 59m,1 Stop,economy,42.0,5623.77,700
975,AirAsia,Hyderabad,Cochin,07/05/2025,10:00,,1 Stop,Business,18.0,13621.49,700
976,indigo,Bangalore,cochin,19-Feb-2025,6:30,,1 Stop,economy,13.0,3274.11,360
977,AIR INDIA,MUMBAI,Cochin,05-Feb-2025,21:15,2h 1m,2 stops,Biz,20.0,20015.62,860
978,SpiceJet,MUMBAI,cochin,12/04/2025,17:45,5h 13m,2 stops,Biz,9.0,18516.64,860
979,Vistara,Chennai,Bangalore,03/24/2025,20:30,1h 28m,,Biz,50.0,7310.97,290
980,SpiceJet,MUMBAI,Bangalore,2025-12-21,20:00,2h 40m,2 stops,Eco,34.0,5975.59,840
981,Spice Jet,delhi,Hyderabad,06-Jul-2025,17:00,0h 51m,2 stops,Business,35.0,28055.44,1260
982,AIR INDIA,MUMBAI,Chennai,14-May-2025,17:30,2h 58m,Non Stop,BUSINESS,9.0,24891.55,1030
983,IndiGo,delhi,Chennai,04/09/2025,15:00,0h 49m,1 stop,Biz,2.0,38849.12,1760
984,Go Air,Bangalore,Kolkata,09/06/2025,17:15,1h 38m,2+ stops,Economy,5.0,10632.61,1560
985,GoAir,MUMBAI,Chennai,07/01/2025,15:15,6h 36m,,BUSINESS,47.0,19565.6,1030
986,indigo,Mumbai,Delhi,2025-06-11,17:15,2h 26m,1 stop,BUSINESS,25.0,24544.07,1150
987,Go Air,MUMBAI,HYDERABAD,2025-11-03,0:45,0h 49m,2 stops,Biz,58.0,12549.1,620
988,Vistara,Bangalore,Chennai,14/02/2025,3:00,1h 28m,non-stop,Biz,11.0,7789.08,290
989,Go Air,Banglore,Mumbai,11-Jan-2025,7:15,3h 14m,Non Stop,Biz,57.0,14146.33,840
990,IndiGo,Chennai,Delhi,19-Feb-2025,3:45,0h 31m,2 stops,Eco,27.0,13593.41,1760
991,AIR INDIA,Delhi,HYDERABAD,04/09/2025,2:30,1h 21m,2+ stops,BUSINESS,1.0,34637.81,1260
992,SpiceJet,Banglore,Mumbai,01/20/2025,20:30,3h 43m,2 stops,economy,41.0,6518.84,840
993,Spice Jet,Chennai,Hyderabad,25-Jul-2025,23:30,4h 30m,,economy,1.0,4417.4,515
994,IndiGo,Chenai,HYDERABAD,2025-07-11,22:45,2h 51m,1 stop,Business,4.0,10464.11,515
995,Air India,Chenai,cochin,11/28/2025,7:00,3h 44m,Non Stop,Eco,14.0,4256.55,500
996,Air India,Hyderabad,Chennai,09/06/2025,1:00,1h 57m,1 Stop,Economy,15.0,4101.57,515
997,Go Air,Kolkata,Delhi,09-Oct-2025,15:00,0h 39m,1 Stop,BUSINESS,47.0,23668.93,1300
998,AIR INDIA,Banglore,Bangalore,30/05/2025,9:45,6h 42m,Non Stop,Economy,23.0,8779.32,1030
999,SpiceJet,MUMBAI,Chennai,26/12/2025,14:15,3h 35m,,Economy,28.0,7454.2,1030
1000,SpiceJet,Kolkata,Delhi,2025-01-15,9:15,1h 28m,2+ stops,economy,3.0,10960.37,1300
1001,AirAsia,Delhi,Cochin,22/04/2025,23:30,,2 stops,economy,4.0,15475.38,2100
1002,AIR INDIA,Mumbai,Kolkata,18-Jan-2025,14:45,1h 55m,non-stop,economy,9.0,11778.8,1650
1003,Vistara,delhi,Delhi,12-May-2025,2:15,2h 24m,non-stop,Business,59.0,18092.44,1030
1004,AirAsia,Mumbai,Delhi,30/08/2025,5:30,2h 19m,1 stop,Business,56.0,20364.18,1150
1005,SpiceJet,Hyderabad,Delhi,21/12/2025,16:30,1h 38m,Non Stop,Eco,15.0,8462.04,1260
1006,AIR INDIA,Banglore,Hyderabad,2025-09-21,12:30,3h 54m,2 stops,Economy,21.0,4301.46,500
1007,indigo,MUMBAI,Chennai,20-Jun-2025,4:15,0h 31m,2 stops,Business,35.0,19794.9,1030
1008,indigo,delhi,cochin,17/06/2025,20:15,2h 44m,Non Stop,Business,15.0,41508.24,2100
1009,AIR INDIA,Mumbai,Delhi,2025-07-12,15:30,9h 33m,Non Stop,Business,41.0,24474.32,1150
1010,Go Air,delhi,cochin,16/05/2025,13:45,3h 17m,1 stop,Biz,13.0,44182.07,2100
1011,GoAir,Chennai,Bangalore,26-Sep-2025,20:45,2h 58m,2+ stops,economy,16.0,2649.24,290
1012,SpiceJet,Delhi,Bangalore,2025-10-25,5:45,3h 38m,1 Stop,BUSINESS,55.0,35262.73,1740
1013,Vistara,MUMBAI,Hyderabad,27/07/2025,13:15,5h 29m,2+ stops,Business,39.0,14862.65,620
1014,Air India,Kolkata,cochin,17/07/2025,22:30,1h 34m,,Business,36.0,44000.94,1900
1015,Air India,Delhi,HYDERABAD,16/04/2025,17:15,2h 36m,,Economy,12.0,10297.5,1260
1016,AIR INDIA,Banglore,Cochin,2025-09-05,6:30,2h 49m,Non Stop,Eco,,3197.7,360
1017,,delhi,HYDERABAD,12/02/2025,8:15,1h 37m,non-stop,BUSINESS,42.0,23686.66,1260
1018,Go Air,Bangalore,Cochin,27-May-2025,23:15,2h 23m,,Business,48.0,7463.2,360
1019,,Mumbai,cochin,09/18/2025,1:30,1h 9m,Non Stop,BUSINESS,54.0,16421.46,860
1020,Air India,Chennai,Mumbai,07/05/2025,23:00,5h 36m,1 Stop,Biz,15.0,23526.65,1030
1021,GoAir,Delhi,cochin,29-Sep-2025,18:15,3h 7m,1 stop,Business,7.0,43099.83,2100
1022,IndiGo,MUMBAI,Hyderabad,2025-12-01,12:45,3h 31m,1 Stop,Business,1.0,14110.63,620
1023,SpiceJet,Banglore,cochin,22/05/2025,14:30,3h 40m,non-stop,Eco,56.0,2758.79,360
1024,Vistara,Hyderabad,cochin,2025-07-09,4:15,2h 38m,1 stop,Eco,2.0,5836.86,700
1025,SpiceJet,Bangalore,Kolkata,2025-02-27,21:15,3h 25m,2 stops,Eco,47.0,10632.52,1560
1026,AIR INDIA,Chennai,Mumbai,01-Jul-2025,20:45,2h 26m,non-stop,Biz,42.0,22109.2,1030
1027,Vistara,Kolkata,Delhi,2025-05-16,3:30,2h 53m,Non Stop,Biz,12.0,30575.41,1300
1028,indigo,Bangalore,Kolkata,2025-08-25,2:45,4h 5m,,Eco,56.0,11391.35,1560
1029,AirAsia,Banglore,cochin,06/25/2025,20:15,3h 27m,,economy,36.0,2890.01,360
1030,AIR INDIA,Chennai,Bangalore,18/04/2025,0:30,1h 5m,2+ stops,Biz,23.0,7476.57,290
1031,AIR INDIA,Chenai,HYDERABAD,05/29/2025,1:30,2h 52m,2+ stops,BUSINESS,2.0,14052.21,515
1032,GoAir,Delhi,Mumbai,2025-04-20,12:15,1h 47m,Non Stop,Economy,25.0,7658.27,1150
1033,AirAsia,delhi,Chennai,14-Jan-2025,12:00,0h 51m,Non Stop,Biz,2.0,34641.54,1760
1034,Go Air,Hyderabad,Cochin,19/05/2025,19:45,1h 30m,2 stops,Eco,24.0,4564.37,700
1035,IndiGo,Bangalore,Delhi,2025-07-07,15:30,1h 57m,1 stop,BUSINESS,30.0,35470.51,1740
1036,GoAir,Chenai,cochin,09/11/2025,5:45,6h 28m,1 Stop,Eco,53.0,3490.95,500
1037,Air India,MUMBAI,Hyderabad,06-Jun-2025,2:45,1h 40m,,Economy,30.0,5383.21,620
1038,AirAsia,delhi,Delhi,27-Mar-2025,18:15,2h 36m,1 stop,economy,50.0,6470.45,1030
1039,IndiGo,Mumbai,HYDERABAD,07/07/2025,11:15,2h 46m,Non Stop,Economy,15.0,4689.66,620
1040,SpiceJet,Banglore,Bangalore,03-Jan-2025,13:15,2h 17m,2 stops,,4.0,8381.45,1030
1041,GoAir,Delhi,Chennai,09/10/2025,0:30,,non-stop,economy,56.0,10870.8,1760
1042,AIR INDIA,MUMBAI,Hyderabad,07-Sep-2025,18:15,4h 59m,2 stops,Biz,9.0,14794.94,620
1043,Go Air,Mumbai,Cochin,2025-10-28,6:45,10h 15m,non-stop,Eco,5.0,6757.73,860
1044,Air India,Banglore,Bangalore,30/03/2025,23:15,1h 13m,1 stop,Economy,54.0,7332.8,1030
1045,AirAsia,Banglore,Bangalore,08/21/2025,3:15,1h 8m,2+ stops,Business,35.0,18564.18,1030
1046,GoAir,Bangalore,Mumbai,24-May-2025,2:45,3h 4m,2+ stops,Biz,14.0,17936.9,840
1047,Air India,Hyderabad,Kolkata,2025-08-03,13:45,0h 54m,2 stops,Business,28.0,27682.58,1190
1048,SpiceJet,Kolkata,cochin,05/01/2025,20:30,6h 48m,non-stop,economy,22.0,12860.8,1900
1049,AIR INDIA,Chenai,HYDERABAD,23-Sep-2025,14:45,10h 39m,2 stops,,1.0,12824.33,515
1050,AirAsia,Chennai,cochin,09/11/2025,10:15,1h 24m,1 Stop,Eco,49.0,,500
1051,SpiceJet,Chennai,Kolkata,05/08/2025,22:45,5h 46m,2+ stops,BUSINESS,21.0,30090.86,1360
1052,Vistara,Bangalore,Delhi,03/12/2025,2:15,1h 4m,non-stop,economy,52.0,12370.74,1740
1053,AIR INDIA,MUMBAI,Mumbai,08/02/2025,14:30,2h 28m,1 stop,economy,51.0,7842.67,1030
1054,AirAsia,Kolkata,Bangalore,06-Jan-2025,7:30,2h 49m,1 Stop,Eco,18.0,9945.65,1560
1055,AIR INDIA,Bangalore,Chennai,10/01/2025,3:15,1h 31m,non-stop,Biz,5.0,7168.87,290
1056,Vistara,Hyderabad,HYDERABAD,05-Dec-2025,18:00,3h 38m,Non Stop,economy,38.0,7803.19,1030
1057,AirAsia,Chenai,Chennai,07/24/2025,16:15,1h 13m,1 stop,Eco,14.0,6620.96,1030
1058,SpiceJet,Banglore,cochin,06/13/2025,8:00,3h 7m,2+ stops,Eco,33.0,3177.36,360
1059,AirAsia,Banglore,Kolkata,20/07/2025,15:00,0h 43m,2 stops,economy,51.0,10642.33,1560
1060,GoAir,Kolkata,Hyderabad,21-Oct-2025,15:30,1h 0m,1 Stop,Biz,14.0,25099.35,1190
1061,Spice Jet,Bangalore,Hyderabad,10/01/2025,5:45,2h 0m,1 Stop,,30.0,10756.82,500
1062,indigo,Bangalore,Hyderabad,12/11/2025,16:15,3h 3m,Non Stop,economy,15.0,3829.52,500
1063,SpiceJet,Delhi,HYDERABAD,2025-03-19,8:00,4h 21m,,BUSINESS,50.0,21569.26,1260
1064,Vistara,Delhi,Hyderabad,16/10/2025,13:45,5h 17m,2 stops,Business,6.0,35865.67,1260
1065,AirAsia,Kolkata,Cochin,01/17/2025,20:15,1h 18m,2+ stops,economy,6.0,15638.3,1900
1066,indigo,Mumbai,cochin,11/03/2025,18:45,4h 26m,1 Stop,Biz,33.0,19840.39,860
1067,indigo,Delhi,cochin,22/12/2025,7:30,5h 35m,2 stops,economy,30.0,15428.82,2100
1068,Spice Jet,Delhi,Mumbai,2025-01-04,20:15,1h 41m,non-stop,,21.0,7210.24,1150
1069,AIR INDIA,Chennai,Cochin,2025-03-31,13:30,2h 26m,2 stops,Economy,47.0,3895.72,500
1070,IndiGo,Chenai,HYDERABAD,2025-10-27,23:45,1h 7m,1 Stop,BUSINESS,47.0,9384.36,515
1071,Spice Jet,delhi,Mumbai,2025-05-01,14:30,2h 2m,non-stop,Biz,33.0,,1150
1072,IndiGo,Bangalore,Chennai,2025-07-19,11:45,,Non Stop,Business,38.0,6525.85,290
1073,Go Air,delhi,HYDERABAD,06/19/2025,23:15,3h 49m,,Biz,45.0,23449.41,1260
1074,Spice Jet,Mumbai,Bangalore,12-Jan-2025,18:30,3h 2m,,economy,4.0,6506.46,840
1075,indigo,Delhi,Mumbai,2025-08-14,5:15,1h 40m,Non Stop,Eco,57.0,7995.18,1150
1076,Vistara,Bangalore,HYDERABAD,26/08/2025,17:15,1h 15m,,BUSINESS,,11579.88,500
1077,AIR INDIA,Bangalore,Hyderabad,09/11/2025,18:15,2h 13m,non-stop,Economy,52.0,4253.73,500
1078,Vistara,Banglore,HYDERABAD,08/28/2025,10:00,1h 30m,2+ stops,Business,55.0,13457.72,500
1079,Spice Jet,delhi,Bangalore,2025-03-18,2:00,2h 28m,1 stop,economy,26.0,11823.22,1740
1080,GoAir,Kolkata,cochin,19/03/2025,22:15,3h 55m,2+ stops,Business,56.0,35871.37,1900
1081,AIR INDIA,Banglore,HYDERABAD,2025-01-27,0:15,2h 44m,2+ stops,,49.0,12414.25,500
1082,GoAir,Delhi,Cochin,2025-06-03,22:30,3h 13m,,Business,25.0,40298.03,2100
1083,indigo,Delhi,Hyderabad,28-Aug-2025,4:30,1h 41m,Non Stop,Biz,45.0,22451.44,1260
1084,Vistara,Chenai,Mumbai,2025-10-03,13:15,1h 27m,1 Stop,economy,17.0,9228.96,1030
1085,,Chenai,cochin,2025-12-16,8:00,2h 2m,Non Stop,Business,17.0,11392.44,500
1086,,Mumbai,Hyderabad,07/14/2025,17:45,4h 19m,non-stop,Economy,41.0,,620
1087,Vistara,Delhi,Cochin,25/04/2025,8:45,1h 5m,non-stop,Biz,25.0,43579.46,2100
1088,,Delhi,Cochin,04/17/2025,17:00,3h 11m,,Economy,1.0,14872.97,2100
1089,indigo,Kolkata,HYDERABAD,17-Mar-2025,13:00,1h 45m,1 stop,Eco,50.0,8168.36,1190
1090,Air India,Hyderabad,Mumbai,02-May-2025,22:45,1h 34m,Non Stop,Business,21.0,13461.26,620
1091,Air India,delhi,Cochin,2025-11-12,23:00,1h 19m,2 stops,Biz,28.0,48155.86,2100
1092,IndiGo,MUMBAI,Hyderabad,03/12/2025,21:45,1h 6m,non-stop,Biz,59.0,12275.18,620
1093,Vistara,MUMBAI,Mumbai,23-Dec-2025,19:00,2h 34m,,Business,7.0,26782.43,1030
1094,AirAsia,Chennai,HYDERABAD,2025-06-28,18:45,2h 2m,non-stop,Economy,41.0,3676.83,515
1095,IndiGo,Banglore,Chennai,01/10/2025,16:00,0h 45m,,,19.0,2241.31,290
1096,IndiGo,delhi,Cochin,2025-04-12,0:15,1h 56m,2 stops,Business,3.0,47692.34,2100
1097,AirAsia,Mumbai,Delhi,05/16/2025,4:45,3h 31m,1 Stop,BUSINESS,22.0,23292.25,1150
1098,GoAir,Chenai,Mumbai,11/27/2025,23:30,1h 8m,2 stops,Economy,7.0,7841.55,1030
1099,AirAsia,Chenai,Bangalore,16/03/2025,1:30,3h 1m,2+ stops,economy,25.0,2739.73,290
1100,Go Air,Bangalore,HYDERABAD,03/13/2025,5:15,4h 25m,1 Stop,Biz,37.0,10274.03,500
1101,AIR INDIA,Hyderabad,Bangalore,08/13/2025,6:45,5h 17m,,Biz,36.0,12928.2,500
1102,SpiceJet,Bangalore,Delhi,2025-07-28,23:30,1h 42m,1 Stop,Business,56.0,32925.9,1740
1103,AirAsia,delhi,Cochin,2025-12-30,4:15,3h 0m,2+ stops,Economy,58.0,14351.45,2100
1104,Vistara,delhi,Mumbai,12/04/2025,17:30,3h 25m,1 Stop,economy,58.0,8536.24,1150
1105,Spice Jet,Bangalore,Cochin,2025-09-14,19:30,4h 58m,,Eco,42.0,,360
1106,AirAsia,MUMBAI,Chennai,04/12/2025,20:15,1h 14m,1 stop,BUSINESS,32.0,20340.18,1030
1107,GoAir,Delhi,cochin,2025-12-14,16:45,6h 51m,,Biz,24.0,45618.77,2100
1108,indigo,Banglore,Hyderabad,09/07/2025,22:45,1h 33m,1 stop,BUSINESS,52.0,10483.18,500
1109,Air India,Mumbai,HYDERABAD,2025-08-20,4:15,5h 10m,2+ stops,Economy,31.0,5666.77,620
1110,,Delhi,Chennai,04/20/2025,4:45,,1 stop,BUSINESS,38.0,38925.32,1760
1111,IndiGo,Kolkata,Mumbai,2025-06-09,5:15,1h 59m,2+ stops,BUSINESS,5.0,34499.17,1650
1112,Spice Jet,Hyderabad,HYDERABAD,02/25/2025,12:45,2h 2m,2+ stops,economy,3.0,7554.74,1030
1113,Go Air,delhi,Chennai,2025-12-15,23:00,4h 10m,2 stops,economy,32.0,12753.46,1760
1114,AIR INDIA,Bangalore,Hyderabad,24-Feb-2025,19:15,2h 23m,1 stop,BUSINESS,8.0,12240.31,500
1115,indigo,Chenai,Kolkata,2025-12-29,21:00,3h 25m,Non Stop,economy,40.0,9565.96,1360
1116,indigo,MUMBAI,Kolkata,10/04/2025,13:15,1h 34m,1 Stop,economy,27.0,11829.74,1650
1117,SpiceJet,Chenai,HYDERABAD,05/11/2025,17:00,1h 13m,1 Stop,Biz,25.0,10913.57,515
1118,AIR INDIA,Mumbai,Bangalore,04/20/2025,22:15,1h 57m,Non Stop,Eco,28.0,6101.3,840
1119,SpiceJet,MUMBAI,Bangalore,21/06/2025,1:45,1h 31m,,Eco,45.0,5831.62,840
1120,SpiceJet,Delhi,Chennai,13-Jul-2025,13:45,5h 0m,1 Stop,Economy,46.0,12342.18,1760
1121,GoAir,Bangalore,Mumbai,05-Sep-2025,23:45,1h 57m,Non Stop,Biz,23.0,17248.4,840
1122,IndiGo,Chennai,Kolkata,05/14/2025,8:15,1h 47m,Non Stop,BUSINESS,4.0,32533.44,1360
1123,indigo,Chennai,Bangalore,23/09/2025,5:00,2h 47m,,Business,52.0,6199.3,290
1124,Air India,MUMBAI,cochin,10/10/2025,0:15,1h 25m,1 Stop,Economy,8.0,7250.28,860
1125,Vistara,Banglore,Mumbai,2025-10-10,10:45,2h 47m,Non Stop,BUSINESS,15.0,17940.08,840
1126,Air India,Bangalore,Cochin,2025-02-12,5:45,1h 38m,2+ stops,Eco,51.0,3039.61,360
1127,Vistara,MUMBAI,Hyderabad,21/07/2025,1:15,7h 26m,,economy,34.0,5570.7,620
1128,AIR INDIA,Banglore,Kolkata,2025-03-17,15:30,1h 10m,,Biz,21.0,38032.11,1560
1129,indigo,Banglore,Chennai,2025-03-31,14:30,1h 1m,Non Stop,Economy,27.0,2193.78,290
1130,Air India,Kolkata,Mumbai,08/09/2025,15:45,4h 14m,1 stop,Eco,56.0,12533.25,1650
1131,Go Air,delhi,Bangalore,01/08/2025,9:00,0h 38m,2 stops,Business,46.0,33409.79,1740
1132,GoAir,Hyderabad,Kolkata,2025-12-26,14:15,5h 27m,2 stops,economy,39.0,8367.89,1190
1133,indigo,delhi,HYDERABAD,05/08/2025,2:45,3h 49m,,BUSINESS,54.0,25113.73,1260
1134,Vistara,Mumbai,Chennai,11/14/2025,11:00,3h 45m,Non Stop,BUSINESS,24.0,23064.09,1030
1135,GoAir,Mumbai,Kolkata,11-Sep-2025,6:00,1h 10m,1 stop,Economy,30.0,10586.03,1650
1136,AIR INDIA,delhi,Bangalore,08/01/2025,3:30,2h 14m,Non Stop,Biz,15.0,34891.01,1740
1137,Go Air,Chennai,Bangalore,06/15/2025,17:30,3h 59m,,Eco,21.0,2483.36,290
1138,SpiceJet,MUMBAI,HYDERABAD,2025-03-05,12:15,2h 3m,,Eco,44.0,4203.65,620
1139,Vistara,Mumbai,Cochin,14/06/2025,10:15,3h 54m,2+ stops,Eco,16.0,7800.52,860
1140,GoAir,delhi,Chennai,11-Aug-2025,6:00,1h 1m,Non Stop,Eco,4.0,12131.73,1760
1141,,Mumbai,Bangalore,2025-09-23,13:45,2h 30m,non-stop,BUSINESS,40.0,17178.76,840
1142,SpiceJet,delhi,Delhi,03/04/2025,16:00,3h 55m,2 stops,Economy,8.0,8135.48,1030
1143,indigo,Kolkata,Cochin,01/22/2025,22:15,3h 29m,2+ stops,Economy,50.0,14745.19,1900
1144,IndiGo,MUMBAI,Hyderabad,12/10/2025,14:30,1h 4m,2 stops,Economy,1.0,5319.57,620
1145,IndiGo,Bangalore,HYDERABAD,16/11/2025,9:15,2h 53m,2 stops,Eco,27.0,4053.67,500
1146,AirAsia,Mumbai,Kolkata,25-Feb-2025,13:00,4h 22m,Non Stop,Business,60.0,26635.66,1650
1147,SpiceJet,MUMBAI,Cochin,19/02/2025,22:45,2h 51m,1 Stop,Biz,27.0,17746.13,860
1148,Go Air,Bangalore,Cochin,13/07/2025,8:15,1h 24m,,economy,38.0,2728.03,360
1149,Air India,Banglore,Hyderabad,30-Apr-2025,11:30,4h 25m,non-stop,Business,53.0,11483.74,500
1150,Air India,MUMBAI,Mumbai,11-Oct-2025,14:00,2h 22m,1 stop,economy,19.0,8913.71,1030
1151,AIR INDIA,Delhi,Hyderabad,2025-04-20,2:00,1h 54m,1 Stop,Economy,51.0,8907.96,1260
1152,indigo,Chenai,Cochin,2025-05-14,13:00,2h 31m,1 Stop,Eco,5.0,4126.86,500
1153,Spice Jet,Delhi,Mumbai,08/02/2025,5:30,3h 29m,non-stop,economy,55.0,7531.83,1150
1154,SpiceJet,Kolkata,Bangalore,2025-04-12,9:45,2h 18m,non-stop,BUSINESS,43.0,30344.34,1560
1155,SpiceJet,Hyderabad,HYDERABAD,05/21/2025,16:15,2h 21m,Non Stop,Biz,50.0,19675.77,1030
1156,Vistara,delhi,Delhi,13-Dec-2025,1:45,1h 8m,non-stop,Biz,18.0,23665.61,1030
1157,Vistara,Kolkata,cochin,2025-06-11,5:45,1h 3m,2 stops,Eco,18.0,14831.91,1900
1158,AirAsia,Chenai,Delhi,02/08/2025,10:15,1h 36m,1 stop,BUSINESS,,30922.55,1760
1159,Spice Jet,Delhi,Mumbai,28-Dec-2025,20:30,2h 25m,,Economy,60.0,7461.06,1150
1160,AirAsia,Bangalore,Delhi,03/03/2025,21:45,2h 11m,1 Stop,Eco,1.0,,1740
1161,Air India,Banglore,Bangalore,2025-01-05,11:30,1h 52m,1 stop,BUSINESS,18.0,22419.96,1030
1162,GoAir,Hyderabad,Cochin,27-Nov-2025,13:45,3h 6m,,Eco,46.0,4818.56,700
1163,AirAsia,delhi,Delhi,2025-10-31,4:00,1h 43m,2+ stops,Economy,56.0,7074.79,1030
1164,indigo,Chenai,cochin,13-Nov-2025,1:00,5h 5m,,economy,50.0,3686.52,500
1165,GoAir,MUMBAI,Mumbai,02/16/2025,3:15,6h 33m,2+ stops,Business,50.0,22413.62,1030
1166,AIR INDIA,Bangalore,cochin,2025-07-11,7:15,1h 33m,,economy,42.0,2914.86,360
1167,IndiGo,Chenai,Cochin,03/12/2025,8:30,2h 36m,2 stops,Business,31.0,12013.9,500
1168,AirAsia,Chennai,Bangalore,14-Mar-2025,9:15,3h 35m,2 stops,Business,40.0,5831.26,290
1169,Air India,Hyderabad,Bangalore,2025-02-04,20:45,4h 38m,2 stops,,9.0,4469.08,500
1170,indigo,delhi,Delhi,2025-07-12,9:15,2h 19m,1 Stop,Business,49.0,19932.26,1030
1171,indigo,Kolkata,Bangalore,07/07/2025,8:00,3h 22m,2 stops,Biz,26.0,34109.79,1560
1172,AIR INDIA,Mumbai,Bangalore,2025-10-03,14:15,2h 58m,2+ stops,economy,43.0,6869.67,840
1173,Vistara,delhi,Mumbai,2025-06-29,0:15,2h 15m,2+ stops,Biz,43.0,27767.25,1150
1174,Spice Jet,Hyderabad,Bangalore,15/09/2025,12:15,1h 17m,2 stops,Economy,21.0,,500
1175,Go Air,Chenai,HYDERABAD,2025-12-26,6:15,1h 53m,,Biz,51.0,9595.72,515
1176,indigo,Chennai,cochin,05/09/2025,23:00,2h 22m,Non Stop,Biz,43.0,9906.05,500
1177,AirAsia,Delhi,HYDERABAD,13-May-2025,5:30,1h 6m,,BUSINESS,60.0,19477.32,1260
1178,Air India,delhi,Cochin,12/17/2025,4:45,1h 7m,1 stop,Biz,12.0,50334.06,2100
1179,AirAsia,Chenai,Hyderabad,12/10/2025,0:45,3h 34m,2 stops,Eco,7.0,4085.78,515
1180,Air India,Mumbai,HYDERABAD,11/14/2025,22:15,1h 55m,,Eco,46.0,5286.49,620
1181,IndiGo,Kolkata,Delhi,2025-10-14,15:15,1h 12m,Non Stop,Biz,38.0,23898.18,1300
1182,Spice Jet,Mumbai,Cochin,24-Feb-2025,16:00,4h 2m,1 stop,Biz,38.0,15172.07,860
1183,Spice Jet,Chenai,Mumbai,2025-10-03,7:00,2h 40m,,Economy,13.0,7792.4,1030
1184,AirAsia,delhi,Bangalore,05/06/2025,0:45,3h 9m,2 stops,,6.0,37013.25,1740
1185,indigo,Mumbai,Chennai,03/05/2025,8:15,,2+ stops,Economy,12.0,8033.6,1030
1186,indigo,delhi,HYDERABAD,09/12/2025,17:15,4h 13m,Non Stop,Eco,6.0,8571.48,1260
1187,AirAsia,delhi,Hyderabad,2025-04-20,13:00,2h 58m,,Economy,21.0,9265.04,1260
1188,AIR INDIA,MUMBAI,Delhi,21/12/2025,21:45,2h 38m,,economy,30.0,9762.21,1150
1189,Spice Jet,Delhi,HYDERABAD,05/20/2025,19:45,1h 24m,1 stop,Eco,9.0,7701.85,1260
1190,Air India,delhi,Bangalore,14/03/2025,2:00,1h 1m,2 stops,BUSINESS,39.0,38470.13,1740
1191,IndiGo,Kolkata,Chennai,05/09/2025,13:45,3h 33m,,Business,52.0,29463.44,1360
1192,indigo,Bangalore,Kolkata,05/27/2025,20:15,2h 30m,2+ stops,BUSINESS,56.0,31816.24,1560
1193,Go Air,Mumbai,Kolkata,21-Aug-2025,5:30,2h 38m,Non Stop,economy,20.0,10503.77,1650
1194,Air India,Banglore,Hyderabad,12/07/2025,9:45,4h 8m,2+ stops,Business,29.0,12488.17,500
1195,AIR INDIA,Mumbai,Chennai,08/21/2025,5:15,7h 12m,non-stop,Economy,26.0,7720.05,1030
1196,Air India,Bangalore,Kolkata,2025-01-17,20:00,1h 49m,2+ stops,Eco,4.0,12422.59,1560
1197,Go Air,MUMBAI,Hyderabad,2025-11-18,1:30,1h 13m,1 stop,economy,41.0,4469.87,620
1198,AIR INDIA,Chenai,Chennai,09-Jun-2025,6:00,2h 53m,,BUSINESS,49.0,19698.73,1030
1199,Vistara,delhi,Kolkata,04/17/2025,11:15,5h 38m,non-stop,economy,43.0,10109.84,1300
1200,GoAir,Chenai,Delhi,10-Apr-2025,15:45,1h 37m,2+ stops,Biz,40.0,37773.06,1760
1201,AIR INDIA,Chennai,Delhi,08/13/2025,10:30,3h 38m,Non Stop,BUSINESS,49.0,32814.2,1760
1202,indigo,Chennai,Kolkata,2025-01-12,20:00,1h 8m,2+ stops,Business,33.0,28724.4,1360
1203,IndiGo,Delhi,Mumbai,15-Feb-2025,6:15,5h 43m,1 stop,Eco,33.0,9207.28,1150
1204,Spice Jet,Banglore,Kolkata,10/27/2025,18:45,1h 42m,2+ stops,Business,15.0,35903.59,1560
1205,indigo,MUMBAI,Kolkata,2025-04-27,7:30,1h 38m,2 stops,Biz,37.0,33729.93,1650
1206,Spice Jet,Hyderabad,cochin,2025-02-23,8:00,1h 23m,non-stop,Business,54.0,13491.17,700
1207,Go Air,Chennai,Mumbai,01/07/2025,2:15,4h 8m,1 stop,Eco,53.0,7268.31,1030
1208,AirAsia,Chenai,Chennai,02-Dec-2025,6:15,1h 20m,2+ stops,Eco,25.0,7488.18,1030
1209,IndiGo,Chennai,Kolkata,10/28/2025,4:45,2h 1m,1 Stop,economy,31.0,9198.87,1360
1210,AirAsia,delhi,Chennai,16-Jul-2025,3:45,2h 2m,2+ stops,BUSINESS,26.0,35222.47,1760
1211,Go Air,MUMBAI,Kolkata,07/09/2025,20:00,1h 29m,2+ stops,BUSINESS,33.0,34885.49,1650
1212,AirAsia,MUMBAI,Kolkata,23-Oct-2025,20:30,1h 46m,1 Stop,Biz,10.0,32186.89,1650
1213,SpiceJet,Chenai,Hyderabad,2025-06-19,5:15,5h 30m,,economy,5.0,4586.88,515
1214,AirAsia,Bangalore,Delhi,2025-05-18,23:30,0h 45m,2 stops,economy,25.0,10587.96,1740
1215,SpiceJet,MUMBAI,Hyderabad,2025-07-20,0:00,6h 20m,1 Stop,Economy,9.0,4644.18,620
1216,AIR INDIA,Hyderabad,Delhi,10/01/2025,6:45,2h 43m,,BUSINESS,14.0,29968.72,1260
1217,SpiceJet,Bangalore,HYDERABAD,02/08/2025,19:15,1h 38m,Non Stop,BUSINESS,10.0,9950.61,500
1218,GoAir,Banglore,Chennai,27-Apr-2025,0:00,3h 2m,2 stops,Business,5.0,,290
1219,GoAir,Chennai,Cochin,12/01/2025,12:15,1h 56m,,Biz,40.0,8687.93,500
1220,Spice Jet,MUMBAI,Bangalore,01/03/2025,4:30,1h 45m,1 stop,economy,25.0,5966.81,840
1221,indigo,Kolkata,Hyderabad,12-Feb-2025,4:45,0h 43m,Non Stop,economy,40.0,7881.37,1190
1222,SpiceJet,Hyderabad,Bangalore,2025-05-08,22:30,3h 4m,1 Stop,Eco,49.0,3768.2,500
1223,Air India,Bangalore,Delhi,2025-08-24,5:00,3h 7m,1 Stop,Business,20.0,40309.45,1740
1224,AIR INDIA,Kolkata,Mumbai,2025-04-02,5:15,5h 39m,2 stops,BUSINESS,9.0,40767.2,1650
1225,IndiGo,MUMBAI,Delhi,2025-08-16,21:30,2h 53m,1 stop,BUSINESS,18.0,26647.81,1150
1226,SpiceJet,Mumbai,HYDERABAD,09-Sep-2025,7:00,1h 42m,1 Stop,economy,27.0,4131.94,620
1227,IndiGo,Kolkata,Chennai,06-Jul-2025,17:00,5h 43m,,Eco,55.0,9747.02,1360
1228,AirAsia,Delhi,Hyderabad,17-Apr-2025,16:15,1h 0m,Non Stop,Biz,16.0,21116.59,1260
1229,indigo,Chenai,Kolkata,05/22/2025,9:15,8h 52m,non-stop,Business,2.0,28311.47,1360
1230,SpiceJet,Chennai,cochin,05/01/2025,10:00,4h 58m,non-stop,Business,47.0,8905.17,500
1231,GoAir,Chenai,Delhi,13/08/2025,13:00,0h 36m,2 stops,Eco,47.0,11986.83,1760
1232,Vistara,Delhi,Chennai,12/07/2025,11:30,5h 59m,1 Stop,Business,14.0,42838.29,1760
1233,indigo,Kolkata,Delhi,14-Sep-2025,11:15,,2 stops,BUSINESS,21.0,29043.9,1300
1234,indigo,Chenai,Hyderabad,05/20/2025,8:00,5h 13m,1 stop,Business,60.0,9737.55,515
1235,SpiceJet,Kolkata,HYDERABAD,2025-04-25,4:45,1h 7m,non-stop,Eco,20.0,7827.63,1190
1236,IndiGo,Kolkata,Hyderabad,25-Oct-2025,22:15,5h 13m,,Business,13.0,25079.06,1190
1237,indigo,Kolkata,cochin,26/05/2025,12:30,1h 38m,1 Stop,economy,28.0,13787.22,1900
1238,Air India,Chennai,Mumbai,08/06/2025,7:45,3h 17m,non-stop,Business,31.0,21006.1,1030
1239,AirAsia,MUMBAI,Chennai,22-Nov-2025,16:15,1h 44m,1 Stop,Economy,48.0,6965.75,1030
1240,AirAsia,Chennai,Kolkata,29-Jun-2025,14:30,2h 56m,non-stop,BUSINESS,39.0,21548.95,1360
1241,indigo,Kolkata,Bangalore,09/20/2025,22:30,,1 Stop,economy,26.0,10852.99,1560
1242,Spice Jet,Kolkata,Cochin,15-Jul-2025,1:15,1h 19m,non-stop,Business,46.0,37692.88,1900
1243,Spice Jet,Bangalore,Kolkata,07-Jan-2025,15:30,0h 55m,,Eco,10.0,10753.67,1560
1244,Vistara,Delhi,Cochin,22/06/2025,13:45,3h 24m,2 stops,Business,23.0,47757.55,2100
1245,AirAsia,Mumbai,Kolkata,05/01/2025,15:45,3h 1m,1 Stop,BUSINESS,14.0,32757.57,1650
1246,Go Air,Bangalore,Cochin,09-Jan-2025,17:15,1h 55m,non-stop,Business,40.0,6639.05,360
1247,SpiceJet,MUMBAI,Bangalore,29-Jun-2025,17:15,1h 45m,2+ stops,economy,13.0,6299.04,840
1248,Go Air,Chenai,Mumbai,2025-02-03,23:00,1h 47m,1 stop,Eco,17.0,6740.42,1030
1249,indigo,Chenai,Chennai,25/08/2025,7:30,3h 4m,Non Stop,Economy,2.0,9101.22,1030
1250,,delhi,Mumbai,06-Feb-2025,13:00,3h 4m,1 stop,economy,14.0,8622.91,1150
1251,SpiceJet,MUMBAI,Kolkata,01-Nov-2025,13:30,1h 31m,2+ stops,economy,41.0,10342.18,1650
1252,AirAsia,Hyderabad,Bangalore,11-Dec-2025,8:30,3h 35m,,Economy,55.0,3769.9,500
1253,AIR INDIA,Chenai,Bangalore,07/27/2025,13:00,,2+ stops,Eco,20.0,2878.52,290
1254,Air India,Chenai,Kolkata,2025-03-13,6:45,,2+ stops,Business,48.0,30219.63,1360
1255,Go Air,Chennai,Cochin,04/11/2025,13:30,1h 12m,Non Stop,BUSINESS,15.0,9328.22,500
1256,Air India,Chenai,Hyderabad,06-Feb-2025,19:30,8h 50m,1 Stop,Eco,7.0,5316.87,515
1257,Spice Jet,Kolkata,Chennai,02-Dec-2025,0:45,3h 49m,1 stop,Economy,21.0,9522.44,1360
1258,Spice Jet,Delhi,cochin,2025-05-09,4:15,3h 55m,1 Stop,,54.0,11815.96,2100
1259,indigo,Bangalore,Delhi,11/23/2025,12:30,1h 11m,non-stop,Eco,13.0,13610.17,1740
1260,,Mumbai,cochin,19-Jul-2025,13:15,1h 6m,Non Stop,Eco,20.0,5991.51,860
1261,Air India,Chenai,Cochin,2025-08-02,6:00,4h 5m,2+ stops,economy,48.0,4850.17,500
1262,IndiGo,Banglore,HYDERABAD,01/30/2025,4:15,3h 1m,non-stop,Business,,11149.29,500
1263,Air India,Banglore,cochin,10/21/2025,16:30,3h 7m,1 Stop,Business,60.0,7394.81,360
1264,GoAir,MUMBAI,Chennai,19-Jun-2025,4:45,0h 45m,Non Stop,Economy,9.0,7399.69,1030
1265,Spice Jet,Delhi,Hyderabad,18/11/2025,12:30,2h 21m,Non Stop,Business,5.0,24586.02,1260
1266,Go Air,delhi,cochin,06/09/2025,6:30,7h 24m,non-stop,economy,20.0,12488.5,2100
1267,indigo,Banglore,Delhi,13/12/2025,17:30,1h 37m,1 Stop,BUSINESS,32.0,34983.14,1740
1268,Spice Jet,Chenai,Cochin,29/08/2025,8:00,1h 10m,non-stop,Biz,20.0,10192.0,500
1269,GoAir,MUMBAI,Cochin,01/29/2025,17:45,3h 39m,1 stop,Biz,52.0,15562.87,860
1270,Air India,Chenai,Cochin,2025-05-11,22:45,5h 32m,non-stop,economy,59.0,3947.14,500
1271,Air India,Bangalore,Kolkata,2025-03-18,9:15,2h 44m,2 stops,Biz,40.0,37998.44,1560
1272,AirAsia,Mumbai,Chennai,2025-08-19,1:00,2h 36m,1 Stop,economy,31.0,6869.07,1030
1273,Spice Jet,Kolkata,Bangalore,17-May-2025,20:30,4h 40m,Non Stop,economy,16.0,10214.85,1560
1274,Air India,Banglore,Cochin,09/27/2025,4:30,6h 10m,1 Stop,Business,20.0,9399.34,360
1275,Go Air,Kolkata,Bangalore,2025-06-17,0:45,2h 47m,1 stop,BUSINESS,12.0,32119.73,1560
1276,Air India,Chenai,HYDERABAD,13/09/2025,23:15,0h 37m,1 stop,Economy,37.0,3443.19,515
1277,IndiGo,Hyderabad,Chennai,2025-12-06,23:15,5h 2m,Non Stop,Economy,31.0,4190.33,515
1278,GoAir,Hyderabad,HYDERABAD,2025-08-26,20:30,0h 32m,2 stops,Eco,3.0,7837.45,1030
1279,,Kolkata,Bangalore,12/17/2025,12:45,9h 18m,2+ stops,Eco,29.0,12737.45,1560
1280,SpiceJet,Chenai,Chennai,23-Feb-2025,7:30,1h 13m,non-stop,Business,3.0,22131.78,1030
1281,Air India,delhi,Hyderabad,16/01/2025,15:45,2h 46m,,BUSINESS,30.0,27276.17,1260
1282,AirAsia,Banglore,Kolkata,10/20/2025,4:00,2h 25m,non-stop,Business,14.0,29841.1,1560
1283,SpiceJet,Chenai,cochin,26/05/2025,5:15,1h 34m,1 stop,economy,41.0,3227.57,500
1284,Spice Jet,Chenai,Hyderabad,04/12/2025,16:45,3h 57m,2+ stops,Eco,11.0,4559.27,515
1285,Vistara,delhi,Cochin,2025-04-23,3:00,4h 10m,2 stops,Biz,44.0,54752.9,2100
1286,SpiceJet,Bangalore,Mumbai,12/31/2025,9:15,1h 25m,,BUSINESS,10.0,16608.61,840
1287,SpiceJet,Bangalore,Cochin,2025-06-14,16:30,1h 13m,2+ stops,Business,51.0,7214.12,360
1288,indigo,Chenai,Chennai,21/03/2025,15:00,2h 0m,Non Stop,Biz,47.0,18876.62,1030
1289,indigo,delhi,Bangalore,02-Jun-2025,8:30,2h 17m,2 stops,economy,15.0,13499.32,1740
1290,AIR INDIA,Chennai,Kolkata,2025-07-13,22:30,3h 32m,non-stop,Business,2.0,29612.74,1360
1291,AirAsia,Chenai,Hyderabad,03-Apr-2025,14:00,2h 24m,1 Stop,BUSINESS,,10245.16,515
1292,Vistara,Chennai,Mumbai,2025-11-05,18:00,1h 18m,2 stops,BUSINESS,30.0,26334.53,1030
1293,indigo,Delhi,Cochin,10/21/2025,22:30,2h 18m,1 Stop,,18.0,15797.28,2100
1294,IndiGo,Chenai,Chennai,09/15/2025,20:15,1h 10m,non-stop,Economy,11.0,6674.68,1030
1295,IndiGo,Bangalore,Mumbai,20-Aug-2025,12:45,1h 42m,1 stop,Biz,14.0,19506.46,840
1296,IndiGo,MUMBAI,Bangalore,02-Jan-2025,0:30,4h 17m,,BUSINESS,22.0,19287.66,840
1297,AirAsia,Banglore,Hyderabad,12-Feb-2025,8:45,3h 36m,1 Stop,Eco,37.0,3793.68,500
1298,Vistara,Chennai,HYDERABAD,14-Apr-2025,22:45,4h 7m,2+ stops,Economy,11.0,5264.62,515
1299,AirAsia,Delhi,Kolkata,10/18/2025,4:30,1h 56m,non-stop,BUSINESS,30.0,23712.08,1300
1300,IndiGo,MUMBAI,Delhi,05/04/2025,0:30,5h 22m,Non Stop,Economy,41.0,8548.43,1150
1301,GoAir,Banglore,HYDERABAD,19/01/2025,9:45,,Non Stop,Eco,35.0,3821.96,500
1302,Air India,Hyderabad,cochin,08/02/2025,5:45,3h 53m,1 stop,,11.0,15965.44,700
1303,indigo,Delhi,Chennai,08/31/2025,12:15,3h 8m,Non Stop,Business,3.0,40088.45,1760
1304,SpiceJet,delhi,cochin,08-Oct-2025,10:45,4h 18m,Non Stop,Economy,47.0,13029.58,2100
1305,IndiGo,Mumbai,Cochin,10/10/2025,20:15,2h 4m,Non Stop,Biz,37.0,16875.29,860
1306,AIR INDIA,Hyderabad,Delhi,2025-02-27,9:45,1h 27m,2+ stops,Eco,29.0,9561.84,1260
1307,AIR INDIA,Delhi,Bangalore,03/06/2025,9:45,6h 4m,Non Stop,economy,60.0,11888.03,1740
1308,AIR INDIA,Delhi,Kolkata,10/24/2025,15:15,,1 Stop,Business,20.0,28351.21,1300
1309,AIR INDIA,Bangalore,Hyderabad,23/02/2025,10:30,5h 37m,,Economy,42.0,4226.63,500
1310,,Hyderabad,Kolkata,2025-12-19,22:15,4h 4m,2+ stops,Business,22.0,25896.05,1190
1311,indigo,Mumbai,Hyderabad,27/02/2025,16:00,1h 13m,1 Stop,economy,1.0,4824.92,620
1312,AirAsia,Kolkata,Hyderabad,22/07/2025,4:00,2h 19m,non-stop,Business,51.0,19786.34,1190
1313,GoAir,Chenai,cochin,11-Dec-2025,1:45,3h 46m,1 Stop,Biz,56.0,9519.05,500
1314,Spice Jet,Chennai,Kolkata,20/06/2025,2:15,4h 33m,2 stops,Business,10.0,26943.89,1360
1315,Spice Jet,Mumbai,Kolkata,18-May-2025,13:30,3h 17m,,economy,46.0,9872.45,1650
1316,Air India,Bangalore,Hyderabad,2025-11-05,14:30,3h 24m,1 Stop,Eco,55.0,4103.3,500
1317,SpiceJet,Banglore,HYDERABAD,03/29/2025,2:45,2h 17m,1 stop,Biz,17.0,10060.77,500
1318,indigo,Chenai,Delhi,10/12/2025,13:00,3h 7m,Non Stop,Eco,1.0,13820.16,1760
1319,indigo,Mumbai,cochin,12-Aug-2025,10:15,2h 31m,1 stop,Biz,15.0,19115.36,860
1320,Spice Jet,Kolkata,Bangalore,09/25/2025,16:30,2h 13m,,Economy,40.0,10698.47,1560
1321,GoAir,Bangalore,Delhi,2025-11-09,22:45,1h 58m,,Business,10.0,38455.52,1740
1322,Spice Jet,Chennai,Bangalore,06/19/2025,19:00,4h 15m,1 stop,BUSINESS,24.0,6278.94,290
1323,GoAir,Bangalore,Hyderabad,2025-05-10,6:15,3h 0m,Non Stop,BUSINESS,55.0,8727.48,500
1324,AirAsia,Mumbai,Hyderabad,01/03/2025,5:30,1h 52m,,economy,38.0,4389.23,620
1325,IndiGo,Chenai,Delhi,10-Aug-2025,2:45,1h 10m,1 Stop,Economy,3.0,13707.33,1760
1326,Go Air,Mumbai,Kolkata,2025-04-30,14:45,2h 22m,,Biz,19.0,32530.91,1650
1327,Go Air,MUMBAI,Hyderabad,06/07/2025,11:30,2h 29m,2 stops,economy,48.0,4771.37,620
1328,AirAsia,Hyderabad,Delhi,2025-11-24,13:00,2h 55m,1 stop,BUSINESS,3.0,25189.15,1260
1329,,Chennai,Delhi,11/18/2025,8:00,3h 55m,Non Stop,,5.0,12953.82,1760
1330,Go Air,Delhi,Chennai,04/25/2025,18:00,2h 50m,2 stops,Biz,,35578.02,1760
1331,Go Air,Mumbai,Delhi,2025-01-31,9:30,1h 54m,,Economy,27.0,7375.95,1150
1332,Go Air,Banglore,Cochin,20-Sep-2025,11:15,3h 3m,1 stop,BUSINESS,31.0,7427.9,360
1333,Vistara,Chenai,Bangalore,04/01/2025,22:00,3h 32m,1 stop,Economy,5.0,3212.42,290
1334,Air India,Chenai,cochin,06-Aug-2025,10:15,0h 46m,2+ stops,BUSINESS,40.0,12357.99,500
1335,IndiGo,delhi,cochin,21-Feb-2025,21:45,2h 28m,,Economy,14.0,15508.4,2100
1336,Air India,Kolkata,Chennai,11/11/2025,9:15,1h 1m,Non Stop,Biz,4.0,30941.79,1360
1337,Air India,Mumbai,Delhi,15/08/2025,18:45,2h 4m,,Economy,4.0,9744.8,1150
1338,Go Air,Mumbai,Cochin,01/12/2025,9:45,7h 39m,,Eco,15.0,6953.06,860
1339,IndiGo,delhi,Kolkata,16-Aug-2025,12:45,2h 19m,non-stop,Eco,13.0,9724.75,1300
1340,Vistara,Bangalore,Kolkata,07/06/2025,5:15,6h 49m,,BUSINESS,14.0,37524.81,1560
1341,SpiceJet,Chenai,Delhi,11/18/2025,13:00,2h 51m,,Biz,18.0,36643.48,1760
1342,AIR INDIA,delhi,Mumbai,2025-03-15,15:45,1h 58m,1 stop,Eco,46.0,8811.55,1150
1343,,Delhi,Chennai,08/21/2025,9:30,5h 1m,non-stop,BUSINESS,41.0,32143.35,1760
1344,IndiGo,delhi,HYDERABAD,05/14/2025,13:45,0h 48m,2+ stops,BUSINESS,55.0,26740.65,1260
1345,Vistara,Hyderabad,Bangalore,19-Dec-2025,18:45,3h 25m,1 stop,Eco,20.0,3928.24,500
1346,AirAsia,Mumbai,Cochin,02-Dec-2025,17:30,2h 9m,non-stop,Biz,32.0,16020.05,860
1347,IndiGo,Chennai,Mumbai,02-Apr-2025,12:30,2h 0m,,BUSINESS,4.0,23997.23,1030
1348,AirAsia,Delhi,HYDERABAD,2025-08-12,5:30,1h 19m,2+ stops,Business,49.0,25415.16,1260
1349,IndiGo,Hyderabad,Mumbai,05-Apr-2025,14:00,3h 0m,1 Stop,Business,4.0,13829.2,620
1350,Go Air,Delhi,Kolkata,05/07/2025,7:15,1h 34m,1 Stop,Economy,14.0,9208.68,1300
1351,indigo,Bangalore,HYDERABAD,2025-04-13,8:45,1h 31m,Non Stop,economy,44.0,3857.64,500
1352,Air India,Banglore,Delhi,02/27/2025,19:45,2h 3m,1 stop,Business,4.0,45285.17,1740
1353,IndiGo,Banglore,Bangalore,11/09/2025,7:00,2h 16m,Non Stop,Business,21.0,21149.6,1030
1354,IndiGo,delhi,HYDERABAD,21/05/2025,9:30,1h 48m,Non Stop,Eco,58.0,8108.07,1260
1355,AIR INDIA,Delhi,Bangalore,30-Nov-2025,18:00,1h 19m,2+ stops,Economy,7.0,16238.89,1740
1356,AIR INDIA,Bangalore,Hyderabad,12/11/2025,6:15,3h 52m,Non Stop,Biz,,10206.29,500
1357,GoAir,Bangalore,HYDERABAD,04-Jan-2025,7:45,3h 14m,Non Stop,economy,49.0,3379.76,500
1358,Air India,Chennai,Kolkata,09-May-2025,3:45,1h 20m,2 stops,,18.0,12108.09,1360
1359,,Banglore,HYDERABAD,07/26/2025,20:30,1h 25m,,Eco,39.0,3951.96,500
1360,indigo,MUMBAI,cochin,2025-08-20,4:45,2h 24m,Non Stop,Business,2.0,19076.51,860
1361,Spice Jet,Chennai,Kolkata,12-May-2025,1:30,2h 45m,non-stop,Biz,13.0,24611.58,1360
1362,AIR INDIA,Chennai,HYDERABAD,2025-06-16,2:30,,1 Stop,Biz,54.0,11047.32,515
1363,SpiceJet,Kolkata,cochin,2025-09-17,14:45,6h 39m,1 stop,Business,58.0,33787.96,1900
1364,Vistara,Chenai,Chennai,28-Jan-2025,3:00,2h 23m,1 stop,BUSINESS,30.0,24619.63,1030
1365,Vistara,Delhi,cochin,23-Feb-2025,17:15,4h 16m,non-stop,economy,60.0,14052.28,2100
1366,Vistara,Banglore,HYDERABAD,28/03/2025,0:30,1h 9m,2 stops,Eco,54.0,3852.67,500
1367,AirAsia,Bangalore,Cochin,16-Jan-2025,2:30,2h 58m,,Business,20.0,6453.65,360
1368,Vistara,Hyderabad,HYDERABAD,2025-12-23,3:45,,1 stop,BUSINESS,15.0,26999.32,1030
1369,AIR INDIA,Bangalore,Hyderabad,13/03/2025,12:15,1h 8m,non-stop,BUSINESS,22.0,10934.85,500
1370,Air India,Delhi,cochin,27/05/2025,9:15,2h 42m,1 stop,Eco,28.0,16253.84,2100
1371,AIR INDIA,Mumbai,Delhi,03/04/2025,12:45,1h 21m,1 stop,economy,26.0,8975.44,1150
1372,AIR INDIA,Bangalore,Kolkata,06/29/2025,23:00,1h 28m,,Economy,23.0,11364.13,1560
1373,GoAir,Bangalore,Kolkata,2025-06-16,22:15,0h 43m,non-stop,economy,28.0,9132.2,1560
1374,SpiceJet,Banglore,Delhi,2025-07-30,14:45,1h 25m,1 stop,Economy,57.0,10203.61,1740
1375,AIR INDIA,MUMBAI,Hyderabad,2025-01-25,18:00,3h 35m,,economy,50.0,4706.85,620
1376,IndiGo,Chennai,Delhi,09/09/2025,23:45,2h 49m,,Biz,22.0,38229.45,1760
1377,Vistara,Chenai,cochin,02/16/2025,1:45,2h 58m,1 stop,BUSINESS,,11448.15,500
1378,Vistara,MUMBAI,Kolkata,22/02/2025,21:00,3h 26m,,Business,58.0,39277.41,1650
1379,Air India,Banglore,Delhi,12/17/2025,11:15,6h 54m,2 stops,economy,19.0,15601.84,1740
1380,IndiGo,delhi,Kolkata,12/24/2025,14:45,3h 32m,1 Stop,BUSINESS,39.0,27874.46,1300
1381,Spice Jet,Hyderabad,HYDERABAD,17-May-2025,8:00,1h 22m,1 Stop,Biz,36.0,19982.78,1030
1382,Spice Jet,Banglore,Mumbai,2025-07-30,3:00,3h 28m,2 stops,BUSINESS,37.0,18896.45,840
1383,Air India,Delhi,HYDERABAD,06/09/2025,2:00,1h 21m,Non Stop,BUSINESS,47.0,25506.62,1260
1384,Vistara,Chenai,Hyderabad,2025-09-24,17:15,1h 34m,2+ stops,economy,10.0,4922.46,515
1385,indigo,delhi,Delhi,04/12/2025,16:45,2h 6m,,Economy,4.0,8087.21,1030
1386,IndiGo,Banglore,Hyderabad,09/30/2025,8:30,2h 43m,non-stop,Business,9.0,11353.78,500
1387,Go Air,MUMBAI,cochin,20/02/2025,10:00,1h 27m,1 stop,Economy,31.0,6078.78,860
1388,IndiGo,Delhi,Hyderabad,05/03/2025,9:45,2h 46m,non-stop,Eco,18.0,8777.49,1260
1389,Vistara,Banglore,Kolkata,12/14/2025,2:00,1h 19m,Non Stop,Biz,34.0,33197.94,1560
1390,IndiGo,Chennai,cochin,30/04/2025,20:00,1h 3m,1 stop,Business,34.0,10909.98,500
1391,Vistara,Mumbai,Cochin,2025-04-16,20:30,1h 38m,non-stop,Economy,31.0,6990.12,860
1392,Spice Jet,Bangalore,Delhi,04/01/2025,2:45,1h 45m,,Economy,15.0,11906.69,1740
1393,Spice Jet,delhi,Cochin,05-Dec-2025,2:15,,Non Stop,BUSINESS,39.0,35195.12,2100
1394,Air India,Bangalore,Delhi,05/27/2025,6:30,2h 53m,,BUSINESS,50.0,36481.67,1740
1395,Vistara,Banglore,Mumbai,06-May-2025,19:30,1h 43m,1 stop,economy,18.0,7334.57,840
1396,AirAsia,Kolkata,Chennai,06/10/2025,1:15,2h 30m,2 stops,Economy,10.0,10755.41,1360
1397,GoAir,Delhi,cochin,10/14/2025,6:45,6h 50m,non-stop,Eco,53.0,11928.77,2100
1398,GoAir,MUMBAI,cochin,2025-02-11,18:00,4h 15m,2 stops,economy,14.0,6439.39,860
1399,GoAir,Chenai,Bangalore,2025-06-17,9:00,4h 50m,2+ stops,Eco,15.0,2727.85,290
1400,AirAsia,Hyderabad,Delhi,22/10/2025,21:15,3h 17m,,Eco,60.0,8303.87,1260
1401,AirAsia,Banglore,Bangalore,10/05/2025,6:45,1h 48m,1 Stop,BUSINESS,3.0,20810.35,1030
1402,Air India,MUMBAI,cochin,2025-05-08,15:00,3h 26m,non-stop,BUSINESS,,17781.79,860
1403,IndiGo,delhi,Chennai,01/16/2025,23:45,5h 2m,non-stop,Business,58.0,33689.27,1760
1404,IndiGo,Kolkata,Delhi,26/01/2025,18:15,2h 1m,1 stop,Business,24.0,26880.08,1300
1405,indigo,Bangalore,Mumbai,10/23/2025,11:15,5h 50m,1 stop,Economy,,6058.91,840
1406,Air India,Chenai,Hyderabad,2025-05-23,2:30,2h 7m,1 stop,BUSINESS,,11232.0,515
1407,AIR INDIA,Chenai,Kolkata,2025-02-15,20:15,1h 51m,1 stop,economy,21.0,11842.92,1360
1408,indigo,MUMBAI,Hyderabad,29-May-2025,5:45,2h 9m,2 stops,Business,60.0,12922.59,620
1409,Air India,Bangalore,Mumbai,12/08/2025,0:00,3h 40m,non-stop,Business,37.0,18176.61,840
1410,indigo,MUMBAI,cochin,01/03/2025,5:15,1h 25m,1 stop,Biz,55.0,16568.05,860
1411,Air India,Delhi,Bangalore,2025-02-26,3:00,2h 55m,non-stop,economy,37.0,12809.86,1740
1412,SpiceJet,MUMBAI,Kolkata,22/09/2025,20:15,5h 20m,1 Stop,BUSINESS,42.0,32365.55,1650
1413,SpiceJet,Chenai,Hyderabad,30-Aug-2025,13:45,4h 0m,Non Stop,Economy,33.0,3873.51,515
1414,Vistara,Hyderabad,Delhi,05/14/2025,7:30,5h 15m,2+ stops,BUSINESS,30.0,32393.27,1260
1415,Go Air,Chenai,HYDERABAD,06/02/2025,23:45,1h 36m,1 stop,Economy,59.0,3608.3,515
1416,Vistara,Hyderabad,cochin,06/08/2025,2:30,1h 24m,Non Stop,Economy,19.0,5689.97,700
1417,GoAir,delhi,Chennai,30/11/2025,6:15,1h 16m,2+ stops,economy,2.0,12683.04,1760
1418,AIR INDIA,MUMBAI,Chennai,27-Dec-2025,2:45,3h 45m,Non Stop,economy,32.0,7557.74,1030
1419,GoAir,Chenai,cochin,14-Aug-2025,3:00,3h 13m,,Biz,33.0,8828.56,500
1420,Vistara,Bangalore,Cochin,20-Dec-2025,3:00,1h 22m,1 stop,BUSINESS,41.0,9436.09,360
1421,IndiGo,Banglore,Delhi,11/24/2025,7:45,2h 16m,non-stop,Economy,,12470.89,1740
1422,GoAir,Bangalore,Delhi,07/25/2025,19:15,1h 16m,2 stops,Biz,46.0,31803.1,1740
1423,AirAsia,Bangalore,Mumbai,12-Jan-2025,6:30,1h 52m,,,34.0,5457.47,840
1424,GoAir,MUMBAI,Delhi,02-Aug-2025,1:30,0h 35m,2+ stops,Economy,50.0,7528.67,1150
1425,indigo,Chennai,Cochin,11/06/2025,15:30,3h 54m,1 Stop,Business,37.0,11666.77,500
1426,AirAsia,Hyderabad,Bangalore,05/22/2025,1:30,3h 0m,Non Stop,Biz,45.0,8240.58,500
1427,Spice Jet,Chennai,Mumbai,2025-11-10,20:45,2h 23m,,Economy,14.0,7521.16,1030
1428,AIR INDIA,Hyderabad,Chennai,2025-11-13,6:00,4h 20m,non-stop,Business,60.0,10605.59,515
1429,AirAsia,Chennai,Cochin,14-May-2025,22:15,1h 51m,non-stop,Economy,43.0,3440.31,500
1430,SpiceJet,Delhi,cochin,2025-06-10,2:15,2h 0m,2 stops,BUSINESS,59.0,39465.0,2100
1431,Spice Jet,delhi,HYDERABAD,27/09/2025,11:00,8h 6m,2 stops,economy,30.0,8529.52,1260
1432,Go Air,Kolkata,Delhi,2025-09-16,21:30,2h 37m,2 stops,economy,55.0,8405.87,1300
1433,,Delhi,Cochin,11/06/2025,9:00,1h 8m,2+ stops,economy,49.0,14264.83,2100
1434,indigo,MUMBAI,cochin,26/08/2025,2:00,2h 32m,,Economy,38.0,6279.43,860
1435,indigo,Mumbai,cochin,09-Apr-2025,8:00,4h 4m,1 stop,Business,6.0,21109.25,860
1436,AirAsia,Chenai,Delhi,2025-04-17,13:30,4h 47m,1 stop,Business,13.0,31078.64,1760
1437,Air India,Mumbai,Delhi,18-Mar-2025,4:30,2h 41m,,BUSINESS,52.0,23264.37,1150
1438,AirAsia,Hyderabad,Cochin,2025-03-29,2:15,6h 51m,,Biz,29.0,13383.34,700
1439,Air India,Kolkata,Cochin,2025-11-21,6:15,0h 54m,non-stop,Eco,12.0,14108.8,1900
1440,GoAir,Mumbai,HYDERABAD,2025-12-11,16:30,1h 25m,Non Stop,Eco,46.0,4183.8,620
1441,Vistara,Hyderabad,HYDERABAD,31-Jan-2025,17:15,3h 15m,,Eco,41.0,8125.85,1030
1442,GoAir,Mumbai,Delhi,2025-12-04,12:15,1h 16m,non-stop,BUSINESS,44.0,21075.55,1150
1443,indigo,Kolkata,Delhi,02-Apr-2025,20:00,3h 30m,,BUSINESS,43.0,25301.56,1300
1444,AIR INDIA,Hyderabad,Bangalore,29/11/2025,2:30,1h 58m,2+ stops,Biz,25.0,12815.47,500
1445,SpiceJet,delhi,Chennai,21/06/2025,6:15,2h 55m,,Economy,28.0,12587.07,1760
1446,Vistara,Bangalore,Kolkata,2025-01-17,21:45,2h 56m,,Eco,,11930.11,1560
1447,SpiceJet,Hyderabad,Chennai,2025-01-05,5:30,0h 59m,,,1.0,4158.8,515
1448,Spice Jet,Chenai,HYDERABAD,2025-02-09,17:00,2h 38m,non-stop,BUSINESS,33.0,10061.85,515
1449,AirAsia,MUMBAI,Chennai,18-Apr-2025,16:00,2h 17m,non-stop,economy,6.0,7377.5,1030
1450,Spice Jet,Bangalore,cochin,26/07/2025,21:45,2h 52m,1 stop,Business,51.0,7051.94,360
1451,AIR INDIA,MUMBAI,cochin,01/03/2025,1:00,0h 45m,Non Stop,Biz,17.0,19655.64,860
1452,Air India,Chennai,Hyderabad,07-Apr-2025,4:15,2h 54m,2+ stops,Business,59.0,11902.69,515
1453,,Chennai,Bangalore,31-May-2025,19:45,3h 45m,2+ stops,Biz,48.0,6710.03,290
1454,Vistara,Mumbai,Chennai,04/07/2025,22:45,0h 47m,1 Stop,economy,45.0,8025.33,1030
1455,GoAir,Kolkata,Chennai,07/26/2025,0:15,2h 43m,2 stops,BUSINESS,42.0,27532.52,1360
1456,Air India,Delhi,Cochin,21-Jul-2025,21:15,2h 50m,2+ stops,Biz,50.0,44636.02,2100
1457,,Chenai,Delhi,27-Aug-2025,17:00,2h 48m,1 Stop,Business,60.0,36523.98,1760
1458,IndiGo,Banglore,Bangalore,16/03/2025,5:00,5h 3m,,BUSINESS,54.0,18169.12,1030
1459,GoAir,Mumbai,Chennai,20/10/2025,4:30,5h 27m,1 stop,Eco,27.0,7062.03,1030
1460,IndiGo,Kolkata,HYDERABAD,26/11/2025,22:45,4h 0m,,BUSINESS,50.0,23554.93,1190
1461,Spice Jet,Bangalore,Mumbai,03-Jun-2025,21:00,1h 19m,1 stop,Biz,3.0,18413.74,840
1462,Air India,Hyderabad,Delhi,07/10/2025,14:30,3h 42m,2+ stops,economy,9.0,12359.24,1260
1463,,Chenai,HYDERABAD,22/11/2025,17:45,1h 26m,Non Stop,economy,13.0,3490.21,515
1464,AirAsia,Banglore,Kolkata,30/10/2025,8:30,4h 53m,non-stop,Eco,25.0,9716.25,1560
1465,SpiceJet,Hyderabad,cochin,10/03/2025,22:00,2h 43m,1 Stop,economy,44.0,4263.97,700
1466,AirAsia,MUMBAI,cochin,10-Mar-2025,5:30,1h 8m,,Business,19.0,16756.92,860
1467,IndiGo,Delhi,Hyderabad,2025-03-24,3:15,1h 31m,1 stop,Business,19.0,27466.32,1260
1468,indigo,Hyderabad,HYDERABAD,12/07/2025,15:15,,1 stop,Economy,29.0,8309.33,1030
1469,Air India,Banglore,Cochin,2025-02-18,19:30,2h 15m,2+ stops,economy,33.0,3362.36,360
1470,IndiGo,Hyderabad,Kolkata,27/09/2025,7:45,2h 28m,1 stop,BUSINESS,7.0,28094.58,1190
1471,Spice Jet,Chennai,Hyderabad,08/17/2025,2:45,0h 54m,non-stop,Eco,39.0,3596.66,515
1472,indigo,Delhi,Hyderabad,06/24/2025,2:15,5h 56m,2+ stops,BUSINESS,28.0,28262.65,1260
1473,SpiceJet,Bangalore,Kolkata,03/10/2025,22:45,1h 21m,,BUSINESS,33.0,27948.53,1560
1474,Vistara,Hyderabad,Chennai,2025-03-18,20:15,4h 58m,Non Stop,Biz,11.0,12837.49,515
1475,AIR INDIA,Mumbai,Kolkata,09/10/2025,23:15,7h 39m,2+ stops,Eco,8.0,13648.5,1650
1476,Vistara,Bangalore,Delhi,23-Jul-2025,11:30,3h 40m,non-stop,BUSINESS,10.0,,1740
1477,Air India,Bangalore,Chennai,04/23/2025,3:15,1h 24m,Non Stop,Eco,26.0,2446.36,290
1478,Spice Jet,Delhi,HYDERABAD,2025-03-14,1:00,1h 21m,Non Stop,Eco,30.0,8813.08,1260
1479,Air India,MUMBAI,Kolkata,06/01/2025,6:30,2h 7m,2+ stops,Eco,26.0,13438.54,1650
1480,Go Air,Mumbai,Chennai,02/10/2025,18:15,6h 38m,Non Stop,Eco,25.0,7337.87,1030
1481,Go Air,Bangalore,Cochin,15-Feb-2025,16:15,1h 49m,,Business,11.0,7756.55,360
1482,GoAir,Chenai,Mumbai,22-Mar-2025,13:45,2h 17m,Non Stop,Economy,41.0,6536.29,1030
1483,Go Air,Kolkata,Chennai,11/05/2025,0:45,6h 43m,,BUSINESS,15.0,27156.89,1360
1484,IndiGo,delhi,Cochin,30-Oct-2025,16:00,2h 18m,Non Stop,Business,53.0,39994.4,2100
1485,SpiceJet,delhi,Delhi,05/07/2025,21:00,5h 59m,2+ stops,economy,2.0,8155.2,1030
1486,indigo,Hyderabad,Mumbai,22/04/2025,17:00,3h 33m,2+ stops,Business,21.0,13671.85,620
1487,Go Air,Chennai,Hyderabad,22/12/2025,3:45,4h 49m,non-stop,Economy,35.0,4079.31,515
1488,Air India,delhi,Bangalore,30-May-2025,20:45,7h 30m,,Eco,59.0,13323.43,1740
1489,indigo,Delhi,Kolkata,03/13/2025,7:45,1h 52m,2+ stops,Eco,40.0,9864.53,1300
1490,Spice Jet,Chenai,Mumbai,12/22/2025,18:45,1h 56m,1 Stop,BUSINESS,52.0,21222.54,1030
1491,,MUMBAI,Chennai,2025-11-30,10:45,3h 23m,2 stops,Eco,31.0,7773.32,1030
1492,Go Air,Mumbai,HYDERABAD,01/07/2025,12:30,4h 45m,non-stop,BUSINESS,39.0,12664.87,620
1493,Vistara,Banglore,cochin,10/10/2025,4:45,5h 19m,non-stop,BUSINESS,39.0,8556.02,360
1494,GoAir,Bangalore,Cochin,08/16/2025,21:00,2h 19m,Non Stop,,42.0,2439.46,360
1495,SpiceJet,Mumbai,cochin,2025-01-06,17:30,2h 57m,non-stop,Business,25.0,18650.75,860
1496,indigo,Kolkata,Bangalore,2025-05-15,4:45,1h 42m,,Biz,32.0,34151.09,1560
1497,GoAir,Chenai,Cochin,25-Feb-2025,1:30,4h 25m,2+ stops,Eco,13.0,4253.04,500
1498,IndiGo,Chenai,Bangalore,12/21/2025,21:00,2h 40m,2+ stops,Economy,31.0,2776.28,290
1499,IndiGo,MUMBAI,HYDERABAD,17-Jan-2025,18:00,3h 9m,1 stop,Business,14.0,13493.62,620
1500,Air India,MUMBAI,Chennai,02/04/2025,21:45,2h 12m,2 stops,BUSINESS,7.0,,1030
1501,IndiGo,Mumbai,Bangalore,07/17/2025,7:00,3h 40m,1 stop,Biz,30.0,15268.54,840
1502,SpiceJet,Kolkata,Bangalore,16/01/2025,17:00,2h 13m,2+ stops,Business,26.0,31768.03,1560
1503,Spice Jet,Chenai,Bangalore,21/12/2025,21:15,5h 1m,2+ stops,Business,60.0,6726.77,290
1504,indigo,Delhi,Bangalore,06/12/2025,20:45,2h 42m,1 Stop,BUSINESS,58.0,32941.33,1740
1505,Vistara,Delhi,Hyderabad,2025-02-19,1:00,1h 55m,2+ stops,economy,59.0,10210.69,1260
1506,Spice Jet,Mumbai,Kolkata,11/08/2025,2:30,2h 48m,1 stop,Economy,48.0,9842.3,1650
1507,Air India,Kolkata,Chennai,2025-11-22,2:45,3h 56m,2+ stops,economy,58.0,11875.27,1360
1508,Go Air,MUMBAI,Mumbai,08/07/2025,0:45,2h 1m,,BUSINESS,39.0,21008.89,1030
1509,Air India,delhi,cochin,11-Aug-2025,0:15,3h 31m,1 stop,Eco,15.0,16528.66,2100
1510,Go Air,Kolkata,Delhi,04/11/2025,0:00,3h 6m,non-stop,Eco,9.0,8699.86,1300
1511,AirAsia,Hyderabad,Kolkata,12-Apr-2025,8:15,4h 0m,non-stop,Eco,16.0,,1190
1512,GoAir,MUMBAI,cochin,2025-12-30,21:45,2h 45m,Non Stop,economy,38.0,6306.97,860
1513,IndiGo,Bangalore,Delhi,01/27/2025,9:00,1h 21m,Non Stop,Eco,50.0,11786.16,1740
1514,IndiGo,Banglore,Chennai,23-Oct-2025,21:15,1h 7m,Non Stop,Business,,6853.96,290
1515,Go Air,Chennai,Hyderabad,07/02/2025,21:45,4h 50m,Non Stop,economy,33.0,3603.85,515
1516,Vistara,Chenai,Delhi,2025-11-17,11:30,4h 43m,1 stop,economy,59.0,12450.73,1760
1517,Vistara,Banglore,Hyderabad,10/05/2025,2:00,2h 47m,2 stops,Eco,45.0,4040.81,500
1518,Spice Jet,Chennai,cochin,27/07/2025,18:30,1h 7m,,economy,56.0,3477.79,500
1519,Spice Jet,Bangalore,Cochin,31/08/2025,19:15,7h 20m,1 stop,Eco,3.0,3480.81,360
1520,GoAir,Bangalore,Hyderabad,2025-03-05,6:45,1h 59m,,economy,44.0,3475.52,500
1521,GoAir,Chennai,Delhi,24/04/2025,12:45,1h 23m,,economy,12.0,12727.96,1760
1522,AIR INDIA,Mumbai,Delhi,05/09/2025,15:15,4h 22m,2 stops,Economy,9.0,10773.71,1150
1523,SpiceJet,Mumbai,cochin,19/10/2025,8:00,,non-stop,Eco,54.0,4982.89,860
1524,indigo,delhi,Cochin,2025-02-03,16:15,2h 34m,2 stops,Economy,18.0,15397.0,2100
1525,Air India,MUMBAI,Hyderabad,2025-08-26,10:15,,Non Stop,economy,17.0,5230.96,620
1526,Spice Jet,Delhi,Chennai,2025-07-25,0:00,6h 52m,Non Stop,economy,43.0,11114.21,1760
1527,AirAsia,Delhi,Chennai,22/05/2025,15:45,3h 28m,Non Stop,BUSINESS,24.0,30635.77,1760
1528,GoAir,Banglore,Chennai,04/10/2025,1:45,3h 32m,non-stop,BUSINESS,25.0,6319.81,290
1529,Spice Jet,Chennai,Mumbai,19/05/2025,6:15,1h 7m,2 stops,Economy,7.0,7188.11,1030
1530,Vistara,Chenai,Chennai,2025-06-08,22:15,2h 55m,1 Stop,economy,18.0,8523.37,1030
1531,Go Air,MUMBAI,HYDERABAD,16-Mar-2025,10:45,2h 24m,2+ stops,Eco,39.0,4755.48,620
1532,Air India,Chenai,Delhi,15-Nov-2025,20:30,0h 59m,2+ stops,economy,,13973.21,1760
1533,Air India,Kolkata,Hyderabad,07/07/2025,9:00,3h 38m,2 stops,Business,49.0,27900.42,1190
1534,Vistara,Kolkata,Mumbai,31-Dec-2025,12:30,3h 4m,2 stops,Biz,51.0,36496.48,1650
1535,Spice Jet,Banglore,Chennai,25/04/2025,7:30,0h 42m,Non Stop,BUSINESS,36.0,6130.29,290
1536,indigo,Banglore,Bangalore,2025-01-26,4:30,3h 57m,,BUSINESS,13.0,22563.55,1030
1537,SpiceJet,Mumbai,HYDERABAD,01/06/2025,14:45,3h 37m,,,17.0,4960.49,620
1538,Air India,MUMBAI,Mumbai,2025-02-14,7:45,3h 38m,1 stop,economy,10.0,9007.37,1030
1539,IndiGo,Bangalore,Hyderabad,01/04/2025,12:45,2h 38m,1 stop,Biz,60.0,9542.16,500
1540,IndiGo,Mumbai,Chennai,04/05/2025,10:15,2h 13m,1 stop,Economy,57.0,6128.09,1030
1541,SpiceJet,Chenai,Bangalore,2025-03-31,14:45,3h 23m,1 Stop,BUSINESS,45.0,6123.08,290
1542,AirAsia,Mumbai,Bangalore,03/13/2025,18:45,3h 16m,,economy,11.0,6030.46,840
1543,indigo,Hyderabad,Chennai,20-Aug-2025,7:00,4h 54m,1 stop,Eco,9.0,4585.59,515
1544,Spice Jet,Bangalore,Hyderabad,2025-05-21,18:30,2h 50m,,Eco,7.0,3926.19,500
1545,SpiceJet,Banglore,Delhi,2025-03-08,11:45,3h 32m,Non Stop,Eco,56.0,10354.03,1740
1546,AirAsia,Delhi,Kolkata,19-May-2025,2:30,3h 23m,2+ stops,Business,48.0,,1300
1547,Go Air,Banglore,Chennai,18-Jul-2025,5:00,4h 58m,2+ stops,Business,39.0,5996.53,290
1548,indigo,Kolkata,Hyderabad,2025-11-19,21:15,0h 55m,,Eco,56.0,8255.03,1190
1549,Vistara,Bangalore,Kolkata,03/08/2025,12:15,2h 30m,1 stop,Economy,32.0,11947.06,1560
1550,AirAsia,delhi,Bangalore,2025-01-22,18:30,1h 56m,2+ stops,Biz,49.0,32821.81,1740
1551,indigo,Mumbai,Hyderabad,21/09/2025,19:30,3h 3m,Non Stop,Biz,17.0,12897.49,620
1552,Air India,Mumbai,Delhi,15/10/2025,16:00,2h 12m,1 stop,Economy,,8527.79,1150
1553,indigo,Bangalore,Kolkata,2025-07-12,17:45,,1 stop,Business,55.0,31452.0,1560
1554,GoAir,Hyderabad,cochin,09/03/2025,12:00,5h 20m,2 stops,Business,57.0,14779.27,700
1555,,delhi,Mumbai,03/08/2025,0:00,,1 stop,,26.0,8734.66,1150
1556,indigo,MUMBAI,Delhi,2025-03-29,20:00,,non-stop,BUSINESS,28.0,23380.46,1150
1557,AIR INDIA,Kolkata,Delhi,2025-03-21,2:00,3h 27m,,,5.0,10198.03,1300
1558,Air India,Delhi,cochin,08/10/2025,5:45,2h 25m,Non Stop,Eco,55.0,14746.65,2100
1559,GoAir,Chennai,Cochin,13/03/2025,6:15,1h 2m,1 stop,BUSINESS,10.0,11773.96,500
1560,indigo,Bangalore,Chennai,07/05/2025,19:45,2h 17m,Non Stop,Economy,20.0,2372.34,290
1561,Spice Jet,MUMBAI,Delhi,12/02/2025,15:15,1h 14m,1 stop,Economy,8.0,8115.76,1150
1562,Vistara,Chennai,Delhi,07/23/2025,17:00,1h 49m,1 stop,BUSINESS,58.0,36467.29,1760
1563,Vistara,Delhi,cochin,29/04/2025,7:45,6h 31m,1 stop,Eco,37.0,16136.41,2100
1564,AIR INDIA,Kolkata,Chennai,09/14/2025,15:30,1h 44m,,Biz,14.0,26620.7,1360
1565,indigo,Delhi,cochin,2025-06-02,18:00,1h 43m,Non Stop,Biz,18.0,44035.57,2100
1566,AirAsia,MUMBAI,Kolkata,07-Sep-2025,16:00,3h 16m,2 stops,BUSINESS,27.0,30934.36,1650
1567,indigo,Mumbai,cochin,05-Dec-2025,11:30,4h 7m,1 Stop,Eco,6.0,6242.15,860
1568,,delhi,Cochin,19-Sep-2025,15:00,1h 26m,2 stops,Biz,46.0,45293.35,2100
1569,Vistara,Chenai,Chennai,21-Oct-2025,14:15,3h 28m,Non Stop,Biz,12.0,22760.22,1030
1570,indigo,delhi,Cochin,2025-08-30,12:15,3h 6m,1 stop,,47.0,13943.8,2100
1571,Spice Jet,Banglore,cochin,19/09/2025,15:30,4h 54m,,economy,6.0,3488.33,360
1572,indigo,Kolkata,cochin,12/09/2025,14:15,2h 36m,,Economy,59.0,11403.03,1900
1573,Air India,delhi,Kolkata,05/10/2025,17:30,1h 56m,,Eco,57.0,8471.88,1300
1574,SpiceJet,Chennai,Mumbai,18/11/2025,22:45,2h 36m,1 Stop,Business,18.0,21575.27,1030
1575,indigo,delhi,Hyderabad,2025-12-23,21:00,1h 49m,Non Stop,economy,36.0,9130.41,1260
1576,Air India,Chennai,Mumbai,14-Apr-2025,21:15,10h 17m,Non Stop,Eco,,7673.63,1030
1577,Spice Jet,Hyderabad,Chennai,26/02/2025,4:00,3h 4m,2+ stops,Biz,5.0,12492.4,515
1578,Go Air,MUMBAI,HYDERABAD,2025-10-18,1:45,3h 16m,2+ stops,economy,27.0,5053.1,620
1579,AirAsia,Chennai,Delhi,2025-05-09,9:15,7h 1m,1 Stop,Business,,29257.31,1760
1580,Vistara,Banglore,Hyderabad,18/11/2025,13:00,2h 25m,1 stop,Business,10.0,13208.53,500
1581,AIR INDIA,Hyderabad,HYDERABAD,11/14/2025,22:30,3h 39m,2 stops,Economy,29.0,9003.57,1030
1582,Spice Jet,Chennai,cochin,12/09/2025,12:30,3h 21m,1 stop,Eco,23.0,3811.18,500
1583,GoAir,MUMBAI,Mumbai,2025-09-14,20:15,4h 46m,1 stop,Biz,20.0,22451.92,1030
1584,AIR INDIA,Hyderabad,Kolkata,03/17/2025,21:45,1h 58m,2+ stops,Economy,28.0,10727.72,1190
1585,Air India,Delhi,Hyderabad,25-Dec-2025,21:15,3h 14m,,Eco,58.0,9204.51,1260
1586,IndiGo,Kolkata,Chennai,2025-08-03,14:00,2h 2m,Non Stop,,5.0,9693.04,1360
1587,indigo,Chennai,cochin,2025-11-25,8:45,4h 24m,2+ stops,Eco,12.0,4298.37,500
1588,AIR INDIA,Chennai,Kolkata,22/01/2025,18:15,1h 36m,Non Stop,Eco,12.0,10475.68,1360
1589,GoAir,delhi,HYDERABAD,2025-08-04,18:45,3h 40m,Non Stop,Economy,6.0,9073.21,1260
1590,SpiceJet,Bangalore,HYDERABAD,26-Dec-2025,9:00,3h 45m,2+ stops,Business,1.0,11798.85,500
1591,Vistara,Bangalore,cochin,2025-11-30,7:30,1h 43m,Non Stop,BUSINESS,59.0,6691.16,360
1592,GoAir,Mumbai,Bangalore,12/06/2025,6:45,2h 57m,,economy,55.0,5930.08,840
1593,indigo,Delhi,HYDERABAD,03/07/2025,9:30,4h 26m,2 stops,Eco,45.0,9389.68,1260
1594,Air India,Chenai,cochin,2025-02-19,23:00,2h 2m,1 stop,Economy,20.0,4151.82,500
1595,Spice Jet,Delhi,HYDERABAD,19-Feb-2025,14:00,6h 47m,1 stop,Economy,38.0,9341.46,1260
1596,Air India,Chenai,Kolkata,24-Dec-2025,21:00,0h 44m,,BUSINESS,8.0,,1360
1597,Air India,Kolkata,Bangalore,06/19/2025,5:45,1h 48m,1 Stop,economy,53.0,9334.61,1560
1598,IndiGo,delhi,Mumbai,16-Jan-2025,13:45,1h 26m,1 Stop,Business,27.0,24805.43,1150
1599,AirAsia,Kolkata,Mumbai,24-Sep-2025,0:15,2h 58m,2+ stops,BUSINESS,32.0,30566.13,1650
1600,AIR INDIA,Chennai,Cochin,09/28/2025,9:45,4h 9m,2+ stops,BUSINESS,2.0,14006.04,500
1601,indigo,Banglore,HYDERABAD,19-Nov-2025,14:45,1h 29m,,Business,3.0,11507.91,500
1602,Vistara,MUMBAI,cochin,17/10/2025,10:30,3h 14m,1 stop,Business,21.0,21595.54,860
1603,,Mumbai,Delhi,10/04/2025,18:00,3h 40m,2+ stops,Biz,50.0,24059.87,1150
1604,Spice Jet,Hyderabad,Bangalore,2025-10-16,16:45,2h 38m,2 stops,BUSINESS,14.0,9866.7,500
1605,indigo,Kolkata,Hyderabad,10/03/2025,8:30,1h 14m,2 stops,BUSINESS,18.0,25953.33,1190
1606,GoAir,Hyderabad,HYDERABAD,05/05/2025,11:00,,non-stop,Biz,56.0,18414.53,1030
1607,AIR INDIA,Banglore,cochin,2025-02-27,15:30,2h 36m,1 stop,Eco,38.0,3295.41,360
1608,SpiceJet,delhi,Chennai,04/22/2025,13:15,2h 27m,2+ stops,Eco,4.0,12823.42,1760
1609,IndiGo,Bangalore,HYDERABAD,2025-11-22,6:00,1h 3m,1 stop,economy,28.0,4038.37,500
1610,GoAir,Hyderabad,Bangalore,17-Jun-2025,12:00,3h 2m,2 stops,BUSINESS,,10083.09,500
1611,Go Air,Kolkata,Bangalore,05/08/2025,18:45,2h 8m,non-stop,Eco,21.0,10410.34,1560
1612,indigo,Mumbai,Delhi,2025-09-29,4:00,2h 47m,Non Stop,Economy,14.0,8119.94,1150
1613,,Banglore,Cochin,09/12/2025,19:45,5h 55m,Non Stop,Business,45.0,7660.42,360
1614,AirAsia,Mumbai,Hyderabad,2025-08-09,13:15,4h 36m,2+ stops,economy,,5087.92,620
1615,GoAir,Hyderabad,Kolkata,2025-09-27,12:15,3h 15m,Non Stop,Business,31.0,20583.86,1190
1616,AIR INDIA,Delhi,Cochin,12/04/2025,5:15,5h 58m,2 stops,economy,40.0,15858.72,2100
1617,AIR INDIA,Hyderabad,Chennai,2025-01-02,9:15,1h 10m,2+ stops,Business,42.0,12492.39,515
1618,GoAir,Banglore,Chennai,26/02/2025,14:45,4h 55m,2 stops,Biz,46.0,7127.43,290
1619,Spice Jet,Chennai,cochin,11-Jul-2025,16:45,6h 52m,non-stop,Economy,48.0,3645.01,500
1620,IndiGo,Chennai,Mumbai,09-Dec-2025,19:00,4h 56m,non-stop,Biz,46.0,22488.77,1030
1621,Spice Jet,Banglore,Delhi,09-Jun-2025,20:15,4h 1m,,Business,38.0,37842.64,1740
1622,,Hyderabad,cochin,2025-10-13,8:30,1h 23m,2 stops,Economy,13.0,5588.68,700
1623,AIR INDIA,Kolkata,cochin,27-Dec-2025,2:30,0h 58m,1 stop,Business,24.0,42355.71,1900
1624,AIR INDIA,Delhi,Cochin,2025-11-25,20:45,1h 52m,,Business,42.0,43520.83,2100
1625,GoAir,Banglore,Cochin,04-Feb-2025,11:45,6h 48m,1 stop,economy,4.0,3323.7,360
1626,Go Air,delhi,Delhi,04/30/2025,23:45,1h 31m,2+ stops,Biz,49.0,18884.83,1030
1627,Spice Jet,Bangalore,Chennai,02/12/2025,7:30,0h 53m,1 stop,economy,48.0,2132.77,290
1628,Spice Jet,MUMBAI,Delhi,2025-03-09,15:15,1h 21m,1 Stop,Biz,31.0,24774.46,1150
1629,Spice Jet,delhi,Chennai,16/10/2025,17:00,1h 15m,,Eco,54.0,10652.69,1760
1630,IndiGo,Chennai,Bangalore,30-Sep-2025,5:15,5h 41m,1 stop,,54.0,2597.96,290
1631,AIR INDIA,Banglore,Delhi,2025-03-28,7:15,3h 43m,1 stop,economy,,12078.09,1740
1632,AirAsia,delhi,Mumbai,22/05/2025,3:15,5h 35m,1 Stop,Biz,56.0,20937.57,1150
1633,Air India,Kolkata,Mumbai,30-Dec-2025,23:30,2h 44m,1 stop,Biz,55.0,35089.85,1650
1634,Vistara,Mumbai,Bangalore,01/19/2025,13:45,2h 54m,non-stop,Biz,10.0,20085.54,840
1635,Air India,Bangalore,Mumbai,2025-12-02,21:45,1h 26m,,economy,53.0,6129.3,840
1636,SpiceJet,MUMBAI,Bangalore,10/13/2025,8:00,1h 26m,1 stop,Eco,39.0,5620.68,840
1637,indigo,Chennai,Mumbai,03/05/2025,12:45,2h 3m,non-stop,Eco,55.0,6933.39,1030
1638,Vistara,Delhi,Bangalore,2025-02-02,8:45,4h 25m,2+ stops,Business,12.0,46138.29,1740
1639,indigo,MUMBAI,Chennai,2025-07-18,14:30,1h 6m,,economy,17.0,7808.53,1030
1640,Go Air,Banglore,Bangalore,03-Dec-2025,9:15,1h 43m,,BUSINESS,47.0,19395.8,1030
1641,Vistara,Kolkata,Mumbai,2025-12-20,7:45,2h 10m,1 stop,,3.0,14982.99,1650
1642,IndiGo,Bangalore,Hyderabad,01-Dec-2025,10:45,2h 43m,Non Stop,economy,45.0,3801.38,500
1643,IndiGo,delhi,Hyderabad,20-Oct-2025,17:00,2h 4m,2 stops,Eco,19.0,9825.87,1260
1644,Spice Jet,MUMBAI,Delhi,14/05/2025,7:30,7h 38m,,Economy,13.0,9575.89,1150
1645,IndiGo,Mumbai,Cochin,2025-08-15,22:15,5h 0m,2 stops,BUSINESS,,19597.3,860
1646,Spice Jet,delhi,cochin,04/23/2025,19:45,1h 38m,non-stop,Eco,2.0,15606.51,2100
1647,AIR INDIA,Kolkata,HYDERABAD,2025-12-24,21:45,2h 5m,2+ stops,Economy,26.0,10473.96,1190
1648,IndiGo,Chennai,Cochin,10/21/2025,22:15,1h 48m,2 stops,BUSINESS,59.0,9139.39,500
1649,IndiGo,Chenai,Cochin,18-Mar-2025,10:45,3h 12m,2 stops,Eco,8.0,4681.53,500
1650,AirAsia,Delhi,Mumbai,2025-05-08,18:00,2h 12m,1 stop,Business,34.0,21632.42,1150
1651,IndiGo,Banglore,Chennai,24-Oct-2025,9:30,2h 36m,1 Stop,Business,28.0,6465.85,290
1652,SpiceJet,Hyderabad,Kolkata,20/01/2025,9:15,4h 7m,1 Stop,economy,44.0,8208.74,1190
1653,indigo,Delhi,Chennai,12/12/2025,10:30,3h 1m,1 Stop,economy,7.0,13058.78,1760
1654,indigo,Chenai,cochin,2025-03-03,6:45,1h 8m,,Economy,7.0,4063.57,500
1655,Go Air,Chenai,Bangalore,21-Jan-2025,12:00,1h 25m,Non Stop,Eco,17.0,2148.83,290
1656,Air India,Hyderabad,Bangalore,2025-02-20,23:45,0h 54m,,BUSINESS,13.0,12857.3,500
1657,indigo,Chenai,Chennai,2025-08-09,17:30,1h 36m,1 Stop,Biz,43.0,20638.27,1030
1658,Spice Jet,Chenai,Delhi,2025-12-11,15:00,1h 1m,1 Stop,BUSINESS,10.0,35694.25,1760
1659,Spice Jet,Chenai,cochin,24/11/2025,9:45,2h 55m,2 stops,economy,50.0,3528.38,500
1660,SpiceJet,Banglore,cochin,2025-09-13,16:15,2h 56m,Non Stop,Business,46.0,7064.16,360
1661,SpiceJet,Chennai,Hyderabad,04/09/2025,20:15,5h 52m,Non Stop,Business,22.0,10731.08,515
1662,AirAsia,Chenai,Bangalore,2025-03-02,8:15,1h 7m,,Eco,50.0,2107.56,290
1663,Go Air,Kolkata,Cochin,18-Nov-2025,17:45,0h 42m,1 Stop,Biz,60.0,31504.45,1900
1664,indigo,MUMBAI,Bangalore,2025-11-04,2:45,2h 6m,2+ stops,Eco,47.0,5790.57,840
1665,AirAsia,Bangalore,cochin,04/05/2025,22:00,2h 22m,,Business,30.0,7397.05,360
1666,AirAsia,Bangalore,HYDERABAD,2025-06-05,20:30,3h 25m,non-stop,Economy,47.0,3687.95,500
1667,GoAir,delhi,HYDERABAD,23-Oct-2025,1:00,,1 Stop,Biz,31.0,23018.4,1260
1668,SpiceJet,delhi,Kolkata,19/09/2025,3:45,1h 52m,2+ stops,Economy,19.0,10829.15,1300
1669,SpiceJet,Hyderabad,Delhi,2025-06-13,16:00,0h 50m,non-stop,Eco,20.0,8535.3,1260
1670,AIR INDIA,Bangalore,cochin,2025-03-29,6:30,0h 53m,2 stops,Biz,31.0,8641.25,360
1671,GoAir,Mumbai,HYDERABAD,07/15/2025,11:45,1h 30m,2 stops,Business,5.0,13263.91,620
1672,GoAir,Delhi,HYDERABAD,04-Oct-2025,0:15,7h 29m,,Business,32.0,22776.56,1260
1673,indigo,Delhi,cochin,03/24/2025,10:15,5h 1m,2 stops,Biz,4.0,51743.91,2100
1674,IndiGo,Chennai,Mumbai,29-Jun-2025,16:15,1h 31m,non-stop,economy,46.0,6530.81,1030
1675,indigo,Bangalore,Mumbai,12/06/2025,17:00,2h 12m,1 stop,Business,21.0,17272.72,840
1676,GoAir,Bangalore,Hyderabad,19-Apr-2025,0:30,,2+ stops,BUSINESS,49.0,10850.18,500
1677,Spice Jet,Banglore,Delhi,05/10/2025,20:30,5h 42m,1 stop,Economy,24.0,10883.89,1740
1678,,MUMBAI,Chennai,2025-01-21,15:45,2h 5m,2 stops,Business,54.0,19110.57,1030
1679,AIR INDIA,delhi,Bangalore,03/05/2025,4:15,1h 1m,non-stop,Business,18.0,38410.79,1740
1680,AirAsia,Kolkata,Hyderabad,12/28/2025,5:45,3h 11m,2+ stops,BUSINESS,52.0,23369.79,1190
1681,SpiceJet,Chennai,Kolkata,02/17/2025,16:30,7h 28m,1 Stop,BUSINESS,17.0,29208.54,1360
1682,SpiceJet,Delhi,Chennai,06/30/2025,14:30,0h 49m,Non Stop,Eco,32.0,11018.49,1760
1683,Spice Jet,Chenai,cochin,01/12/2025,21:30,3h 49m,non-stop,Business,5.0,12183.69,500
1684,GoAir,Chenai,Chennai,26/04/2025,0:45,1h 33m,Non Stop,BUSINESS,30.0,18944.37,1030
1685,Vistara,Chenai,Mumbai,13/02/2025,22:00,2h 40m,2 stops,economy,9.0,9084.79,1030
1686,indigo,Bangalore,Kolkata,2025-08-05,1:15,3h 28m,,Biz,22.0,31683.12,1560
1687,Go Air,Bangalore,cochin,2025-01-05,23:00,4h 22m,Non Stop,BUSINESS,52.0,6888.37,360
1688,indigo,Chennai,cochin,25/02/2025,21:45,4h 15m,2+ stops,economy,15.0,4687.48,500
1689,Go Air,Hyderabad,Chennai,2025-12-30,16:45,3h 2m,1 stop,Biz,59.0,10274.58,515
1690,,Hyderabad,Chennai,18/12/2025,6:45,2h 57m,,Biz,14.0,10529.74,515
1691,Spice Jet,Delhi,Chennai,2025-09-18,0:45,7h 8m,Non Stop,Economy,38.0,11438.26,1760
1692,Vistara,Kolkata,Cochin,2025-04-03,11:00,2h 31m,Non Stop,BUSINESS,25.0,43973.75,1900
1693,GoAir,Delhi,HYDERABAD,01-May-2025,13:30,1h 3m,,Eco,18.0,8945.29,1260
1694,Go Air,Mumbai,Delhi,09/23/2025,19:00,0h 49m,Non Stop,Economy,22.0,7498.48,1150
1695,SpiceJet,Banglore,Hyderabad,02/07/2025,17:00,3h 26m,2+ stops,Economy,36.0,4181.97,500
1696,IndiGo,Delhi,Kolkata,2025-04-27,4:00,1h 55m,non-stop,Biz,20.0,25360.27,1300
1697,AIR INDIA,Delhi,Cochin,21-Mar-2025,3:15,1h 38m,1 Stop,BUSINESS,8.0,54385.81,2100
1698,SpiceJet,Banglore,HYDERABAD,2025-04-06,3:15,0h 51m,1 stop,Eco,40.0,3715.81,500
1699,Spice Jet,Hyderabad,cochin,09-Mar-2025,9:30,3h 27m,1 Stop,BUSINESS,55.0,12208.62,700
1700,GoAir,Bangalore,Delhi,2025-04-16,0:00,1h 11m,1 Stop,Business,,31393.11,1740
1701,indigo,Chenai,Hyderabad,13/10/2025,2:30,,2 stops,Eco,42.0,3730.03,515
1702,indigo,Kolkata,Bangalore,2025-10-18,21:15,3h 29m,,BUSINESS,52.0,31881.02,1560
1703,Air India,Mumbai,Cochin,04/04/2025,5:30,3h 3m,2+ stops,Biz,13.0,20487.74,860
1704,AirAsia,Delhi,HYDERABAD,06/30/2025,23:00,0h 45m,1 stop,Economy,17.0,8202.18,1260
1705,IndiGo,Bangalore,Mumbai,2025-10-18,0:30,1h 21m,1 Stop,economy,52.0,5946.12,840
1706,,Bangalore,Hyderabad,06/11/2025,21:15,4h 19m,Non Stop,Economy,11.0,4086.71,500
1707,Air India,Mumbai,Hyderabad,2025-01-15,10:45,2h 48m,,Business,18.0,14936.13,620
1708,GoAir,Bangalore,cochin,2025-08-31,19:15,5h 17m,1 stop,Eco,47.0,2742.69,360
1709,AIR INDIA,Bangalore,Chennai,10/30/2025,2:00,2h 43m,2+ stops,Biz,,7759.98,290
1710,Vistara,MUMBAI,Chennai,01/05/2025,0:00,3h 8m,non-stop,Eco,54.0,7322.0,1030
1711,Go Air,MUMBAI,Mumbai,25/03/2025,1:00,1h 19m,1 Stop,Eco,,6803.43,1030
1712,Go Air,Chenai,HYDERABAD,2025-05-22,7:45,8h 13m,non-stop,Economy,57.0,3968.37,515
1713,Vistara,Banglore,Kolkata,2025-07-04,9:45,1h 19m,2 stops,,39.0,37059.5,1560
1714,Air India,Kolkata,HYDERABAD,03/12/2025,18:00,3h 6m,non-stop,economy,7.0,9503.43,1190
1715,GoAir,Mumbai,HYDERABAD,29-Oct-2025,0:00,2h 28m,2 stops,BUSINESS,46.0,11730.31,620
1716,Vistara,MUMBAI,Mumbai,08-May-2025,4:15,3h 8m,1 Stop,Business,10.0,25051.12,1030
1717,AIR INDIA,MUMBAI,Bangalore,12/17/2025,7:15,3h 7m,Non Stop,Biz,33.0,18208.68,840
1718,indigo,Chenai,Delhi,16/10/2025,13:15,1h 38m,2+ stops,Eco,19.0,12735.13,1760
1719,Air India,Delhi,cochin,18-Jan-2025,8:45,4h 12m,2+ stops,Economy,53.0,15965.21,2100
1720,Spice Jet,MUMBAI,Chennai,29-Mar-2025,13:00,1h 32m,2+ stops,Eco,58.0,7280.57,1030
1721,SpiceJet,MUMBAI,Hyderabad,2025-01-04,11:00,3h 34m,1 Stop,Biz,12.0,12251.96,620
1722,Air India,Kolkata,HYDERABAD,24/04/2025,0:00,4h 20m,2 stops,BUSINESS,,30101.89,1190
1723,AIR INDIA,Kolkata,Hyderabad,18/02/2025,21:15,1h 43m,1 Stop,Biz,56.0,26788.95,1190
1724,Air India,MUMBAI,Bangalore,01/06/2025,15:30,1h 41m,non-stop,BUSINESS,18.0,,840
1725,Go Air,Mumbai,cochin,10/10/2025,11:30,2h 49m,2 stops,Eco,49.0,6413.37,860
1726,AirAsia,Chenai,HYDERABAD,06/19/2025,12:15,4h 33m,2+ stops,economy,28.0,4106.77,515
1727,IndiGo,Mumbai,Chennai,02/07/2025,16:00,1h 10m,,Business,28.0,22155.45,1030
1728,Spice Jet,Delhi,Hyderabad,31/10/2025,2:45,2h 54m,1 stop,BUSINESS,56.0,22625.34,1260
1729,indigo,Mumbai,HYDERABAD,01/25/2025,16:45,1h 52m,1 stop,Eco,33.0,4900.96,620
1730,Go Air,delhi,Cochin,2025-12-22,9:45,2h 31m,1 stop,Economy,5.0,15125.56,2100
1731,Go Air,Mumbai,cochin,04/02/2025,10:00,9h 35m,1 Stop,Biz,55.0,15604.49,860
1732,SpiceJet,Bangalore,Chennai,09/29/2025,4:15,1h 43m,2+ stops,Business,56.0,5695.86,290
1733,GoAir,Banglore,Kolkata,31/03/2025,15:15,5h 19m,,,32.0,9682.76,1560
1734,Spice Jet,Bangalore,Hyderabad,04/10/2025,4:30,2h 29m,,Economy,8.0,3984.28,500
1735,SpiceJet,Mumbai,Cochin,04/29/2025,19:15,1h 42m,non-stop,Biz,20.0,17477.61,860
1736,indigo,Mumbai,cochin,21/05/2025,7:30,1h 38m,2 stops,Business,46.0,18705.51,860
1737,Vistara,Mumbai,Cochin,09/02/2025,19:00,1h 30m,non-stop,economy,44.0,6419.34,860
1738,Vistara,Chennai,Cochin,06/07/2025,23:45,1h 48m,1 Stop,Economy,10.0,4162.84,500
1739,Go Air,Banglore,Bangalore,2025-03-26,10:15,7h 30m,2+ stops,Business,2.0,22944.5,1030
1740,IndiGo,Chenai,cochin,2025-03-24,23:45,3h 9m,non-stop,economy,10.0,4284.05,500
1741,AIR INDIA,MUMBAI,Chennai,2025-12-27,11:45,2h 40m,1 stop,Economy,15.0,8184.72,1030
1742,AIR INDIA,Chennai,Mumbai,16/04/2025,21:30,1h 53m,,economy,10.0,8536.79,1030
1743,GoAir,Delhi,Kolkata,05/09/2025,11:00,4h 46m,non-stop,economy,30.0,8053.72,1300
1744,AIR INDIA,Mumbai,Bangalore,2025-08-05,5:30,2h 35m,2+ stops,Eco,32.0,7348.45,840
1745,GoAir,Kolkata,Hyderabad,03/02/2025,15:15,1h 3m,non-stop,Business,21.0,21998.16,1190
1746,,Kolkata,Delhi,2025-07-09,6:30,2h 15m,1 stop,Biz,44.0,27742.07,1300
1747,AIR INDIA,Bangalore,Kolkata,06/13/2025,9:30,2h 4m,non-stop,economy,54.0,11249.22,1560
1748,AIR INDIA,Mumbai,Cochin,26/08/2025,14:00,1h 16m,Non Stop,economy,23.0,6383.21,860
1749,AirAsia,Hyderabad,Mumbai,22/04/2025,8:30,1h 35m,2 stops,Economy,42.0,4229.99,620
1750,GoAir,Chenai,HYDERABAD,06/30/2025,9:45,2h 56m,1 stop,economy,23.0,3745.75,515
1751,IndiGo,Chennai,Kolkata,04-Aug-2025,23:45,2h 51m,Non Stop,Economy,3.0,9226.43,1360
1752,AirAsia,Bangalore,Chennai,2025-09-17,18:30,3h 20m,1 stop,Eco,22.0,2273.23,290
1753,Vistara,Hyderabad,cochin,12/12/2025,7:00,6h 6m,non-stop,BUSINESS,37.0,16097.43,700
1754,AIR INDIA,Bangalore,cochin,21/12/2025,10:15,0h 49m,,,41.0,2980.79,360
1755,IndiGo,Mumbai,Bangalore,18/02/2025,2:45,1h 31m,2+ stops,,8.0,20428.82,840
1756,SpiceJet,Mumbai,Kolkata,16-Aug-2025,7:00,2h 27m,,Eco,33.0,10917.03,1650
1757,indigo,delhi,Bangalore,2025-12-16,11:45,3h 8m,2 stops,BUSINESS,51.0,37609.98,1740
1758,Go Air,delhi,Hyderabad,06/06/2025,2:00,5h 15m,1 Stop,Business,6.0,26458.78,1260
1759,Go Air,Banglore,Chennai,02/16/2025,11:15,1h 50m,1 stop,Eco,43.0,2309.26,290
1760,IndiGo,MUMBAI,Delhi,28-Jun-2025,17:00,1h 1m,1 Stop,Economy,21.0,7523.11,1150
1761,Air India,Bangalore,Delhi,2025-10-10,21:00,4h 5m,2 stops,BUSINESS,10.0,32911.86,1740
1762,indigo,Banglore,Delhi,11/14/2025,12:15,1h 38m,,Biz,13.0,38407.78,1740
1763,Air India,delhi,HYDERABAD,26-Sep-2025,21:00,5h 25m,2+ stops,BUSINESS,45.0,27264.59,1260
1764,Air India,Banglore,Chennai,02/13/2025,10:15,1h 40m,non-stop,Biz,40.0,6317.78,290
1765,Go Air,Chennai,HYDERABAD,2025-10-19,1:00,2h 13m,2+ stops,Eco,7.0,,515
1766,AirAsia,Banglore,Mumbai,2025-12-02,3:30,4h 11m,,Eco,20.0,6526.49,840
1767,Go Air,Delhi,Cochin,02/04/2025,10:30,4h 17m,2 stops,Economy,8.0,15794.33,2100
1768,GoAir,Hyderabad,Cochin,29/01/2025,20:00,1h 8m,Non Stop,economy,16.0,4844.83,700
1769,IndiGo,Chenai,cochin,01/24/2025,3:00,3h 35m,1 stop,Economy,41.0,4106.04,500
1770,Go Air,Kolkata,Hyderabad,09-Jan-2025,20:30,4h 52m,Non Stop,BUSINESS,2.0,24631.09,1190
1771,indigo,Chenai,Hyderabad,2025-02-12,12:00,3h 28m,Non Stop,Business,32.0,10342.16,515
1772,Spice Jet,Kolkata,Mumbai,10/02/2025,22:15,3h 21m,2+ stops,Business,52.0,35512.76,1650
1773,AIR INDIA,Chennai,Kolkata,03-Oct-2025,22:00,2h 33m,,economy,38.0,9633.02,1360
1774,Air India,Chennai,HYDERABAD,29/10/2025,8:00,5h 11m,non-stop,Biz,6.0,12613.46,515
1775,Air India,MUMBAI,Hyderabad,01/16/2025,5:15,5h 9m,2+ stops,Biz,36.0,13971.75,620
1776,indigo,delhi,Kolkata,06/09/2025,11:00,5h 37m,2+ stops,Economy,30.0,10556.38,1300
1777,AirAsia,Chenai,HYDERABAD,2025-02-02,17:30,3h 37m,1 stop,Eco,40.0,3722.12,515
1778,Vistara,Chennai,cochin,03/26/2025,19:45,3h 23m,non-stop,Economy,6.0,4933.18,500
1779,Spice Jet,delhi,HYDERABAD,12/05/2025,17:30,2h 4m,1 stop,Biz,43.0,21858.22,1260
1780,Air India,Kolkata,Chennai,08/07/2025,5:45,3h 44m,,economy,43.0,9917.62,1360
1781,GoAir,Chenai,HYDERABAD,2025-08-08,4:30,4h 13m,2 stops,Economy,40.0,4169.4,515
1782,Vistara,Delhi,HYDERABAD,03/05/2025,23:30,1h 14m,,economy,20.0,10501.63,1260
1783,Go Air,Bangalore,Cochin,27-Jun-2025,2:30,2h 15m,2 stops,BUSINESS,42.0,7479.54,360
1784,AirAsia,Banglore,Bangalore,29-May-2025,11:30,1h 25m,,BUSINESS,24.0,18589.69,1030
1785,Go Air,Chennai,Kolkata,12/05/2025,23:00,2h 8m,1 Stop,Eco,12.0,9199.65,1360
1786,SpiceJet,Delhi,cochin,16/07/2025,11:15,5h 4m,,Eco,58.0,14307.73,2100
1787,GoAir,Chenai,Mumbai,07/12/2025,7:00,6h 49m,non-stop,Business,13.0,20496.81,1030
1788,Vistara,Chenai,cochin,29/05/2025,6:30,1h 51m,1 stop,Biz,8.0,12900.99,500
1789,Spice Jet,Hyderabad,Cochin,20/06/2025,8:45,1h 43m,2 stops,economy,7.0,5430.81,700
1790,Go Air,Bangalore,Cochin,26-Nov-2025,10:00,1h 22m,2 stops,Eco,5.0,2738.15,360
1791,indigo,Mumbai,Cochin,2025-07-12,7:30,4h 25m,non-stop,Eco,2.0,7105.85,860
1792,GoAir,Chenai,Mumbai,17-Feb-2025,2:45,1h 57m,non-stop,,2.0,7413.74,1030
1793,Spice Jet,MUMBAI,HYDERABAD,09-Mar-2025,0:15,0h 54m,2 stops,Economy,19.0,5327.84,620
1794,AirAsia,Mumbai,Hyderabad,18/05/2025,2:30,1h 37m,2+ stops,economy,28.0,4304.47,620
1795,SpiceJet,Delhi,Chennai,28/07/2025,10:15,3h 48m,2 stops,Biz,47.0,36412.09,1760
1796,Go Air,Chenai,Bangalore,12/17/2025,23:15,5h 40m,Non Stop,Eco,38.0,2311.1,290
1797,GoAir,Hyderabad,Bangalore,2025-01-09,19:30,0h 55m,non-stop,economy,37.0,3370.03,500
1798,indigo,Hyderabad,Delhi,2025-08-06,8:45,2h 42m,,Economy,15.0,10038.85,1260
1799,AirAsia,Bangalore,cochin,11/12/2025,17:30,1h 25m,2+ stops,Business,26.0,6738.72,360
1800,Vistara,Chennai,HYDERABAD,03-Jan-2025,23:30,4h 20m,2+ stops,Eco,59.0,4546.69,515
1801,indigo,Kolkata,cochin,28/03/2025,13:15,2h 52m,2 stops,,26.0,40205.68,1900
1802,Air India,Hyderabad,Kolkata,05/31/2025,19:30,1h 42m,,Economy,34.0,8729.42,1190
1803,GoAir,MUMBAI,Bangalore,06/10/2025,3:15,4h 20m,,BUSINESS,14.0,17787.53,840
1804,Air India,Bangalore,cochin,07/30/2025,12:15,1h 27m,non-stop,Business,41.0,8325.88,360
1805,Spice Jet,delhi,cochin,05/09/2025,22:00,5h 6m,,Business,24.0,41972.9,2100
1806,Go Air,Hyderabad,Cochin,11/10/2025,19:00,2h 42m,,,54.0,13142.29,700
1807,SpiceJet,Banglore,Bangalore,26/07/2025,13:45,1h 25m,Non Stop,Eco,55.0,6403.69,1030
1808,AirAsia,Chenai,Kolkata,08-Jan-2025,5:30,1h 11m,non-stop,Business,53.0,22877.15,1360
1809,SpiceJet,Chennai,Cochin,05/20/2025,9:30,,1 stop,BUSINESS,33.0,9426.51,500
1810,AirAsia,Kolkata,HYDERABAD,25/05/2025,5:00,3h 44m,2+ stops,BUSINESS,6.0,27766.16,1190
1811,Spice Jet,Chennai,Bangalore,2025-10-10,23:15,1h 9m,2 stops,Biz,3.0,6825.4,290
1812,AirAsia,Chennai,Cochin,22-May-2025,22:00,1h 32m,,Biz,5.0,10516.03,500
1813,indigo,Mumbai,Delhi,2025-03-22,2:15,3h 56m,Non Stop,BUSINESS,7.0,23427.48,1150
1814,Go Air,delhi,cochin,03/10/2025,17:30,3h 11m,non-stop,Eco,51.0,12247.37,2100
1815,Spice Jet,Kolkata,Chennai,09/07/2025,11:30,1h 43m,,Eco,11.0,9616.95,1360
1816,GoAir,Mumbai,Cochin,2025-04-03,19:45,3h 27m,1 stop,Eco,47.0,5260.97,860
1817,indigo,Banglore,Cochin,2025-02-22,4:45,3h 2m,non-stop,BUSINESS,49.0,6507.02,360
1818,SpiceJet,Chenai,cochin,09/04/2025,1:00,,2+ stops,Eco,23.0,3876.12,500
1819,Spice Jet,Hyderabad,Cochin,24-May-2025,17:45,2h 31m,2 stops,Economy,4.0,5754.68,700
1820,Air India,Delhi,Hyderabad,30/11/2025,3:30,4h 58m,non-stop,Biz,3.0,28251.17,1260
1821,Vistara,Hyderabad,Chennai,04/01/2025,15:15,1h 33m,Non Stop,BUSINESS,11.0,11568.41,515
1822,IndiGo,Mumbai,Bangalore,2025-04-16,0:15,3h 9m,2+ stops,economy,52.0,6101.13,840
1823,Spice Jet,Chennai,Cochin,25/11/2025,0:30,1h 45m,,economy,14.0,3715.88,500
1824,AirAsia,Kolkata,cochin,07/22/2025,13:00,1h 29m,1 Stop,Economy,45.0,11364.65,1900
1825,Air India,Banglore,Bangalore,05/23/2025,6:15,1h 27m,2 stops,,60.0,8676.85,1030
1826,AIR INDIA,Delhi,Kolkata,02-Mar-2025,11:00,3h 36m,2+ stops,Biz,43.0,32689.49,1300
1827,IndiGo,MUMBAI,Chennai,19-Jan-2025,1:15,5h 18m,2+ stops,economy,18.0,9180.37,1030
1828,AirAsia,delhi,Cochin,09/06/2025,18:15,2h 31m,,BUSINESS,25.0,42573.17,2100
1829,Go Air,Mumbai,Kolkata,12/20/2025,19:15,2h 16m,,,26.0,30350.72,1650
1830,AIR INDIA,Chenai,Cochin,12/27/2025,17:00,3h 27m,1 Stop,Eco,52.0,3753.95,500
1831,GoAir,Bangalore,cochin,02/26/2025,23:45,2h 58m,2+ stops,economy,27.0,2843.9,360
1832,GoAir,delhi,Delhi,25-May-2025,14:30,1h 7m,,Biz,54.0,20215.06,1030
1833,Air India,Hyderabad,Cochin,11/04/2025,17:15,1h 53m,,Business,59.0,14223.2,700
1834,indigo,Bangalore,Mumbai,2025-03-26,5:15,1h 22m,1 stop,Biz,34.0,16120.71,840
1835,Vistara,Banglore,Chennai,09-Oct-2025,8:15,1h 56m,2 stops,economy,52.0,2554.85,290
1836,SpiceJet,Delhi,HYDERABAD,07/01/2025,10:45,1h 43m,2+ stops,Eco,2.0,9854.81,1260
1837,Go Air,Mumbai,Cochin,2025-10-08,18:15,5h 25m,1 stop,Eco,21.0,6464.94,860
1838,GoAir,Mumbai,Chennai,07/05/2025,21:00,1h 21m,,Eco,57.0,6552.28,1030
1839,Vistara,Chenai,Kolkata,11/10/2025,14:15,4h 28m,,BUSINESS,2.0,32607.23,1360
1840,Vistara,delhi,Hyderabad,2025-12-26,5:15,2h 38m,,Economy,54.0,9909.56,1260
1841,AirAsia,Delhi,Hyderabad,03/08/2025,21:15,1h 46m,1 stop,BUSINESS,29.0,22836.05,1260
1842,IndiGo,Bangalore,Hyderabad,02/12/2025,10:15,4h 2m,2+ stops,Business,30.0,11660.48,500
1843,AIR INDIA,Hyderabad,Delhi,04/08/2025,6:00,1h 49m,non-stop,Eco,24.0,9874.38,1260
1844,Go Air,Chenai,HYDERABAD,2025-03-15,21:45,6h 29m,Non Stop,Biz,15.0,10232.13,515
1845,SpiceJet,Kolkata,Bangalore,08/30/2025,3:15,2h 47m,,Business,2.0,32115.03,1560
1846,Go Air,Delhi,Bangalore,12/20/2025,2:15,1h 2m,1 stop,economy,11.0,12430.24,1740
1847,AIR INDIA,delhi,Delhi,2025-12-11,6:30,3h 19m,1 Stop,Economy,22.0,7912.56,1030
1848,SpiceJet,Kolkata,Mumbai,2025-05-23,8:15,2h 47m,non-stop,Business,48.0,29067.78,1650
1849,AirAsia,Delhi,HYDERABAD,2025-11-10,0:30,1h 30m,2 stops,Business,5.0,27206.6,1260
1850,indigo,delhi,Hyderabad,01/11/2025,8:00,1h 14m,Non Stop,BUSINESS,17.0,29193.4,1260
1851,Air India,Chenai,Cochin,16/09/2025,8:45,3h 43m,1 Stop,economy,47.0,4275.71,500
1852,indigo,Kolkata,HYDERABAD,2025-09-18,3:30,1h 36m,2 stops,Eco,24.0,9297.0,1190
1853,GoAir,MUMBAI,Bangalore,2025-10-01,1:15,3h 58m,1 stop,Eco,27.0,6205.06,840
1854,GoAir,Mumbai,Delhi,31/01/2025,21:15,2h 30m,1 stop,economy,55.0,6834.48,1150
1855,Vistara,Hyderabad,cochin,2025-03-17,4:30,3h 30m,,BUSINESS,28.0,16867.44,700
1856,IndiGo,Mumbai,Bangalore,05/11/2025,14:30,1h 37m,1 Stop,BUSINESS,37.0,17278.71,840
1857,Air India,delhi,Cochin,05-Dec-2025,18:30,3h 36m,non-stop,Biz,31.0,45840.95,2100
1858,SpiceJet,Kolkata,Delhi,2025-05-10,18:15,2h 36m,1 Stop,Biz,40.0,25307.35,1300
1859,Spice Jet,Delhi,Cochin,28-Mar-2025,21:30,2h 23m,1 stop,Business,52.0,39801.12,2100
1860,Air India,Mumbai,cochin,07/09/2025,13:00,2h 23m,Non Stop,BUSINESS,7.0,19493.39,860
1861,AIR INDIA,Banglore,cochin,26/07/2025,4:45,2h 47m,2+ stops,Economy,39.0,3350.27,360
1862,SpiceJet,Chenai,Chennai,2025-12-13,12:30,2h 36m,2+ stops,economy,5.0,7661.29,1030
1863,GoAir,Delhi,Chennai,07/19/2025,23:30,2h 58m,2 stops,Eco,30.0,11974.26,1760
1864,SpiceJet,Bangalore,Kolkata,2025-08-26,4:30,1h 37m,,Biz,26.0,33737.35,1560
1865,Air India,Bangalore,HYDERABAD,09/23/2025,8:45,4h 6m,2 stops,Eco,25.0,4631.86,500
1866,Go Air,MUMBAI,Mumbai,12-Nov-2025,10:00,1h 49m,1 stop,economy,47.0,6668.89,1030
1867,IndiGo,Kolkata,Cochin,2025-08-31,22:30,4h 59m,1 stop,BUSINESS,36.0,43475.03,1900
1868,Spice Jet,delhi,Chennai,10-Nov-2025,21:45,8h 2m,,BUSINESS,14.0,33783.3,1760
1869,,Bangalore,Delhi,10/28/2025,22:15,4h 0m,non-stop,economy,20.0,11505.77,1740
1870,Spice Jet,Mumbai,Kolkata,01/13/2025,10:00,5h 46m,2 stops,Eco,22.0,13467.62,1650
1871,Go Air,MUMBAI,Hyderabad,13/04/2025,5:45,4h 34m,Non Stop,Biz,56.0,11218.7,620
1872,Go Air,MUMBAI,Delhi,2025-02-22,3:30,1h 49m,,Biz,49.0,20909.34,1150
1873,Air India,delhi,cochin,08/26/2025,18:15,1h 43m,2 stops,Economy,45.0,14782.12,2100
1874,AIR INDIA,Chennai,Hyderabad,09/15/2025,5:15,,,,39.0,11861.59,515
1875,Go Air,Kolkata,cochin,28/12/2025,5:45,5h 58m,,Business,25.0,38763.95,1900
1876,Air India,Chenai,Kolkata,06/19/2025,5:00,7h 57m,,economy,23.0,10483.76,1360
1877,Vistara,Kolkata,Cochin,10/11/2025,14:30,1h 45m,,Economy,49.0,14094.23,1900
1878,GoAir,Kolkata,HYDERABAD,2025-05-21,20:30,2h 13m,1 Stop,Economy,35.0,7772.75,1190
1879,Spice Jet,Chennai,Mumbai,29-Jul-2025,10:00,4h 37m,2 stops,Economy,53.0,7333.71,1030
1880,indigo,delhi,Bangalore,2025-07-10,15:15,1h 16m,Non Stop,Economy,1.0,11824.16,1740
1881,indigo,Kolkata,HYDERABAD,2025-07-20,7:15,3h 25m,1 Stop,economy,36.0,9223.98,1190
1882,Go Air,MUMBAI,cochin,04/03/2025,11:00,4h 28m,,Biz,44.0,17345.33,860
1883,SpiceJet,Banglore,Mumbai,04-Jun-2025,21:00,3h 30m,1 stop,economy,46.0,5675.67,840
1884,IndiGo,Banglore,Delhi,11-Dec-2025,14:15,7h 50m,2 stops,BUSINESS,13.0,39412.36,1740
1885,indigo,Delhi,Chennai,07-Apr-2025,12:30,1h 45m,2 stops,BUSINESS,59.0,34778.77,1760
1886,AIR INDIA,Chennai,Delhi,21-Jul-2025,20:30,4h 2m,Non Stop,Eco,14.0,12979.35,1760
1887,Go Air,Chennai,cochin,27/07/2025,23:15,2h 8m,non-stop,economy,55.0,3209.62,500
1888,IndiGo,Banglore,cochin,2025-10-06,10:15,2h 24m,2+ stops,BUSINESS,25.0,8476.83,360
1889,SpiceJet,Banglore,Kolkata,13/10/2025,12:15,1h 12m,2 stops,economy,14.0,12515.61,1560
1890,indigo,Banglore,Kolkata,25/02/2025,2:15,4h 5m,1 stop,Eco,43.0,11541.32,1560
1891,Vistara,MUMBAI,Mumbai,21-Feb-2025,17:15,4h 4m,,Eco,23.0,,1030
1892,Vistara,MUMBAI,Delhi,19/02/2025,10:00,2h 29m,2 stops,Eco,39.0,9660.98,1150
1893,Spice Jet,Chenai,Chennai,2025-04-04,3:15,3h 33m,non-stop,Economy,11.0,6835.84,1030
1894,indigo,Kolkata,Bangalore,2025-05-20,5:30,5h 12m,2+ stops,BUSINESS,45.0,33961.73,1560
1895,Vistara,Banglore,Mumbai,07/08/2025,16:45,1h 34m,1 Stop,,35.0,7149.11,840
1896,AirAsia,Chennai,Bangalore,04/26/2025,21:00,3h 10m,Non Stop,Biz,49.0,5002.99,290
1897,,delhi,Chennai,04/19/2025,10:30,2h 52m,,BUSINESS,57.0,35231.14,1760
1898,GoAir,Chenai,Delhi,2025-10-18,16:15,1h 57m,1 stop,Eco,19.0,13642.72,1760
1899,indigo,Mumbai,Kolkata,11/17/2025,16:15,2h 6m,2+ stops,Biz,59.0,36456.64,1650
1900,AirAsia,Chennai,Mumbai,23-Apr-2025,11:45,2h 43m,1 stop,economy,38.0,7283.52,1030
1901,GoAir,Chennai,Kolkata,29-Jan-2025,11:45,1h 8m,1 stop,economy,55.0,8535.12,1360
1902,Vistara,Hyderabad,Bangalore,01/23/2025,14:15,1h 30m,,Economy,55.0,4203.07,500
1903,GoAir,Mumbai,Delhi,2025-05-05,10:45,1h 34m,2 stops,BUSINESS,38.0,21801.72,1150
1904,GoAir,Chennai,Mumbai,05-Apr-2025,4:00,4h 24m,2 stops,Economy,26.0,7934.79,1030
1905,Go Air,Banglore,Chennai,02/08/2025,2:00,1h 31m,,Economy,13.0,2431.31,290
1906,SpiceJet,Bangalore,Mumbai,2025-06-28,17:30,2h 26m,non-stop,BUSINESS,36.0,16167.12,840
1907,Air India,Kolkata,Cochin,30-Sep-2025,4:30,4h 49m,Non Stop,Eco,5.0,16238.87,1900
1908,Vistara,Chennai,Mumbai,16-Jun-2025,10:45,0h 42m,,Business,36.0,22835.2,1030
1909,SpiceJet,Chenai,Bangalore,01/08/2025,22:30,3h 10m,1 Stop,Business,28.0,6168.13,290
1910,AIR INDIA,Kolkata,Mumbai,29-May-2025,14:00,2h 22m,1 Stop,economy,59.0,11760.13,1650
1911,Spice Jet,Chenai,Bangalore,12-Jul-2025,3:30,4h 29m,Non Stop,Biz,21.0,5832.19,290
1912,SpiceJet,delhi,Kolkata,02-Dec-2025,12:30,7h 48m,1 Stop,BUSINESS,,26654.63,1300
1913,Vistara,Chenai,Mumbai,19-Dec-2025,6:30,1h 14m,2 stops,Eco,35.0,7618.76,1030
1914,IndiGo,Bangalore,Delhi,2025-05-18,20:00,4h 5m,,Economy,1.0,14328.73,1740
1915,indigo,MUMBAI,Kolkata,02/03/2025,15:00,3h 47m,1 stop,Eco,16.0,12359.59,1650
1916,AirAsia,Bangalore,Hyderabad,2025-05-16,18:45,2h 37m,non-stop,Biz,56.0,8434.1,500
1917,Vistara,Hyderabad,Cochin,2025-01-28,3:30,1h 49m,2 stops,BUSINESS,47.0,15597.01,700
1918,AIR INDIA,MUMBAI,Hyderabad,30-Dec-2025,14:15,2h 51m,,Biz,21.0,14393.34,620
1919,,Delhi,HYDERABAD,2025-12-25,11:45,2h 22m,1 stop,Business,15.0,28517.63,1260
1920,SpiceJet,Chennai,Bangalore,21-Nov-2025,21:00,3h 52m,1 Stop,BUSINESS,6.0,6861.49,290
1921,AIR INDIA,Chennai,HYDERABAD,2025-05-31,10:15,2h 36m,2+ stops,BUSINESS,55.0,11531.39,515
1922,GoAir,Mumbai,cochin,30/06/2025,4:45,1h 19m,1 stop,Eco,16.0,5760.63,860
1923,Spice Jet,Banglore,Cochin,10/11/2025,8:15,2h 32m,2+ stops,Biz,59.0,7805.5,360
1924,GoAir,Hyderabad,Cochin,2025-10-13,6:00,10h 24m,1 Stop,Eco,7.0,5682.82,700
1925,AirAsia,Kolkata,Hyderabad,2025-08-16,14:30,2h 11m,non-stop,Biz,46.0,20631.57,1190
1926,indigo,Chenai,Chennai,2025-09-17,20:30,1h 2m,non-stop,Biz,31.0,,1030
1927,Spice Jet,Mumbai,cochin,30-Jan-2025,16:00,2h 45m,1 stop,BUSINESS,,17595.26,860
1928,Air India,Bangalore,Kolkata,28/11/2025,9:00,1h 9m,non-stop,BUSINESS,10.0,37067.72,1560
1929,indigo,Hyderabad,HYDERABAD,08/06/2025,3:30,1h 6m,non-stop,economy,57.0,6107.37,1030
1930,GoAir,Hyderabad,Chennai,2025-05-10,17:15,3h 28m,2+ stops,Eco,41.0,3570.59,515
1931,Go Air,MUMBAI,Bangalore,03/07/2025,16:45,1h 35m,1 stop,economy,10.0,5842.9,840
1932,Go Air,Bangalore,Delhi,2025-07-05,14:15,2h 25m,2 stops,Eco,24.0,13537.55,1740
1933,AIR INDIA,Kolkata,Chennai,2025-08-25,3:00,2h 51m,Non Stop,economy,9.0,11988.32,1360
1934,AirAsia,Hyderabad,Kolkata,01-May-2025,1:30,2h 55m,Non Stop,Economy,57.0,7791.11,1190
1935,Vistara,Chenai,Chennai,2025-10-17,4:30,1h 50m,2+ stops,,18.0,9176.87,1030
1936,indigo,Bangalore,Delhi,27-May-2025,23:30,1h 38m,,Eco,42.0,10644.92,1740
1937,GoAir,Delhi,cochin,18-Feb-2025,7:15,4h 14m,non-stop,Economy,49.0,,2100
1938,Spice Jet,Hyderabad,cochin,08/24/2025,18:00,0h 54m,2 stops,economy,6.0,5208.91,700
1939,IndiGo,Chenai,Delhi,03/19/2025,13:45,3h 31m,non-stop,BUSINESS,60.0,31886.49,1760
1940,Vistara,Mumbai,Delhi,03/23/2025,11:45,3h 8m,2+ stops,Economy,25.0,11047.47,1150
1941,Spice Jet,Kolkata,Delhi,2025-09-20,2:00,3h 26m,1 Stop,Economy,,9492.67,1300
1942,GoAir,Hyderabad,Kolkata,27/11/2025,2:15,2h 10m,1 Stop,Biz,48.0,22335.59,1190
1943,Air India,delhi,HYDERABAD,2025-05-03,0:15,2h 57m,1 stop,BUSINESS,52.0,25321.77,1260
1944,AirAsia,Chennai,Mumbai,25-Mar-2025,18:30,1h 19m,2+ stops,Business,7.0,21053.91,1030
1945,indigo,Kolkata,HYDERABAD,06/10/2025,14:00,1h 10m,1 stop,Biz,4.0,26927.31,1190
1946,SpiceJet,Bangalore,Chennai,04/05/2025,8:30,1h 46m,2+ stops,Eco,44.0,2499.03,290
1947,AirAsia,Kolkata,Mumbai,12-May-2025,19:00,3h 14m,1 stop,,57.0,10193.42,1650
1948,IndiGo,Mumbai,Bangalore,2025-02-18,4:00,,non-stop,Biz,32.0,15833.17,840
1949,indigo,Delhi,Bangalore,15/04/2025,15:45,3h 10m,,BUSINESS,57.0,34893.53,1740
1950,AIR INDIA,MUMBAI,cochin,07/18/2025,11:30,2h 20m,2+ stops,BUSINESS,43.0,20948.62,860
1951,SpiceJet,Mumbai,Bangalore,2025-08-17,3:15,1h 57m,1 Stop,economy,26.0,5579.76,840
1952,Go Air,Chenai,Bangalore,31-Dec-2025,19:45,2h 55m,2+ stops,BUSINESS,29.0,6249.76,290
1953,IndiGo,MUMBAI,Kolkata,2025-08-04,6:30,4h 11m,2+ stops,Eco,27.0,13535.9,1650
1954,Go Air,delhi,Kolkata,11/08/2025,15:45,3h 27m,1 stop,economy,41.0,8475.56,1300
1955,indigo,MUMBAI,Bangalore,10-Oct-2025,7:00,6h 14m,,Biz,45.0,18999.83,840
1956,AIR INDIA,Kolkata,Hyderabad,05/06/2025,12:15,1h 13m,Non Stop,economy,50.0,8575.87,1190
1957,SpiceJet,Banglore,Bangalore,07/04/2025,13:45,1h 44m,non-stop,,8.0,7005.67,1030
1958,Go Air,Kolkata,Mumbai,2025-08-16,16:15,5h 55m,,Eco,35.0,11142.09,1650
1959,AirAsia,Banglore,Kolkata,2025-09-09,7:45,0h 51m,,Eco,20.0,10248.28,1560
1960,SpiceJet,Kolkata,Mumbai,15/11/2025,14:00,0h 42m,1 stop,Biz,10.0,32747.3,1650
1961,GoAir,Chenai,Chennai,02/05/2025,13:30,2h 34m,1 stop,Eco,20.0,6835.31,1030
1962,Spice Jet,Banglore,Mumbai,02/18/2025,0:15,3h 52m,2 stops,Biz,27.0,18578.55,840
1963,Go Air,Banglore,Mumbai,07/17/2025,5:15,0h 39m,,Biz,49.0,16297.96,840
1964,GoAir,Mumbai,Bangalore,2025-02-02,16:30,2h 47m,non-stop,Business,14.0,17124.79,840
1965,indigo,delhi,Cochin,04/07/2025,11:00,3h 32m,,economy,33.0,16172.9,2100
1966,Air India,Hyderabad,Delhi,04/08/2025,19:15,1h 34m,1 Stop,Economy,32.0,9349.3,1260
1967,Spice Jet,Kolkata,cochin,18-May-2025,18:30,2h 25m,,BUSINESS,37.0,40481.1,1900
1968,Go Air,Banglore,Hyderabad,2025-09-19,20:15,1h 4m,non-stop,Business,60.0,8267.08,500
1969,AIR INDIA,Mumbai,Hyderabad,23/05/2025,16:00,1h 0m,2+ stops,BUSINESS,59.0,13228.68,620
1970,Go Air,Mumbai,Hyderabad,20/01/2025,12:15,1h 31m,1 stop,BUSINESS,49.0,10387.37,620
1971,AIR INDIA,Banglore,Kolkata,11/10/2025,21:00,4h 3m,2 stops,Eco,57.0,11441.32,1560
1972,Vistara,Kolkata,Cochin,23/11/2025,12:15,2h 38m,1 stop,economy,4.0,15608.18,1900
1973,SpiceJet,Mumbai,Kolkata,16/03/2025,3:30,4h 53m,non-stop,Biz,,32460.34,1650
1974,SpiceJet,Mumbai,Cochin,24/03/2025,18:15,3h 45m,2 stops,BUSINESS,13.0,19177.29,860
1975,Spice Jet,Chenai,HYDERABAD,05/09/2025,2:15,4h 47m,1 Stop,economy,8.0,3945.92,515
1976,AirAsia,delhi,Bangalore,18/04/2025,16:30,3h 18m,Non Stop,Eco,17.0,10915.18,1740
1977,AIR INDIA,Kolkata,Hyderabad,06/09/2025,3:45,,1 stop,Business,12.0,27583.59,1190
1978,Vistara,Bangalore,Mumbai,22-Mar-2025,19:00,1h 10m,2 stops,BUSINESS,15.0,19056.11,840
1979,indigo,Kolkata,Chennai,2025-08-30,8:45,3h 1m,Non Stop,Business,55.0,23897.7,1360
1980,GoAir,MUMBAI,cochin,06/22/2025,10:30,2h 57m,,economy,57.0,5339.94,860
1981,Air India,Hyderabad,Kolkata,2025-11-14,22:15,2h 6m,2+ stops,economy,38.0,10634.67,1190
1982,AIR INDIA,delhi,Delhi,26-Dec-2025,18:30,,1 stop,Economy,19.0,8455.29,1030
1983,Go Air,MUMBAI,Bangalore,02/10/2025,7:00,1h 48m,1 stop,Business,15.0,17793.54,840
1984,Go Air,Chennai,Delhi,04/27/2025,9:30,2h 32m,2 stops,BUSINESS,29.0,32400.84,1760
1985,IndiGo,Hyderabad,Bangalore,2025-12-16,21:00,1h 57m,2+ stops,Eco,50.0,4239.62,500
1986,SpiceJet,Chennai,Hyderabad,02/05/2025,11:00,1h 45m,1 stop,Economy,40.0,3970.14,515
1987,indigo,Chenai,Hyderabad,09/07/2025,8:15,1h 29m,Non Stop,Eco,55.0,,515
1988,AIR INDIA,Mumbai,Cochin,28-May-2025,20:45,2h 7m,1 Stop,,54.0,,860
1989,AIR INDIA,MUMBAI,Hyderabad,12/02/2025,18:45,1h 33m,,Eco,2.0,5500.81,620
1990,Vistara,Mumbai,Chennai,03/06/2025,1:30,1h 35m,2 stops,Eco,30.0,8973.59,1030
1991,GoAir,Kolkata,cochin,12/15/2025,4:30,3h 23m,1 stop,Biz,48.0,33586.49,1900
1992,SpiceJet,Mumbai,Hyderabad,15-Jul-2025,1:00,4h 45m,,Business,25.0,12706.14,620
1993,Vistara,Banglore,Delhi,18/07/2025,18:30,2h 33m,1 Stop,BUSINESS,26.0,39433.0,1740
1994,Vistara,Delhi,Cochin,2025-03-20,5:30,2h 31m,1 stop,Business,8.0,51984.87,2100
1995,Air India,Hyderabad,Bangalore,24-Jul-2025,1:45,1h 6m,2 stops,Business,26.0,12913.38,500
1996,Spice Jet,Bangalore,Chennai,29-May-2025,14:45,3h 22m,1 stop,economy,19.0,2399.94,290
1997,Spice Jet,Banglore,Hyderabad,01-Dec-2025,14:30,2h 43m,1 Stop,Economy,22.0,4066.11,500
1998,indigo,delhi,Kolkata,06/02/2025,1:00,4h 25m,1 stop,Business,33.0,25833.47,1300
1999,GoAir,Chenai,Cochin,09-Sep-2025,22:00,1h 38m,2+ stops,BUSINESS,35.0,10092.18,500
2000,Air India,MUMBAI,Cochin,10/08/2025,8:00,0h 57m,Non Stop,BUSINESS,33.0,19336.87,860
2001,AIR INDIA,Hyderabad,HYDERABAD,12/19/2025,16:00,1h 57m,Non Stop,BUSINESS,29.0,23569.81,1030
2002,,Bangalore,Chennai,28-Aug-2025,13:30,8h 11m,non-stop,Eco,57.0,2906.94,290
2003,Spice Jet,delhi,Mumbai,04-Oct-2025,0:00,2h 0m,2 stops,economy,,7590.85,1150
2004,indigo,Banglore,HYDERABAD,06/08/2025,2:00,1h 38m,1 stop,economy,,3730.36,500
2005,SpiceJet,MUMBAI,HYDERABAD,21/07/2025,2:00,4h 54m,1 Stop,Eco,11.0,5194.85,620
2006,AIR INDIA,Chenai,Delhi,04/12/2025,21:45,3h 31m,2 stops,Biz,34.0,40894.28,1760
2007,GoAir,Kolkata,Mumbai,07-Aug-2025,14:15,1h 11m,non-stop,BUSINESS,50.0,26972.38,1650
2008,IndiGo,delhi,Mumbai,08/08/2025,3:00,4h 8m,1 Stop,economy,60.0,8072.03,1150
2009,SpiceJet,MUMBAI,HYDERABAD,11/11/2025,8:30,1h 40m,,Eco,17.0,4395.95,620
2010,Spice Jet,Banglore,Hyderabad,15-Aug-2025,0:00,2h 15m,1 stop,,57.0,3855.86,500
2011,Go Air,Kolkata,Mumbai,2025-08-25,15:15,6h 2m,1 Stop,Economy,56.0,11531.46,1650
2012,IndiGo,Delhi,Cochin,06/18/2025,16:45,1h 12m,Non Stop,Economy,39.0,14274.6,2100
2013,Air India,Mumbai,cochin,25/08/2025,13:15,2h 8m,1 stop,Business,4.0,22575.67,860
2014,Vistara,Chenai,Hyderabad,06/09/2025,21:30,1h 57m,,BUSINESS,18.0,12714.9,515
2015,AIR INDIA,Chennai,Mumbai,15/03/2025,13:30,1h 2m,1 Stop,Economy,33.0,8269.3,1030
2016,indigo,MUMBAI,Hyderabad,09/24/2025,15:45,1h 13m,2+ stops,Business,37.0,15158.11,620
2017,,Bangalore,Chennai,19-Apr-2025,20:00,3h 25m,Non Stop,Biz,16.0,6585.64,290
2018,Air India,Hyderabad,Chennai,06/19/2025,4:15,1h 30m,1 Stop,economy,44.0,4001.05,515
2019,GoAir,MUMBAI,cochin,01/29/2025,18:15,1h 14m,2 stops,Business,38.0,15362.06,860
2020,indigo,Chennai,Hyderabad,10/02/2025,12:45,3h 37m,Non Stop,Biz,50.0,10096.49,515
2021,Air India,Banglore,HYDERABAD,06/04/2025,9:00,2h 25m,Non Stop,Business,15.0,12092.51,500
2022,IndiGo,Chennai,Kolkata,29-Dec-2025,22:15,3h 29m,,Economy,44.0,10063.85,1360
2023,Air India,Bangalore,Chennai,14/08/2025,12:00,1h 52m,1 stop,Eco,45.0,2569.1,290
2024,IndiGo,delhi,HYDERABAD,2025-08-28,2:45,2h 10m,non-stop,Biz,18.0,25161.55,1260
2025,indigo,Mumbai,Cochin,2025-07-12,7:30,4h 25m,non-stop,Eco,2.0,5930.74,860
2026,,Chenai,cochin,22-Mar-2025,2:00,4h 20m,1 stop,BUSINESS,28.0,10645.39,500
2027,AIR INDIA,Hyderabad,Bangalore,02/22/2025,10:15,3h 22m,,Eco,60.0,3889.95,500
2028,AIR INDIA,Chennai,Bangalore,2025-09-27,13:45,2h 31m,1 Stop,Eco,10.0,2706.54,290
2029,AirAsia,delhi,Cochin,03/12/2025,15:30,3h 48m,non-stop,Business,,,2100
2030,Air India,Mumbai,Delhi,06/13/2025,20:30,2h 42m,2+ stops,Business,2.0,33916.28,1150
2031,,Delhi,HYDERABAD,30-Jan-2025,2:15,,2+ stops,Business,60.0,26506.56,1260
2032,indigo,delhi,Mumbai,2025-11-02,11:00,1h 58m,1 Stop,Economy,52.0,7732.18,1150
2033,Go Air,Hyderabad,Cochin,04/09/2025,11:45,2h 39m,1 Stop,Biz,24.0,13860.82,700
2034,Go Air,Banglore,Cochin,09/20/2025,10:30,2h 57m,,Economy,8.0,2987.8,360
2035,AirAsia,Bangalore,Hyderabad,2025-01-17,14:00,1h 57m,2 stops,Eco,26.0,3508.69,500
2036,GoAir,Hyderabad,cochin,03/08/2025,18:30,1h 58m,non-stop,Business,17.0,13778.78,700
2037,Go Air,Chenai,HYDERABAD,12/20/2025,23:30,4h 52m,non-stop,economy,58.0,3699.88,515
2038,IndiGo,Mumbai,Bangalore,16-Aug-2025,6:45,9h 5m,1 Stop,BUSINESS,18.0,19119.81,840
2039,SpiceJet,MUMBAI,Kolkata,2025-07-26,5:15,11h 39m,1 stop,,21.0,12637.8,1650
2040,GoAir,Bangalore,HYDERABAD,14-Sep-2025,12:15,1h 16m,,BUSINESS,47.0,9721.86,500
2041,IndiGo,Kolkata,Mumbai,28/03/2025,7:00,3h 29m,Non Stop,Economy,3.0,10885.01,1650
2042,AirAsia,Bangalore,Hyderabad,13-Dec-2025,21:30,2h 48m,2+ stops,Biz,45.0,10519.9,500
2043,Go Air,delhi,Cochin,05-Oct-2025,6:45,4h 41m,Non Stop,Eco,51.0,12216.89,2100
2044,IndiGo,delhi,Chennai,09/02/2025,16:15,4h 25m,,Eco,46.0,11369.52,1760
2045,indigo,Kolkata,cochin,2025-10-18,11:30,4h 54m,,Economy,57.0,11890.82,1900
2046,Vistara,Banglore,Cochin,07-Dec-2025,5:00,1h 28m,,BUSINESS,57.0,8267.56,360
2047,SpiceJet,Delhi,cochin,04/23/2025,2:45,3h 40m,2+ stops,BUSINESS,21.0,45513.98,2100
2048,Spice Jet,Banglore,Cochin,2025-03-04,23:45,1h 3m,,Business,59.0,6132.03,360
2049,Air India,Chennai,Cochin,12/15/2025,15:30,3h 26m,,Economy,51.0,4176.16,500
2050,SpiceJet,Kolkata,HYDERABAD,2025-03-27,7:30,1h 28m,2+ stops,Business,12.0,24510.19,1190
2051,Go Air,Kolkata,Hyderabad,28/01/2025,22:45,,1 Stop,,37.0,8041.33,1190
2052,Spice Jet,delhi,Chennai,23/12/2025,8:45,1h 20m,non-stop,Eco,59.0,10605.21,1760
2053,Spice Jet,Bangalore,HYDERABAD,20/07/2025,15:30,1h 30m,1 Stop,Business,22.0,10912.38,500
2054,AirAsia,Banglore,Delhi,2025-07-18,1:15,3h 8m,non-stop,Eco,12.0,12512.99,1740
2055,Vistara,MUMBAI,HYDERABAD,15/02/2025,18:00,1h 41m,Non Stop,Eco,19.0,4685.96,620
2056,SpiceJet,Chennai,Delhi,02/16/2025,15:00,2h 44m,2+ stops,Biz,23.0,38348.98,1760
2057,GoAir,Bangalore,Hyderabad,10/09/2025,16:00,2h 42m,2 stops,Economy,23.0,3830.58,500
2058,AirAsia,Banglore,Kolkata,06-Jan-2025,15:45,2h 37m,,Eco,,10367.32,1560
2059,indigo,Hyderabad,Chennai,07-Jan-2025,11:30,1h 58m,2+ stops,Eco,29.0,4339.25,515
2060,AIR INDIA,Chennai,Cochin,15-May-2025,13:30,3h 57m,2+ stops,Business,18.0,12775.19,500
2061,AIR INDIA,delhi,cochin,05/28/2025,12:15,5h 45m,,Economy,,15860.22,2100
2062,Air India,Hyderabad,Chennai,2025-07-18,22:00,2h 23m,non-stop,economy,30.0,3849.19,515
2063,SpiceJet,MUMBAI,Mumbai,30/03/2025,16:30,7h 4m,1 Stop,Economy,44.0,7774.19,1030
2064,IndiGo,delhi,Kolkata,24-Aug-2025,0:30,2h 21m,2+ stops,Economy,46.0,9977.35,1300
2065,SpiceJet,delhi,Cochin,2025-03-24,10:30,3h 42m,,BUSINESS,49.0,41538.8,2100
2066,GoAir,Chennai,Delhi,2025-05-29,14:00,2h 12m,2 stops,Business,18.0,,1760
2067,Spice Jet,Chennai,cochin,14/08/2025,23:45,1h 18m,,BUSINESS,3.0,10425.37,500
2068,AirAsia,Hyderabad,Chennai,12/22/2025,1:15,3h 2m,non-stop,BUSINESS,3.0,9648.71,515
2069,Air India,delhi,HYDERABAD,01-Oct-2025,18:15,2h 8m,Non Stop,Business,26.0,28049.65,1260
2070,IndiGo,Bangalore,Chennai,19-Aug-2025,7:30,2h 46m,Non Stop,economy,20.0,2317.12,290
2071,IndiGo,Kolkata,Hyderabad,2025-04-22,23:15,2h 6m,1 Stop,economy,29.0,9573.57,1190
2072,SpiceJet,Kolkata,cochin,2025-03-17,12:15,3h 0m,1 stop,Biz,18.0,35731.39,1900
2073,AirAsia,Bangalore,Hyderabad,2025-08-14,9:15,2h 23m,2+ stops,BUSINESS,42.0,10345.07,500
2074,IndiGo,Delhi,HYDERABAD,09/08/2025,4:45,1h 15m,2+ stops,BUSINESS,59.0,28668.59,1260
2075,indigo,MUMBAI,Kolkata,06/07/2025,14:00,3h 13m,Non Stop,Business,10.0,35965.95,1650
2076,Vistara,MUMBAI,Delhi,19/08/2025,4:15,1h 21m,1 stop,Biz,31.0,27011.8,1150
2077,AirAsia,Mumbai,Bangalore,08-Feb-2025,5:30,2h 46m,2+ stops,,30.0,5777.76,840
2078,SpiceJet,Kolkata,HYDERABAD,18/12/2025,20:30,4h 20m,1 Stop,Business,31.0,21806.87,1190
2079,SpiceJet,Mumbai,Kolkata,01/22/2025,7:45,,1 stop,Eco,4.0,12682.33,1650
2080,Spice Jet,Kolkata,Cochin,04/04/2025,11:30,2h 27m,2+ stops,BUSINESS,41.0,43039.14,1900
2081,AirAsia,Chennai,Mumbai,06/29/2025,6:00,6h 24m,Non Stop,Business,,18535.97,1030
2082,GoAir,Banglore,Delhi,16/05/2025,20:30,,Non Stop,Biz,30.0,30193.89,1740
2083,Spice Jet,Hyderabad,Delhi,24/02/2025,2:45,2h 19m,2 stops,BUSINESS,51.0,20972.8,1260
2084,IndiGo,Delhi,Bangalore,10/01/2025,21:00,1h 15m,1 Stop,Economy,31.0,11524.39,1740
2085,AirAsia,delhi,Hyderabad,19-Dec-2025,6:00,1h 57m,non-stop,BUSINESS,58.0,20840.38,1260
2086,AIR INDIA,Delhi,Kolkata,17/04/2025,7:45,3h 57m,non-stop,economy,34.0,10641.73,1300
2087,Air India,Banglore,Hyderabad,12/03/2025,0:45,0h 55m,,BUSINESS,13.0,12428.05,500
2088,GoAir,Delhi,Bangalore,09/01/2025,14:45,2h 45m,1 Stop,economy,31.0,11761.25,1740
2089,Air India,Kolkata,Delhi,19-Apr-2025,4:00,,2+ stops,Eco,47.0,10259.03,1300
2090,GoAir,Chenai,cochin,18-Feb-2025,22:30,1h 16m,1 Stop,Eco,18.0,3541.98,500
2091,AirAsia,Mumbai,HYDERABAD,16-Sep-2025,14:45,1h 55m,1 Stop,Business,59.0,11898.96,620
2092,IndiGo,delhi,Kolkata,2025-10-31,8:45,2h 22m,,Eco,28.0,9533.45,1300
2093,Spice Jet,Chenai,Delhi,13/11/2025,16:45,4h 28m,2+ stops,economy,3.0,12241.58,1760
2094,Spice Jet,Kolkata,Chennai,12-Oct-2025,22:30,2h 53m,1 Stop,Business,21.0,26560.34,1360
2095,Vistara,Chenai,Delhi,01/06/2025,23:15,2h 0m,1 Stop,Eco,52.0,12434.5,1760
2096,IndiGo,Kolkata,Mumbai,05/03/2025,13:30,1h 23m,1 Stop,Economy,49.0,10721.58,1650
2097,Go Air,MUMBAI,HYDERABAD,03-Nov-2025,3:30,1h 16m,2+ stops,Eco,19.0,4959.14,620
2098,Spice Jet,Chenai,Cochin,24-Mar-2025,8:45,1h 2m,2 stops,Biz,6.0,11123.58,500
2099,Vistara,Mumbai,HYDERABAD,2025-09-12,4:00,1h 19m,Non Stop,Economy,31.0,,620
2100,IndiGo,Hyderabad,Mumbai,06/19/2025,16:45,1h 26m,non-stop,Business,20.0,13918.46,620
2101,indigo,delhi,Hyderabad,12/18/2025,18:15,0h 42m,,Eco,38.0,8392.13,1260
2102,indigo,Bangalore,Hyderabad,05/29/2025,23:30,3h 13m,1 Stop,Eco,58.0,4132.54,500
2103,AIR INDIA,delhi,Hyderabad,30-Jun-2025,17:45,3h 18m,1 Stop,economy,49.0,9006.29,1260
2104,IndiGo,MUMBAI,HYDERABAD,03/11/2025,20:45,4h 17m,1 Stop,Eco,28.0,4945.92,620
2105,AirAsia,Kolkata,Bangalore,15-May-2025,2:00,2h 41m,,Business,11.0,30286.63,1560
2106,AIR INDIA,Bangalore,HYDERABAD,20-Jun-2025,22:30,1h 13m,non-stop,Eco,29.0,3953.38,500
2107,Go Air,Chennai,Bangalore,2025-11-11,8:00,2h 53m,non-stop,Business,12.0,6249.03,290
2108,,Kolkata,Hyderabad,26-Aug-2025,22:00,8h 30m,,Eco,44.0,9088.52,1190
2109,Spice Jet,Hyderabad,Cochin,02/27/2025,11:15,1h 49m,,Economy,20.0,4876.13,700
2110,Spice Jet,delhi,Mumbai,04-May-2025,15:00,3h 11m,Non Stop,Economy,39.0,7020.77,1150
2111,IndiGo,Hyderabad,cochin,12/27/2025,12:15,2h 2m,2 stops,Eco,28.0,6296.13,700
2112,Go Air,delhi,Kolkata,12/12/2025,22:00,5h 4m,1 Stop,BUSINESS,48.0,23584.13,1300
2113,Vistara,Hyderabad,HYDERABAD,2025-09-25,18:45,1h 2m,2 stops,economy,36.0,8808.93,1030
2114,Spice Jet,Hyderabad,Mumbai,11-Nov-2025,11:45,4h 4m,1 stop,Biz,32.0,11429.11,620
2115,SpiceJet,Bangalore,Kolkata,08/01/2025,13:00,0h 54m,1 stop,BUSINESS,34.0,29895.18,1560
2116,AIR INDIA,Chenai,Hyderabad,2025-05-08,0:30,,non-stop,economy,30.0,4036.57,515
2117,AirAsia,Delhi,HYDERABAD,2025-01-28,16:15,1h 49m,1 Stop,BUSINESS,48.0,23174.75,1260
2118,Go Air,Kolkata,Bangalore,2025-02-07,16:45,2h 49m,1 stop,Biz,44.0,24368.72,1560
2119,AIR INDIA,Delhi,Cochin,2025-08-08,5:15,3h 52m,1 Stop,Eco,59.0,15032.9,2100
2120,,MUMBAI,Mumbai,2025-12-24,22:00,1h 7m,2 stops,economy,54.0,6732.59,1030
2121,AIR INDIA,Banglore,Kolkata,10/11/2025,16:15,2h 30m,,economy,17.0,12666.71,1560
2122,AIR INDIA,Hyderabad,Chennai,21-Jan-2025,13:15,2h 13m,2+ stops,Eco,19.0,4432.71,515
2123,Air India,Bangalore,HYDERABAD,04-Apr-2025,16:45,,non-stop,Biz,14.0,10898.91,500
2124,AIR INDIA,Kolkata,Delhi,16/04/2025,19:45,4h 3m,2+ stops,Business,37.0,30787.01,1300
2125,SpiceJet,Kolkata,Delhi,2025-01-02,21:30,,Non Stop,Eco,38.0,7941.12,1300
2126,GoAir,Chenai,Chennai,05-Aug-2025,3:30,2h 30m,2 stops,Business,35.0,20111.38,1030
2127,Go Air,Bangalore,HYDERABAD,03/17/2025,21:00,3h 50m,2 stops,BUSINESS,42.0,,500
2128,SpiceJet,Bangalore,Kolkata,10/09/2025,2:30,5h 19m,Non Stop,BUSINESS,4.0,28399.83,1560
2129,AirAsia,Delhi,Kolkata,2025-05-25,5:45,1h 6m,non-stop,Eco,53.0,8000.44,1300
2130,AirAsia,Chenai,Kolkata,11/12/2025,0:15,1h 33m,,Eco,60.0,7458.57,1360
2131,GoAir,MUMBAI,HYDERABAD,03/13/2025,15:15,3h 7m,2+ stops,,48.0,4572.45,620
2132,AirAsia,delhi,HYDERABAD,2025-12-10,10:30,2h 43m,1 stop,Biz,30.0,24841.98,1260
2133,SpiceJet,Delhi,Hyderabad,07/17/2025,2:00,2h 53m,,Economy,11.0,8804.16,1260
2134,Air India,delhi,Kolkata,05/19/2025,19:45,2h 3m,,Eco,34.0,9455.21,1300
2135,indigo,Hyderabad,Kolkata,24/08/2025,19:15,2h 0m,Non Stop,Economy,42.0,8087.37,1190
2136,SpiceJet,Chennai,Mumbai,05-Sep-2025,22:00,3h 8m,1 stop,Eco,55.0,7237.68,1030
2137,indigo,Hyderabad,Cochin,2025-05-30,9:30,3h 25m,1 Stop,BUSINESS,19.0,14289.37,700
2138,SpiceJet,Bangalore,cochin,2025-02-10,23:45,2h 49m,2 stops,Economy,36.0,2898.37,360
2139,Air India,delhi,Cochin,11/28/2025,15:00,1h 4m,non-stop,Economy,19.0,14024.34,2100
2140,Vistara,delhi,cochin,24/11/2025,13:00,1h 39m,1 Stop,Biz,45.0,45553.31,2100
2141,GoAir,Kolkata,Cochin,11/10/2025,14:45,1h 22m,1 Stop,Eco,36.0,12298.47,1900
2142,indigo,Delhi,Cochin,2025-07-11,5:30,1h 33m,2 stops,Eco,5.0,15571.49,2100
2143,Vistara,Chenai,Cochin,04/20/2025,15:30,2h 22m,1 Stop,BUSINESS,28.0,11701.43,500
2144,SpiceJet,Kolkata,Bangalore,29/09/2025,9:30,1h 43m,,Economy,60.0,8898.85,1560
2145,indigo,Hyderabad,Chennai,05-Jul-2025,18:30,1h 53m,1 stop,Eco,5.0,4224.29,515
2146,Vistara,Delhi,Mumbai,19/01/2025,11:45,2h 18m,2 stops,economy,42.0,9951.7,1150
2147,SpiceJet,Chennai,HYDERABAD,11/07/2025,6:15,1h 12m,2 stops,BUSINESS,20.0,10399.64,515
2148,Go Air,Mumbai,Chennai,2025-07-27,8:00,2h 19m,2 stops,economy,44.0,6784.08,1030
2149,indigo,Delhi,Mumbai,24/05/2025,2:30,2h 0m,,economy,33.0,8496.75,1150
2150,SpiceJet,Bangalore,HYDERABAD,05/03/2025,0:30,1h 52m,1 Stop,Biz,51.0,10316.92,500
2151,IndiGo,Mumbai,HYDERABAD,04/21/2025,13:45,2h 38m,2+ stops,economy,11.0,4873.75,620
2152,indigo,MUMBAI,Hyderabad,01/03/2025,1:00,0h 50m,non-stop,,25.0,4413.94,620
2153,Air India,Chennai,Bangalore,18-Jan-2025,23:00,,,Economy,20.0,2631.24,290
2154,Air India,Mumbai,Delhi,2025-12-21,17:15,1h 57m,1 Stop,economy,7.0,9416.51,1150
2155,Vistara,Kolkata,Delhi,02/08/2025,1:15,3h 13m,non-stop,Business,43.0,23930.61,1300
2156,GoAir,Hyderabad,Chennai,2025-02-27,19:00,3h 38m,1 Stop,Economy,27.0,4018.09,515
2157,GoAir,Delhi,Kolkata,2025-04-21,11:00,2h 15m,Non Stop,Business,2.0,28396.99,1300
2158,AIR INDIA,delhi,Delhi,2025-03-27,17:45,1h 40m,1 Stop,Biz,22.0,23899.23,1030
2159,Spice Jet,Chennai,cochin,02/13/2025,6:30,2h 3m,2+ stops,economy,8.0,3937.69,500
2160,GoAir,Hyderabad,cochin,19-Jul-2025,15:30,1h 52m,,BUSINESS,30.0,13364.36,700
2161,IndiGo,MUMBAI,cochin,26/03/2025,8:15,1h 25m,2 stops,economy,41.0,7019.9,860
2162,AIR INDIA,MUMBAI,Mumbai,11/03/2025,22:45,1h 51m,non-stop,Business,19.0,24177.76,1030
2163,indigo,Banglore,HYDERABAD,24-Aug-2025,10:15,1h 26m,1 Stop,Economy,38.0,3888.2,500
2164,Vistara,Chennai,Cochin,17-Aug-2025,3:45,3h 42m,1 Stop,Eco,53.0,4281.07,500
2165,AIR INDIA,Kolkata,Mumbai,2025-10-08,18:00,1h 59m,non-stop,Biz,55.0,31699.73,1650
2166,Go Air,Chennai,cochin,2025-02-19,15:15,,1 Stop,BUSINESS,9.0,10385.63,500
2167,Air India,Delhi,Cochin,12/29/2025,22:30,1h 59m,non-stop,Business,37.0,43886.71,2100
2168,Vistara,Delhi,Cochin,2025-10-14,7:30,2h 13m,non-stop,Eco,58.0,15153.4,2100
2169,Vistara,MUMBAI,HYDERABAD,2025-12-05,3:30,3h 39m,1 Stop,economy,,,620
2170,GoAir,Banglore,cochin,03/08/2025,19:45,2h 1m,Non Stop,BUSINESS,15.0,7784.46,360
2171,Spice Jet,Hyderabad,Delhi,2025-12-14,16:15,2h 40m,non-stop,BUSINESS,50.0,20772.18,1260
2172,Go Air,Hyderabad,Mumbai,05/06/2025,23:00,2h 30m,,Economy,48.0,4300.97,620
2173,SpiceJet,Mumbai,Delhi,12/20/2025,23:45,0h 46m,2 stops,BUSINESS,48.0,23545.8,1150
2174,IndiGo,MUMBAI,Bangalore,06/06/2025,20:30,1h 1m,,Eco,17.0,6545.56,840
2175,AirAsia,Banglore,cochin,20/01/2025,11:15,1h 17m,1 stop,Business,8.0,7153.5,360
2176,indigo,Mumbai,Delhi,12/05/2025,23:15,0h 36m,2 stops,Eco,12.0,10493.17,1150
2177,AirAsia,MUMBAI,cochin,2025-01-16,19:15,,1 Stop,Eco,23.0,5435.36,860
2178,indigo,Chenai,Kolkata,26-May-2025,12:45,4h 47m,Non Stop,Biz,10.0,26980.61,1360
2179,Air India,Mumbai,Bangalore,03-Dec-2025,22:15,1h 18m,1 stop,Biz,,19256.9,840
2180,AirAsia,Banglore,Chennai,15/06/2025,2:45,2h 5m,,Eco,14.0,2618.38,290
2181,AirAsia,Mumbai,Bangalore,2025-05-12,7:30,3h 38m,1 stop,BUSINESS,28.0,15373.93,840
2182,SpiceJet,delhi,HYDERABAD,24-Aug-2025,8:45,1h 33m,non-stop,BUSINESS,8.0,24916.33,1260
2183,Vistara,Chenai,Hyderabad,2025-12-03,21:15,0h 58m,Non Stop,Eco,27.0,4433.07,515
2184,Vistara,Chennai,Delhi,10/11/2025,20:45,3h 2m,1 stop,Eco,36.0,13781.02,1760
2185,IndiGo,Banglore,cochin,12/10/2025,22:15,3h 34m,Non Stop,Business,34.0,7427.76,360
2186,Vistara,Chenai,HYDERABAD,08/04/2025,4:15,0h 41m,Non Stop,Economy,,4246.66,515
2187,Air India,Banglore,Mumbai,09-Oct-2025,4:15,,1 stop,Business,46.0,18570.91,840
2188,AirAsia,Delhi,cochin,2025-02-11,9:30,2h 42m,2 stops,Business,23.0,44293.43,2100
2189,AirAsia,Delhi,HYDERABAD,2025-03-17,17:15,0h 43m,1 Stop,Eco,41.0,8462.01,1260
2190,Vistara,Mumbai,Cochin,08/29/2025,20:00,0h 59m,Non Stop,Economy,2.0,7278.43,860
2191,Air India,Hyderabad,cochin,05-Jan-2025,6:15,8h 30m,2 stops,Biz,54.0,16420.69,700
2192,Vistara,Banglore,Chennai,07/18/2025,14:00,1h 13m,non-stop,economy,42.0,2468.34,290
2193,Spice Jet,Kolkata,Bangalore,2025-11-01,19:30,2h 46m,1 stop,Economy,5.0,11680.88,1560
2194,Air India,Chennai,Bangalore,03-Aug-2025,3:15,5h 18m,1 stop,Eco,59.0,2729.16,290
2195,Air India,Kolkata,cochin,31/08/2025,23:15,2h 49m,1 Stop,Economy,24.0,14782.03,1900
2196,Go Air,Delhi,Cochin,08/06/2025,7:45,1h 3m,2 stops,Eco,11.0,16096.47,2100
2197,Vistara,MUMBAI,Kolkata,09/09/2025,7:00,,1 stop,BUSINESS,27.0,42378.7,1650
2198,indigo,Chennai,Mumbai,2025-05-19,14:30,7h 52m,1 stop,Biz,33.0,19941.92,1030
2199,SpiceJet,delhi,cochin,2025-11-13,8:30,2h 16m,2 stops,Biz,50.0,40818.18,2100
2200,SpiceJet,Banglore,Delhi,11/25/2025,18:00,0h 42m,,Economy,7.0,11838.46,1740
2201,AirAsia,Mumbai,Hyderabad,11/12/2025,17:15,5h 18m,2 stops,BUSINESS,60.0,11480.19,620
2202,Vistara,Chenai,cochin,10/03/2025,20:00,2h 15m,1 stop,Economy,26.0,4450.29,500
2203,AirAsia,Banglore,Chennai,2025-11-14,9:30,2h 49m,1 stop,Biz,10.0,6420.76,290
2204,SpiceJet,Hyderabad,cochin,02/02/2025,14:30,3h 20m,Non Stop,Business,16.0,14028.52,700
2205,GoAir,delhi,Mumbai,2025-01-04,11:15,2h 58m,2+ stops,Business,19.0,22198.97,1150
2206,AirAsia,Chenai,Delhi,2025-05-17,12:00,1h 33m,,Economy,19.0,10896.56,1760
2207,Air India,Banglore,Hyderabad,04/10/2025,10:00,3h 12m,2 stops,BUSINESS,24.0,12962.18,500
2208,Air India,Hyderabad,Cochin,2025-09-19,20:30,1h 0m,2+ stops,,27.0,14486.89,700
2209,IndiGo,Banglore,Cochin,10/10/2025,3:45,1h 29m,1 Stop,Eco,,3071.63,360
2210,Go Air,MUMBAI,cochin,05/01/2025,12:00,1h 21m,1 Stop,Biz,35.0,,860
2211,,delhi,Chennai,12/09/2025,23:15,5h 15m,,Business,30.0,39739.68,1760
2212,IndiGo,delhi,Hyderabad,11/17/2025,17:30,2h 40m,2+ stops,Business,31.0,28155.34,1260
2213,Air India,Chennai,Hyderabad,14-May-2025,0:15,2h 34m,Non Stop,Economy,45.0,3498.14,515
2214,AIR INDIA,Bangalore,HYDERABAD,11-Aug-2025,2:00,2h 22m,non-stop,economy,39.0,4032.12,500
2215,Spice Jet,Chenai,HYDERABAD,2025-02-11,0:15,2h 6m,,Eco,11.0,4285.5,515
2216,Go Air,Chenai,Chennai,08/27/2025,14:15,3h 32m,1 Stop,Biz,31.0,21296.67,1030
2217,indigo,Bangalore,Kolkata,23-Aug-2025,2:00,1h 29m,Non Stop,Eco,40.0,9917.92,1560
2218,GoAir,Chennai,Kolkata,01/13/2025,18:00,3h 18m,2+ stops,Eco,16.0,,1360
2219,SpiceJet,Banglore,Kolkata,11/07/2025,11:45,2h 45m,,Biz,23.0,30484.91,1560
2220,Go Air,Mumbai,Kolkata,06/13/2025,11:45,1h 33m,2+ stops,economy,32.0,11163.61,1650
2221,Air India,Chennai,HYDERABAD,2025-11-19,1:45,3h 25m,2 stops,Eco,18.0,4944.97,515
2222,IndiGo,Banglore,Cochin,07/04/2025,9:15,2h 53m,2 stops,Biz,21.0,7817.41,360
2223,AirAsia,delhi,Cochin,07/24/2025,15:30,0h 50m,2+ stops,economy,37.0,13350.92,2100
2224,IndiGo,MUMBAI,Delhi,30/09/2025,3:45,4h 15m,1 Stop,economy,17.0,8213.95,1150
2225,Spice Jet,Chenai,Chennai,01/20/2025,11:45,2h 37m,1 stop,Economy,56.0,6117.14,1030
2226,AirAsia,MUMBAI,Chennai,2025-06-10,16:15,1h 57m,2+ stops,BUSINESS,2.0,22882.19,1030
2227,GoAir,Chenai,Cochin,06/07/2025,18:45,2h 28m,2+ stops,Economy,29.0,4232.39,500
2228,Spice Jet,Mumbai,Delhi,27/03/2025,20:00,5h 52m,1 stop,Biz,43.0,22151.0,1150
2229,Vistara,Chenai,Chennai,2025-12-04,20:30,2h 46m,Non Stop,Business,45.0,20214.1,1030
2230,AirAsia,Banglore,Hyderabad,2025-06-18,19:15,1h 22m,,Biz,31.0,10081.09,500
2231,IndiGo,Banglore,Bangalore,11/07/2025,10:15,0h 39m,non-stop,Economy,44.0,7497.28,1030
2232,indigo,Delhi,Hyderabad,2025-08-18,18:15,1h 1m,2 stops,economy,17.0,9293.52,1260
2233,IndiGo,Mumbai,Delhi,2025-10-16,8:30,2h 46m,Non Stop,Business,48.0,21336.94,1150
2234,Air India,Mumbai,HYDERABAD,26-May-2025,11:30,9h 15m,1 stop,Business,39.0,14943.13,620
2235,Air India,Delhi,Cochin,04/15/2025,8:15,1h 33m,non-stop,Business,52.0,46324.99,2100
2236,Go Air,Banglore,Kolkata,11/12/2025,22:15,1h 35m,1 stop,BUSINESS,32.0,29062.24,1560
2237,indigo,Mumbai,HYDERABAD,05/11/2025,4:30,3h 42m,non-stop,Biz,21.0,12027.14,620
2238,AirAsia,Bangalore,HYDERABAD,2025-04-07,8:00,0h 54m,,Business,55.0,9284.89,500
2239,Go Air,Mumbai,Cochin,2025-04-22,13:15,7h 9m,1 Stop,Business,25.0,18381.86,860
2240,GoAir,Hyderabad,Mumbai,10/30/2025,9:30,1h 42m,2 stops,economy,30.0,4538.52,620
2241,SpiceJet,Mumbai,Cochin,19-Mar-2025,10:00,4h 42m,Non Stop,Business,25.0,16379.12,860
2242,GoAir,Hyderabad,cochin,12-Dec-2025,1:15,2h 11m,non-stop,Eco,43.0,4848.18,700
2243,indigo,Mumbai,Delhi,11/30/2025,14:45,1h 3m,,BUSINESS,17.0,25575.36,1150
2244,indigo,Mumbai,Delhi,09-Jul-2025,1:15,1h 15m,non-stop,economy,24.0,7660.91,1150
2245,AIR INDIA,Kolkata,Delhi,2025-07-12,7:15,3h 18m,2+ stops,Business,42.0,30893.88,1300
2246,GoAir,Hyderabad,Cochin,24/09/2025,13:45,1h 16m,non-stop,BUSINESS,15.0,12577.35,700
2247,GoAir,Chenai,Mumbai,09/21/2025,6:15,1h 22m,Non Stop,Economy,45.0,6666.02,1030
2248,Spice Jet,Delhi,Kolkata,05/18/2025,0:00,3h 28m,Non Stop,Economy,37.0,8372.94,1300
2249,SpiceJet,Mumbai,cochin,30-May-2025,20:45,3h 47m,2+ stops,,36.0,6406.39,860
2250,GoAir,Chenai,Hyderabad,23-Nov-2025,3:15,2h 41m,Non Stop,Eco,2.0,3881.05,515
2251,Go Air,Chenai,Delhi,2025-08-17,21:15,2h 13m,2 stops,Business,40.0,34597.33,1760
2252,Air India,Banglore,Kolkata,07-Jun-2025,18:00,1h 11m,2 stops,Eco,11.0,13717.35,1560
2253,Go Air,Hyderabad,Delhi,12/04/2025,3:45,0h 38m,1 stop,Economy,18.0,8908.56,1260
2254,AIR INDIA,Delhi,Hyderabad,28-Mar-2025,8:15,4h 50m,1 Stop,Eco,18.0,10218.97,1260
2255,AIR INDIA,Kolkata,Mumbai,11/21/2025,15:15,2h 26m,Non Stop,economy,50.0,12032.43,1650
2256,IndiGo,Hyderabad,Cochin,12/03/2025,23:30,4h 35m,non-stop,Eco,14.0,5597.02,700
2257,AIR INDIA,Delhi,Chennai,2025-05-25,6:15,1h 45m,,economy,10.0,13774.88,1760
2258,GoAir,Banglore,Chennai,11/12/2025,23:15,1h 36m,2+ stops,Business,52.0,6014.36,290
2259,Spice Jet,delhi,HYDERABAD,12/10/2025,15:45,3h 6m,,Economy,40.0,8432.34,1260
2260,,MUMBAI,Mumbai,08/27/2025,14:00,2h 23m,2 stops,Eco,37.0,7922.1,1030
2261,Vistara,Bangalore,Kolkata,07-Jun-2025,15:30,6h 0m,,economy,15.0,12955.64,1560
2262,Go Air,Hyderabad,Bangalore,17-Feb-2025,0:00,2h 46m,2+ stops,Business,9.0,11207.12,500
2263,Spice Jet,Hyderabad,cochin,2025-06-15,11:45,0h 52m,2 stops,BUSINESS,14.0,16994.75,700
2264,IndiGo,Banglore,Mumbai,2025-01-09,13:15,2h 32m,Non Stop,Business,36.0,17652.33,840
2265,Spice Jet,Delhi,HYDERABAD,11/01/2025,9:45,2h 36m,2+ stops,economy,36.0,8824.03,1260
2266,AIR INDIA,Banglore,Delhi,13-Jan-2025,23:00,1h 37m,,Eco,36.0,13496.97,1740
2267,IndiGo,Mumbai,Chennai,14/05/2025,7:15,1h 49m,Non Stop,Business,46.0,19895.97,1030
2268,AirAsia,Chenai,HYDERABAD,2025-08-17,8:15,1h 20m,2+ stops,Economy,16.0,4059.77,515
2269,indigo,Kolkata,Hyderabad,2025-05-26,1:30,1h 8m,2+ stops,Eco,47.0,8867.93,1190
2270,AIR INDIA,MUMBAI,HYDERABAD,2025-12-19,22:45,1h 2m,2+ stops,Biz,59.0,15093.01,620
2271,AIR INDIA,MUMBAI,cochin,2025-09-06,1:30,2h 34m,1 stop,Eco,38.0,6851.63,860
2272,Go Air,delhi,HYDERABAD,2025-03-24,23:30,1h 13m,2 stops,economy,51.0,8222.74,1260
2273,GoAir,Kolkata,Delhi,11/08/2025,20:00,1h 0m,Non Stop,Biz,11.0,26908.09,1300
2274,Spice Jet,Banglore,Bangalore,01/03/2025,17:15,6h 27m,1 Stop,Eco,17.0,,1030
2275,GoAir,delhi,Chennai,07/07/2025,13:30,3h 34m,1 stop,Biz,23.0,35053.85,1760
2276,Spice Jet,Mumbai,Delhi,05/13/2025,16:00,3h 31m,1 stop,Eco,57.0,7642.97,1150
2277,GoAir,Chennai,cochin,2025-01-15,4:45,3h 13m,non-stop,economy,60.0,3334.17,500
2278,AirAsia,Chenai,Hyderabad,2025-05-19,4:45,2h 11m,non-stop,economy,9.0,3678.53,515
2279,indigo,MUMBAI,Chennai,2025-05-18,19:15,,2+ stops,Biz,15.0,23551.03,1030
2280,AirAsia,delhi,Chennai,16/05/2025,7:00,1h 12m,Non Stop,Biz,39.0,29306.57,1760
2281,Go Air,Bangalore,Mumbai,17-Jun-2025,11:00,4h 53m,,Economy,36.0,5606.47,840
2282,,Bangalore,Cochin,12/22/2025,15:00,1h 37m,non-stop,Eco,44.0,2458.63,360
2283,AirAsia,Kolkata,cochin,03/04/2025,22:30,3h 36m,,Economy,27.0,11727.16,1900
2284,Spice Jet,Hyderabad,Bangalore,07/18/2025,12:45,2h 21m,1 stop,Business,7.0,10727.03,500
2285,Air India,MUMBAI,Delhi,06/11/2025,12:15,3h 2m,,economy,13.0,9490.21,1150
2286,AirAsia,Bangalore,cochin,12-Apr-2025,20:45,3h 31m,Non Stop,BUSINESS,28.0,6868.22,360
2287,Spice Jet,Kolkata,Bangalore,06-Feb-2025,13:30,1h 45m,2 stops,Eco,60.0,8692.43,1560
2288,Spice Jet,Banglore,Bangalore,22/12/2025,8:00,2h 2m,2+ stops,Economy,5.0,8996.12,1030
2289,GoAir,Kolkata,Chennai,02/18/2025,4:15,1h 55m,2 stops,Eco,25.0,10211.25,1360
2290,indigo,Hyderabad,Chennai,2025-08-23,15:30,1h 58m,1 Stop,Biz,52.0,10647.5,515
2291,Vistara,Chenai,Cochin,01/06/2025,14:15,3h 37m,1 Stop,Business,44.0,12970.2,500
2292,AirAsia,delhi,Bangalore,07/16/2025,23:30,2h 16m,non-stop,Eco,7.0,10700.85,1740
2293,GoAir,Delhi,Bangalore,21-Apr-2025,20:45,1h 55m,2 stops,BUSINESS,11.0,41037.12,1740
2294,SpiceJet,Bangalore,HYDERABAD,06/26/2025,0:30,1h 44m,2 stops,economy,11.0,3761.43,500
2295,Spice Jet,Chennai,Bangalore,11/06/2025,11:45,3h 51m,1 Stop,Biz,57.0,5932.57,290
2296,IndiGo,Chennai,cochin,07-Oct-2025,15:00,3h 10m,2+ stops,Business,41.0,10487.83,500
2297,Spice Jet,Mumbai,Delhi,18-May-2025,2:30,2h 1m,Non Stop,Eco,12.0,7960.93,1150
2298,Vistara,delhi,Cochin,04-Sep-2025,9:15,2h 5m,1 stop,Eco,1.0,18231.12,2100
2299,Vistara,Chenai,Delhi,13-Jun-2025,13:30,0h 52m,Non Stop,economy,9.0,13858.43,1760
2300,Go Air,Bangalore,cochin,22-Sep-2025,14:30,1h 49m,2 stops,BUSINESS,13.0,8271.72,360
2301,Spice Jet,MUMBAI,Cochin,27-Jul-2025,14:00,1h 57m,1 stop,economy,44.0,5852.04,860
2302,,Hyderabad,Chennai,2025-02-02,8:30,1h 22m,2 stops,Eco,17.0,4067.47,515
2303,Air India,Banglore,Bangalore,2025-03-17,18:30,6h 52m,1 stop,Business,1.0,24651.45,1030
2304,Air India,Bangalore,cochin,08/25/2025,0:45,0h 57m,Non Stop,,57.0,2844.79,360
2305,Vistara,Chennai,Mumbai,03/15/2025,9:00,1h 14m,non-stop,,8.0,23431.98,1030
2306,GoAir,Banglore,Bangalore,11/28/2025,18:00,3h 58m,2 stops,Business,9.0,23524.79,1030
2307,AIR INDIA,Kolkata,Bangalore,02/06/2025,14:15,1h 26m,2 stops,Biz,58.0,36125.75,1560
2308,AIR INDIA,Mumbai,cochin,16/06/2025,14:15,5h 18m,2+ stops,Economy,26.0,6947.76,860
2309,Spice Jet,Mumbai,Cochin,2025-01-08,23:30,2h 11m,2 stops,Business,57.0,17775.18,860
2310,Go Air,Chennai,Delhi,20-Aug-2025,15:15,2h 26m,1 stop,Eco,4.0,14022.14,1760
2311,Go Air,Bangalore,Mumbai,06/22/2025,16:00,1h 28m,1 Stop,economy,33.0,5786.56,840
2312,Spice Jet,Chenai,Delhi,01/20/2025,14:45,3h 35m,1 Stop,Business,4.0,38671.8,1760
2313,AirAsia,Bangalore,Delhi,06/10/2025,5:15,1h 34m,,Eco,17.0,12215.48,1740
2314,IndiGo,Chenai,Chennai,07/16/2025,3:00,2h 16m,,Eco,48.0,7049.61,1030
2315,IndiGo,Chenai,Cochin,06/05/2025,4:00,,,Business,25.0,10938.11,500
2316,AirAsia,delhi,Kolkata,10/13/2025,14:00,3h 8m,2+ stops,Business,53.0,22992.38,1300
2317,Air India,delhi,Bangalore,21/01/2025,0:00,1h 40m,2+ stops,Biz,40.0,41461.11,1740
2318,Vistara,Delhi,Cochin,11/02/2025,23:30,2h 9m,1 Stop,Eco,41.0,16534.44,2100
2319,AirAsia,Mumbai,HYDERABAD,05-Mar-2025,22:15,4h 55m,non-stop,Business,20.0,12335.84,620
2320,SpiceJet,Hyderabad,HYDERABAD,25/04/2025,6:15,2h 25m,1 stop,BUSINESS,51.0,20633.28,1030
2321,Spice Jet,Delhi,Chennai,2025-10-11,13:15,3h 25m,2 stops,Eco,50.0,11293.32,1760
2322,IndiGo,Kolkata,Delhi,2025-07-08,17:15,1h 25m,,economy,18.0,9272.91,1300
2323,Go Air,Chenai,Hyderabad,11/07/2025,1:00,3h 8m,1 Stop,Biz,54.0,10832.94,515
2324,Vistara,MUMBAI,Chennai,2025-06-18,16:15,1h 34m,2 stops,Business,52.0,23378.55,1030
2325,SpiceJet,Delhi,cochin,12-Aug-2025,16:15,2h 22m,2 stops,BUSINESS,23.0,44500.92,2100
2326,IndiGo,Chenai,cochin,2025-03-17,22:15,1h 6m,non-stop,Biz,9.0,10706.28,500
2327,AIR INDIA,Hyderabad,Mumbai,2025-05-14,15:15,2h 44m,,Economy,34.0,4796.63,620
2328,GoAir,Kolkata,Cochin,23-Jul-2025,21:45,1h 51m,Non Stop,Economy,9.0,13897.74,1900
2329,Go Air,Banglore,Chennai,2025-02-11,9:45,2h 30m,non-stop,Business,46.0,5381.05,290
2330,Vistara,Chennai,Bangalore,2025-11-09,10:15,3h 46m,1 Stop,Eco,21.0,2691.98,290
2331,Air India,Chennai,Mumbai,2025-07-02,23:30,1h 26m,Non Stop,economy,1.0,8034.93,1030
2332,IndiGo,Hyderabad,Chennai,11-Nov-2025,10:00,2h 42m,,Eco,,3551.41,515
2333,SpiceJet,delhi,Hyderabad,29/07/2025,14:00,4h 2m,1 Stop,Eco,46.0,8126.44,1260
2334,GoAir,Kolkata,Delhi,03/04/2025,17:45,1h 7m,2 stops,Economy,36.0,8336.07,1300
2335,IndiGo,Banglore,Delhi,02/06/2025,11:45,2h 58m,Non Stop,Economy,52.0,11647.12,1740
2336,AIR INDIA,Bangalore,cochin,2025-11-19,10:00,4h 37m,1 stop,economy,10.0,3351.33,360
2337,Vistara,Delhi,Cochin,26-Jan-2025,18:30,3h 21m,1 stop,economy,22.0,17908.93,2100
2338,Go Air,delhi,Kolkata,07/24/2025,7:45,2h 15m,,economy,,9471.92,1300
2339,indigo,Chenai,Delhi,2025-07-03,0:00,2h 0m,non-stop,Economy,58.0,11596.04,1760
2340,Vistara,MUMBAI,Mumbai,02/21/2025,1:00,2h 22m,1 stop,Economy,11.0,8669.33,1030
2341,AirAsia,Delhi,Kolkata,14-Aug-2025,21:45,2h 34m,1 stop,Eco,40.0,8350.66,1300
2342,AIR INDIA,delhi,Delhi,2025-10-27,1:15,3h 25m,1 Stop,BUSINESS,53.0,19936.74,1030
2343,IndiGo,Bangalore,Cochin,14/07/2025,15:00,1h 29m,1 stop,BUSINESS,48.0,7362.8,360
2344,IndiGo,Chennai,Kolkata,26/09/2025,12:15,0h 59m,2 stops,economy,12.0,9993.2,1360
2345,SpiceJet,Delhi,Kolkata,23-Apr-2025,3:00,1h 27m,1 stop,Business,53.0,25127.11,1300
2346,GoAir,Mumbai,Delhi,01/07/2025,11:30,3h 57m,,Biz,6.0,27710.88,1150
2347,AIR INDIA,Bangalore,Chennai,2025-05-31,11:30,3h 43m,,Biz,24.0,7349.54,290
2348,indigo,Bangalore,HYDERABAD,09-Oct-2025,15:00,1h 47m,,,24.0,3440.75,500
2349,Spice Jet,Chennai,cochin,07-Apr-2025,9:45,1h 55m,,Business,37.0,9780.57,500
2350,IndiGo,Hyderabad,Chennai,09/17/2025,5:15,2h 32m,,economy,49.0,3865.31,515
2351,indigo,Delhi,Hyderabad,15/05/2025,9:30,1h 43m,2 stops,economy,10.0,9956.37,1260
2352,GoAir,Kolkata,Delhi,10-Jun-2025,16:30,0h 36m,1 Stop,economy,,8213.5,1300
2353,AIR INDIA,Delhi,Bangalore,2025-03-22,0:00,2h 52m,2 stops,BUSINESS,43.0,39859.9,1740
2354,SpiceJet,Chenai,Cochin,2025-04-07,10:15,0h 42m,Non Stop,economy,7.0,3368.31,500
2355,IndiGo,Bangalore,Delhi,2025-03-27,23:45,1h 12m,2 stops,Business,48.0,,1740
2356,IndiGo,Bangalore,Mumbai,21/09/2025,2:45,2h 1m,Non Stop,Biz,6.0,18722.85,840
2357,AIR INDIA,Delhi,Cochin,19/05/2025,10:00,3h 36m,,Eco,19.0,15557.38,2100
2358,AirAsia,Kolkata,Mumbai,05/04/2025,14:00,3h 20m,,BUSINESS,29.0,32108.54,1650
2359,AirAsia,Chennai,Hyderabad,07/10/2025,0:15,2h 23m,,Biz,1.0,9866.33,515
2360,IndiGo,Delhi,Mumbai,08/08/2025,9:45,1h 28m,2 stops,Economy,53.0,8940.5,1150
2361,Go Air,delhi,Delhi,09/24/2025,5:00,1h 40m,non-stop,Economy,,6377.46,1030
2362,Spice Jet,MUMBAI,Delhi,17-Dec-2025,19:15,6h 36m,1 Stop,Business,44.0,22103.16,1150
2363,AirAsia,Chenai,Delhi,2025-01-21,9:30,1h 44m,non-stop,Eco,3.0,11787.97,1760
2364,indigo,Chennai,Hyderabad,2025-04-28,4:30,4h 54m,non-stop,economy,5.0,4168.0,515
2365,GoAir,MUMBAI,Delhi,22-Feb-2025,4:45,5h 31m,,economy,26.0,8229.96,1150
2366,AirAsia,Hyderabad,HYDERABAD,04/04/2025,23:00,1h 6m,Non Stop,Economy,39.0,6501.87,1030
2367,AIR INDIA,Chennai,cochin,12/08/2025,9:30,1h 40m,non-stop,Business,20.0,11961.77,500
2368,Air India,MUMBAI,Hyderabad,20/04/2025,4:45,1h 50m,2+ stops,Eco,3.0,6052.64,620
2369,Spice Jet,MUMBAI,Kolkata,13-Nov-2025,16:15,1h 42m,2 stops,BUSINESS,26.0,33964.02,1650
2370,Go Air,Chenai,cochin,11/09/2025,18:30,9h 47m,2 stops,economy,18.0,4538.0,500
2371,Spice Jet,delhi,HYDERABAD,08/11/2025,21:00,2h 4m,2+ stops,Eco,60.0,9824.77,1260
2372,Go Air,Kolkata,Cochin,18-Jan-2025,9:45,1h 8m,Non Stop,Business,18.0,38251.59,1900
2373,Go Air,Hyderabad,Chennai,04/26/2025,20:15,2h 55m,non-stop,Biz,23.0,9554.64,515
2374,Go Air,Hyderabad,Bangalore,03/29/2025,6:00,3h 2m,1 stop,Eco,6.0,3957.97,500
2375,AirAsia,Bangalore,cochin,11-Nov-2025,16:45,2h 46m,non-stop,Business,29.0,6758.19,360
2376,Vistara,Mumbai,Bangalore,2025-01-12,5:00,1h 51m,,Business,29.0,19621.58,840
2377,AIR INDIA,Mumbai,Bangalore,27-Jul-2025,18:45,1h 43m,Non Stop,Biz,17.0,17472.52,840
2378,SpiceJet,Mumbai,Bangalore,03/02/2025,7:45,7h 0m,1 Stop,Business,59.0,15564.48,840
2379,IndiGo,delhi,Mumbai,29/01/2025,13:45,5h 1m,,economy,16.0,9853.27,1150
2380,Air India,delhi,Bangalore,07/04/2025,12:00,4h 46m,1 stop,economy,26.0,14162.45,1740
2381,Go Air,Banglore,Mumbai,22/03/2025,0:30,2h 32m,1 stop,BUSINESS,6.0,14949.23,840
2382,indigo,delhi,Mumbai,12-Nov-2025,12:00,1h 30m,2+ stops,Business,19.0,28748.79,1150
2383,IndiGo,Banglore,Hyderabad,2025-12-21,6:30,3h 18m,,economy,47.0,4078.02,500
2384,AirAsia,Bangalore,Hyderabad,2025-07-13,0:00,2h 2m,1 Stop,Eco,42.0,3356.41,500
2385,Air India,Mumbai,Bangalore,04/30/2025,19:30,4h 35m,2 stops,Business,60.0,19280.79,840
2386,AirAsia,Chennai,Mumbai,2025-10-24,12:30,2h 6m,2+ stops,BUSINESS,49.0,18993.46,1030
2387,indigo,Hyderabad,cochin,2025-05-19,0:45,1h 15m,1 stop,Economy,53.0,4729.84,700
2388,SpiceJet,Mumbai,Chennai,20/10/2025,10:45,1h 29m,non-stop,Business,12.0,22404.54,1030
2389,Go Air,Banglore,Delhi,03/20/2025,8:15,2h 8m,1 Stop,Business,41.0,32106.69,1740
2390,GoAir,Delhi,Bangalore,17/11/2025,11:45,4h 37m,,Eco,21.0,10673.51,1740
2391,Air India,Chenai,cochin,2025-08-03,7:30,1h 30m,2+ stops,Economy,1.0,4718.81,500
2392,AirAsia,Hyderabad,Cochin,13/01/2025,8:30,1h 46m,2+ stops,economy,5.0,5405.09,700
2393,SpiceJet,Bangalore,Kolkata,02/09/2025,13:45,5h 12m,1 Stop,economy,55.0,10904.48,1560
2394,GoAir,Bangalore,Cochin,25/05/2025,12:30,2h 31m,non-stop,Biz,23.0,7201.52,360
2395,SpiceJet,Chennai,Kolkata,2025-11-01,16:45,4h 3m,1 Stop,BUSINESS,54.0,24736.03,1360
2396,AirAsia,Kolkata,Hyderabad,23/01/2025,13:00,2h 1m,1 Stop,Eco,54.0,7748.22,1190
2397,Air India,Delhi,Mumbai,11/02/2025,5:30,2h 2m,,BUSINESS,54.0,24414.71,1150
2398,indigo,Bangalore,Mumbai,09/15/2025,18:30,2h 32m,Non Stop,Economy,15.0,5941.91,840
2399,SpiceJet,Hyderabad,Delhi,24-Sep-2025,22:00,3h 13m,Non Stop,Business,2.0,27649.96,1260
2400,Spice Jet,Delhi,Mumbai,01/09/2025,12:00,1h 34m,1 stop,Eco,16.0,8263.59,1150
2401,GoAir,Chennai,cochin,01/03/2025,12:00,2h 32m,,Economy,26.0,3715.09,500
2402,GoAir,Hyderabad,Delhi,14-May-2025,4:00,2h 37m,non-stop,Economy,9.0,8707.48,1260
2403,IndiGo,Kolkata,Hyderabad,01/24/2025,21:15,1h 40m,2 stops,BUSINESS,32.0,24079.46,1190
2404,AirAsia,MUMBAI,Cochin,01/11/2025,19:00,3h 2m,,Eco,30.0,5651.48,860
2405,GoAir,Chenai,HYDERABAD,2025-10-22,21:00,1h 33m,1 Stop,economy,57.0,3443.78,515
2406,Vistara,Chennai,Mumbai,12/27/2025,6:45,2h 32m,2 stops,economy,42.0,8354.71,1030
2407,AIR INDIA,MUMBAI,Bangalore,02/27/2025,14:30,2h 18m,2 stops,Business,57.0,19847.77,840
2408,indigo,Bangalore,Mumbai,14-Jul-2025,20:30,1h 59m,non-stop,Economy,34.0,5961.89,840
2409,Vistara,Delhi,HYDERABAD,02-Nov-2025,12:45,4h 28m,Non Stop,Eco,11.0,10920.19,1260
2410,indigo,Kolkata,Hyderabad,05/15/2025,0:30,1h 31m,Non Stop,BUSINESS,21.0,24349.86,1190
2411,GoAir,Bangalore,Mumbai,2025-12-29,5:15,2h 11m,non-stop,economy,3.0,6336.36,840
2412,IndiGo,delhi,Chennai,09-Apr-2025,22:00,2h 12m,Non Stop,BUSINESS,6.0,38172.94,1760
2413,GoAir,Bangalore,Mumbai,2025-10-22,20:30,1h 36m,1 Stop,Biz,27.0,16579.95,840
2414,Vistara,Banglore,Bangalore,13/06/2025,18:15,2h 24m,1 stop,BUSINESS,60.0,22171.03,1030
2415,indigo,Chenai,Hyderabad,08/10/2025,2:45,0h 37m,2 stops,BUSINESS,29.0,,515
2416,AIR INDIA,Delhi,Cochin,30-Jan-2025,12:45,0h 57m,Non Stop,economy,7.0,16621.29,2100
2417,AIR INDIA,Kolkata,cochin,2025-05-11,3:30,1h 36m,2 stops,Economy,10.0,15812.36,1900
2418,Go Air,MUMBAI,Bangalore,07/30/2025,20:30,2h 37m,2+ stops,Biz,29.0,17412.45,840
2419,GoAir,Chenai,Delhi,12/05/2025,9:30,5h 8m,1 stop,Eco,25.0,12877.51,1760
2420,AIR INDIA,Banglore,Bangalore,28/05/2025,15:15,1h 51m,1 stop,Economy,33.0,7381.12,1030
2421,AIR INDIA,Mumbai,cochin,2025-12-03,11:45,2h 1m,non-stop,Business,16.0,18888.94,860
2422,SpiceJet,Mumbai,HYDERABAD,04/07/2025,12:45,3h 30m,Non Stop,Eco,8.0,4962.01,620
2423,IndiGo,MUMBAI,Delhi,08/07/2025,11:15,7h 13m,,Biz,44.0,24039.46,1150
2424,IndiGo,Delhi,HYDERABAD,11/15/2025,5:45,2h 12m,2+ stops,Economy,57.0,9103.11,1260
2425,Go Air,Hyderabad,Mumbai,29/05/2025,10:00,2h 4m,non-stop,economy,18.0,4420.6,620
2426,Spice Jet,MUMBAI,Cochin,29-Mar-2025,4:00,2h 10m,2+ stops,Biz,47.0,18002.5,860
2427,Vistara,Hyderabad,Delhi,01/08/2025,20:00,3h 4m,,BUSINESS,58.0,24773.38,1260
2428,AIR INDIA,Mumbai,HYDERABAD,24-Oct-2025,19:00,1h 3m,2+ stops,Economy,35.0,5159.54,620
2429,AIR INDIA,Banglore,Mumbai,11/03/2025,1:00,2h 1m,non-stop,Economy,51.0,6631.49,840
2430,AIR INDIA,Delhi,Mumbai,17-Jun-2025,9:45,2h 3m,2+ stops,Economy,21.0,9513.75,1150
2431,Spice Jet,Mumbai,Bangalore,2025-04-05,10:45,1h 37m,non-stop,BUSINESS,,15768.74,840
2432,Spice Jet,Delhi,Mumbai,2025-03-29,21:30,4h 20m,2+ stops,BUSINESS,54.0,22625.08,1150
2433,IndiGo,Bangalore,Delhi,30/07/2025,13:00,6h 1m,1 stop,Biz,22.0,37080.94,1740
2434,AirAsia,Chenai,cochin,2025-08-19,19:45,3h 49m,non-stop,Economy,50.0,3279.11,500
2435,indigo,MUMBAI,HYDERABAD,12/23/2025,2:15,1h 19m,1 stop,BUSINESS,14.0,14062.62,620
2436,AIR INDIA,Banglore,Bangalore,2025-06-08,11:30,5h 57m,1 Stop,Economy,38.0,8341.68,1030
2437,IndiGo,Delhi,Kolkata,2025-07-17,11:00,1h 48m,,Biz,53.0,26580.99,1300
2438,IndiGo,Chenai,HYDERABAD,11/12/2025,3:45,2h 44m,1 stop,Business,42.0,10053.18,515
2439,GoAir,Chenai,Kolkata,11-Aug-2025,2:00,4h 28m,1 Stop,BUSINESS,33.0,25854.48,1360
2440,Air India,Bangalore,Cochin,22-Jun-2025,6:45,7h 11m,Non Stop,BUSINESS,4.0,8970.97,360
2441,indigo,Bangalore,Kolkata,05/07/2025,4:45,2h 30m,2 stops,Eco,49.0,11339.33,1560
2442,Air India,delhi,HYDERABAD,31/05/2025,20:15,1h 56m,Non Stop,Business,56.0,24034.78,1260
2443,Vistara,Kolkata,Cochin,31-Oct-2025,23:30,1h 48m,2+ stops,Biz,10.0,53202.48,1900
2444,SpiceJet,Chenai,Cochin,2025-09-23,2:00,1h 30m,2 stops,Biz,26.0,11438.74,500
2445,Air India,Hyderabad,cochin,2025-10-17,22:15,1h 59m,2+ stops,Economy,44.0,5500.54,700
2446,IndiGo,Hyderabad,Kolkata,05/27/2025,20:45,1h 4m,1 Stop,Eco,48.0,7860.86,1190
2447,,Bangalore,Mumbai,31-Jan-2025,2:30,3h 56m,2+ stops,economy,32.0,6610.48,840
2448,IndiGo,MUMBAI,Chennai,07/13/2025,9:30,1h 45m,1 stop,Biz,30.0,24952.5,1030
2449,Go Air,Hyderabad,Cochin,10/05/2025,14:15,2h 19m,2 stops,BUSINESS,10.0,14779.2,700
2450,GoAir,Chenai,Chennai,09/17/2025,22:30,2h 34m,Non Stop,Economy,53.0,7014.05,1030
2451,AirAsia,Hyderabad,Mumbai,09/13/2025,6:45,3h 22m,2 stops,economy,49.0,4015.94,620
2452,AIR INDIA,Kolkata,Delhi,15/05/2025,4:00,1h 40m,1 stop,Economy,2.0,10119.5,1300
2453,AIR INDIA,MUMBAI,Kolkata,2025-05-20,9:45,2h 6m,1 Stop,Biz,29.0,35570.88,1650
2454,IndiGo,Bangalore,Mumbai,10/03/2025,18:15,2h 38m,non-stop,economy,11.0,5972.15,840
2455,Vistara,Mumbai,Bangalore,2025-01-20,11:15,0h 46m,,economy,38.0,6524.06,840
2456,AirAsia,Bangalore,cochin,21-Sep-2025,11:00,4h 57m,1 stop,Biz,29.0,7066.37,360
2457,GoAir,delhi,Chennai,20/08/2025,20:45,4h 4m,1 stop,Biz,56.0,30234.0,1760
2458,GoAir,Chennai,Mumbai,01/09/2025,8:15,4h 21m,Non Stop,Eco,49.0,7060.96,1030
2459,Air India,Hyderabad,Delhi,01-Jun-2025,13:45,1h 42m,non-stop,Eco,57.0,9301.02,1260
2460,AIR INDIA,Bangalore,Chennai,06/29/2025,7:15,3h 25m,,Eco,44.0,2789.34,290
2461,,Chennai,Cochin,04/08/2025,1:15,7h 8m,Non Stop,Eco,1.0,4586.3,500
2462,IndiGo,Hyderabad,Mumbai,28/11/2025,9:30,2h 38m,,BUSINESS,25.0,13471.78,620
2463,Go Air,Bangalore,HYDERABAD,2025-06-04,14:45,3h 20m,Non Stop,BUSINESS,53.0,8847.32,500
2464,Go Air,Kolkata,cochin,25/02/2025,1:30,3h 18m,2+ stops,economy,8.0,13652.8,1900
2465,Spice Jet,Chenai,cochin,18/04/2025,15:00,,1 stop,BUSINESS,33.0,10305.38,500
2466,,Mumbai,Chennai,04/08/2025,15:30,1h 46m,1 Stop,Business,45.0,19222.5,1030
2467,IndiGo,Mumbai,Chennai,2025-08-31,1:00,1h 21m,1 Stop,economy,42.0,6772.35,1030
2468,Spice Jet,delhi,Chennai,17-Nov-2025,0:00,1h 5m,2 stops,Eco,58.0,12158.11,1760
2469,SpiceJet,MUMBAI,Chennai,09/11/2025,21:00,2h 48m,,Economy,5.0,8548.02,1030
2470,Vistara,Delhi,Chennai,10/21/2025,6:45,7h 39m,2+ stops,Biz,48.0,43690.62,1760
2471,indigo,Kolkata,Cochin,01/20/2025,18:15,1h 11m,1 stop,Business,46.0,40117.54,1900
2472,IndiGo,delhi,Mumbai,07/09/2025,16:00,,Non Stop,,33.0,22587.65,1150
2473,Vistara,Delhi,Kolkata,29/08/2025,4:45,0h 32m,2 stops,Eco,34.0,9736.8,1300
2474,indigo,MUMBAI,Cochin,03/06/2025,15:00,1h 56m,non-stop,Biz,55.0,16753.25,860
2475,,Kolkata,Hyderabad,06/22/2025,23:00,5h 34m,,BUSINESS,57.0,24157.77,1190
2476,GoAir,Bangalore,HYDERABAD,10/07/2025,9:30,0h 49m,,BUSINESS,36.0,9765.22,500
2477,Go Air,Banglore,Hyderabad,02/02/2025,6:30,7h 43m,,Business,6.0,10969.73,500
2478,IndiGo,Delhi,cochin,2025-05-12,16:15,2h 1m,Non Stop,Business,35.0,43462.23,2100
2479,Spice Jet,Bangalore,Delhi,06/28/2025,0:30,3h 51m,2 stops,economy,27.0,11761.52,1740
2480,indigo,Bangalore,cochin,04/29/2025,11:15,2h 15m,Non Stop,BUSINESS,6.0,7634.08,360
2481,AirAsia,Mumbai,Kolkata,08/29/2025,8:00,1h 2m,non-stop,BUSINESS,4.0,29676.55,1650
2482,Vistara,Bangalore,Cochin,04/07/2025,2:15,4h 9m,non-stop,Business,,8601.41,360
2483,SpiceJet,delhi,Bangalore,2025-07-25,16:45,1h 41m,1 stop,Business,57.0,29722.21,1740
2484,Spice Jet,delhi,cochin,2025-12-10,22:45,3h 7m,non-stop,Economy,35.0,12870.73,2100
2485,Spice Jet,Mumbai,Hyderabad,30/05/2025,8:30,7h 39m,2+ stops,Eco,1.0,5442.4,620
2486,GoAir,Banglore,HYDERABAD,11/09/2025,20:45,1h 26m,,BUSINESS,16.0,10142.59,500
2487,AIR INDIA,Chennai,Bangalore,22-Oct-2025,13:30,1h 38m,non-stop,,34.0,2227.97,290
2488,IndiGo,Chenai,cochin,11/27/2025,16:00,3h 11m,1 stop,Eco,30.0,3997.96,500
2489,Air India,Mumbai,Cochin,17/08/2025,7:00,2h 18m,,Business,29.0,21041.04,860
2490,Air India,Mumbai,Hyderabad,2025-05-24,8:15,1h 25m,2+ stops,Biz,43.0,14898.75,620
2491,GoAir,Mumbai,Chennai,2025-02-14,1:45,2h 30m,2+ stops,economy,21.0,8504.98,1030
2492,Go Air,Mumbai,Delhi,12-Dec-2025,1:45,3h 25m,2+ stops,economy,42.0,8918.53,1150
2493,indigo,Chennai,Bangalore,18-Apr-2025,22:30,1h 30m,Non Stop,Economy,36.0,2379.88,290
2494,Air India,Banglore,Chennai,12/23/2025,19:00,3h 46m,2 stops,Biz,5.0,7806.23,290
2495,indigo,Mumbai,Chennai,11-May-2025,22:00,1h 1m,2 stops,BUSINESS,41.0,21754.82,1030
2496,IndiGo,Banglore,Bangalore,2025-11-23,1:00,1h 18m,Non Stop,Biz,22.0,22008.47,1030
2497,Air India,delhi,Bangalore,19-Apr-2025,10:15,1h 26m,2 stops,Business,20.0,40716.91,1740
2498,GoAir,Bangalore,HYDERABAD,15-Feb-2025,20:15,3h 25m,2 stops,Economy,21.0,3528.6,500
2499,IndiGo,Hyderabad,cochin,2025-10-03,13:00,1h 51m,2 stops,Economy,14.0,5816.55,700
2500,Go Air,Bangalore,Cochin,05-Jul-2025,16:30,1h 33m,non-stop,Business,30.0,6507.96,360
2501,Go Air,Banglore,cochin,11/07/2025,11:15,2h 23m,,Economy,1.0,2787.95,360
2502,IndiGo,Chennai,Cochin,06/26/2025,21:00,0h 51m,1 stop,Biz,58.0,9811.56,500
2503,AirAsia,MUMBAI,Mumbai,09/09/2025,22:30,6h 37m,2+ stops,Biz,13.0,22349.66,1030
2504,AirAsia,Chenai,Cochin,27-Dec-2025,18:15,1h 55m,1 Stop,BUSINESS,13.0,9247.94,500
2505,SpiceJet,Hyderabad,Delhi,09/13/2025,9:30,2h 12m,Non Stop,Business,21.0,24782.04,1260
2506,indigo,Chenai,Kolkata,04-Jun-2025,2:30,5h 6m,1 stop,Biz,8.0,32061.55,1360
2507,GoAir,Kolkata,Cochin,06/30/2025,18:45,1h 25m,2 stops,Economy,43.0,,1900
2508,Air India,delhi,Hyderabad,14-Oct-2025,1:15,4h 55m,Non Stop,Biz,60.0,27135.19,1260
2509,AirAsia,Chenai,Chennai,2025-10-16,4:30,2h 11m,1 Stop,Business,44.0,16989.22,1030
2510,AirAsia,MUMBAI,Bangalore,10-Aug-2025,21:30,4h 3m,2 stops,Economy,44.0,6558.88,840
2511,AIR INDIA,Mumbai,Delhi,03/06/2025,12:00,1h 1m,2+ stops,Economy,36.0,9199.26,1150
2512,Air India,Chennai,Cochin,12/18/2025,3:45,4h 7m,non-stop,Eco,37.0,4143.45,500
2513,Vistara,delhi,Delhi,2025-05-26,9:30,6h 16m,Non Stop,economy,58.0,6915.09,1030
2514,SpiceJet,Mumbai,HYDERABAD,04/07/2025,12:45,3h 30m,Non Stop,Eco,8.0,4656.38,620
2515,indigo,Chenai,Kolkata,22/10/2025,20:15,3h 21m,1 Stop,Business,45.0,27682.13,1360
2516,indigo,Banglore,Hyderabad,2025-02-15,6:30,1h 34m,,BUSINESS,34.0,10498.53,500
2517,indigo,Mumbai,Cochin,2025-04-18,3:00,5h 35m,1 Stop,Business,27.0,17927.24,860
2518,Spice Jet,Chenai,Cochin,2025-05-20,6:30,2h 13m,Non Stop,economy,58.0,3150.4,500
2519,IndiGo,Bangalore,Mumbai,2025-06-13,12:45,3h 17m,2 stops,BUSINESS,51.0,18681.48,840
2520,indigo,Kolkata,HYDERABAD,26-Mar-2025,10:45,,1 stop,Business,11.0,26279.44,1190
2521,AirAsia,Kolkata,cochin,02-Apr-2025,23:00,1h 48m,non-stop,economy,53.0,11919.63,1900
2522,GoAir,Delhi,HYDERABAD,2025-04-13,15:15,3h 45m,Non Stop,Biz,55.0,21324.2,1260
2523,Air India,Banglore,HYDERABAD,16-Mar-2025,2:45,1h 50m,1 stop,economy,28.0,4041.09,500
2524,indigo,Bangalore,Cochin,21-Feb-2025,6:15,2h 25m,Non Stop,Eco,45.0,2882.68,360
2525,SpiceJet,Bangalore,Kolkata,10/06/2025,0:45,2h 34m,1 stop,BUSINESS,48.0,26523.06,1560
2526,Go Air,Hyderabad,Chennai,29-Oct-2025,17:15,1h 12m,Non Stop,Biz,30.0,9066.55,515
2527,AIR INDIA,Banglore,HYDERABAD,2025-04-04,22:30,1h 43m,2 stops,Business,29.0,12798.84,500
2528,GoAir,Bangalore,HYDERABAD,2025-03-16,23:45,1h 20m,non-stop,Economy,28.0,,500
2529,AirAsia,Hyderabad,Bangalore,04/03/2025,15:15,,Non Stop,Economy,58.0,2800.36,500
2530,AIR INDIA,Hyderabad,Cochin,10-Mar-2025,8:15,2h 1m,1 Stop,Economy,5.0,6647.36,700
2531,Spice Jet,Bangalore,Hyderabad,31-Jul-2025,14:00,2h 28m,1 stop,Eco,30.0,3428.87,500
2532,,Delhi,Bangalore,13-Aug-2025,15:45,1h 11m,Non Stop,BUSINESS,46.0,33380.17,1740
2533,SpiceJet,Kolkata,Bangalore,2025-04-16,3:45,3h 1m,Non Stop,Eco,12.0,10761.87,1560
2534,Spice Jet,Banglore,Cochin,26/08/2025,21:30,4h 10m,1 stop,Biz,9.0,6705.58,360
2535,indigo,Hyderabad,Mumbai,10-Jan-2025,18:30,1h 26m,1 Stop,Business,41.0,12525.28,620
2536,indigo,MUMBAI,Chennai,15-Apr-2025,2:30,3h 16m,1 stop,Biz,17.0,23044.86,1030
2537,Go Air,Chenai,Delhi,04-Mar-2025,3:45,3h 57m,,Economy,1.0,12978.4,1760
2538,Go Air,Mumbai,Hyderabad,21-Aug-2025,9:00,3h 19m,non-stop,Biz,32.0,12463.54,620
2539,AIR INDIA,Kolkata,Mumbai,18/09/2025,13:15,2h 13m,2 stops,Economy,40.0,12528.33,1650
2540,,delhi,Hyderabad,03-Jun-2025,7:15,6h 16m,non-stop,Biz,56.0,24806.67,1260
2541,SpiceJet,MUMBAI,Kolkata,14-Feb-2025,11:30,3h 47m,non-stop,BUSINESS,38.0,29421.81,1650
2542,Vistara,Delhi,Kolkata,2025-11-10,0:45,1h 36m,,Economy,3.0,10167.68,1300
2543,indigo,Chennai,HYDERABAD,25-Dec-2025,22:00,1h 47m,,,58.0,9386.68,515
2544,Air India,Bangalore,Kolkata,2025-07-28,1:30,,1 stop,Biz,2.0,34512.52,1560
2545,SpiceJet,MUMBAI,cochin,2025-02-07,14:45,3h 22m,2 stops,economy,7.0,7179.29,860
2546,IndiGo,Bangalore,Kolkata,08/10/2025,21:30,1h 3m,,BUSINESS,23.0,29972.72,1560
2547,Vistara,Delhi,cochin,17/10/2025,18:00,1h 36m,2 stops,Biz,56.0,47892.22,2100
2548,Air India,Kolkata,Bangalore,06/08/2025,17:15,,2 stops,economy,,12434.65,1560
2549,Vistara,delhi,Mumbai,2025-03-22,10:45,3h 32m,2 stops,BUSINESS,39.0,27285.02,1150
2550,Vistara,Bangalore,Cochin,04/22/2025,0:45,,non-stop,economy,54.0,3098.05,360
2551,SpiceJet,Kolkata,HYDERABAD,11/06/2025,8:15,0h 48m,2 stops,BUSINESS,12.0,25043.31,1190
2552,SpiceJet,Delhi,cochin,03/01/2025,21:15,3h 43m,Non Stop,Biz,36.0,40538.47,2100
2553,indigo,Bangalore,Mumbai,13/08/2025,4:30,6h 29m,2+ stops,Economy,16.0,7349.02,840
2554,IndiGo,Banglore,Mumbai,2025-04-02,1:30,4h 31m,1 stop,Biz,9.0,18725.49,840
2555,Spice Jet,delhi,Mumbai,26-Apr-2025,2:00,,2 stops,BUSINESS,54.0,25456.79,1150
2556,Go Air,Hyderabad,cochin,01-Apr-2025,0:00,3h 15m,1 stop,Business,4.0,13582.68,700
2557,Go Air,MUMBAI,Kolkata,2025-05-11,11:15,1h 51m,Non Stop,Biz,43.0,31749.09,1650
2558,IndiGo,Bangalore,Chennai,06-Mar-2025,9:45,2h 43m,non-stop,Economy,16.0,2585.66,290
2559,Air India,Hyderabad,Chennai,07/30/2025,21:30,6h 37m,Non Stop,Business,43.0,11063.45,515
2560,,Banglore,Delhi,30/11/2025,10:00,7h 57m,non-stop,Eco,1.0,14574.82,1740
2561,Spice Jet,MUMBAI,Cochin,17-Sep-2025,0:45,3h 22m,2+ stops,economy,46.0,,860
2562,Go Air,MUMBAI,Mumbai,11/01/2025,14:15,1h 21m,,economy,4.0,7178.07,1030
2563,indigo,Hyderabad,Delhi,2025-02-17,10:45,7h 4m,,BUSINESS,57.0,23023.49,1260
2564,indigo,Mumbai,HYDERABAD,24/05/2025,12:30,,2 stops,Economy,32.0,4964.95,620
2565,Spice Jet,MUMBAI,HYDERABAD,05/03/2025,1:00,0h 55m,1 stop,Eco,39.0,3995.74,620
2566,AirAsia,Kolkata,Cochin,05/03/2025,21:45,2h 12m,2 stops,Eco,19.0,13369.04,1900
2567,AIR INDIA,Kolkata,Cochin,10/02/2025,4:00,1h 22m,2 stops,Business,30.0,43784.84,1900
2568,IndiGo,Chennai,Bangalore,2025-07-19,5:30,2h 8m,,Biz,37.0,6115.68,290
2569,Spice Jet,Chennai,Mumbai,25-Mar-2025,5:45,1h 43m,Non Stop,Eco,25.0,7076.72,1030
2570,Air India,MUMBAI,Bangalore,2025-05-15,1:45,1h 11m,1 Stop,Eco,28.0,6507.6,840
2571,Air India,MUMBAI,Chennai,08/22/2025,23:00,2h 27m,non-stop,Economy,33.0,7205.49,1030
2572,Spice Jet,delhi,Delhi,10/07/2025,21:45,2h 22m,non-stop,BUSINESS,27.0,23178.48,1030
2573,AirAsia,Chenai,HYDERABAD,08/20/2025,16:00,11h 24m,Non Stop,Eco,37.0,4147.51,515
2574,Air India,Hyderabad,Delhi,10/22/2025,14:00,3h 42m,,economy,29.0,8610.67,1260
2575,AIR INDIA,Delhi,cochin,11/18/2025,0:15,2h 36m,2 stops,economy,44.0,15241.14,2100
2576,Spice Jet,Chennai,Mumbai,2025-06-15,20:45,3h 27m,2 stops,Economy,20.0,7161.93,1030
2577,Spice Jet,Mumbai,Cochin,27-May-2025,15:15,5h 42m,2 stops,BUSINESS,18.0,19769.43,860
2578,GoAir,delhi,HYDERABAD,23-Apr-2025,16:30,1h 20m,2+ stops,BUSINESS,38.0,26413.51,1260
2579,Vistara,delhi,HYDERABAD,04-Aug-2025,5:00,3h 6m,2+ stops,Economy,5.0,12029.52,1260
2580,Air India,Delhi,Cochin,2025-08-22,21:00,0h 56m,2+ stops,Eco,2.0,18079.52,2100
2581,GoAir,Chennai,Kolkata,25-Feb-2025,12:30,2h 17m,Non Stop,Business,19.0,25609.12,1360
2582,AirAsia,Delhi,HYDERABAD,2025-12-26,19:00,1h 37m,1 stop,Economy,7.0,8466.97,1260
2583,indigo,Hyderabad,Delhi,2025-04-25,10:15,1h 2m,,economy,37.0,8768.89,1260
2584,AIR INDIA,MUMBAI,Bangalore,2025-10-25,13:45,4h 2m,Non Stop,Eco,2.0,7379.0,840
2585,GoAir,Mumbai,Cochin,2025-01-05,3:45,5h 22m,1 Stop,BUSINESS,39.0,,860
2586,Go Air,Chenai,HYDERABAD,2025-09-22,10:00,4h 12m,1 Stop,Economy,39.0,3959.04,515
2587,indigo,Mumbai,Cochin,2025-01-16,7:00,3h 16m,2 stops,BUSINESS,7.0,20726.71,860
2588,IndiGo,Delhi,Mumbai,27/04/2025,19:15,4h 16m,1 Stop,Business,3.0,27367.08,1150
2589,Spice Jet,Mumbai,HYDERABAD,08/06/2025,8:45,3h 49m,1 stop,Economy,3.0,5026.97,620
2590,IndiGo,Delhi,Cochin,30-Sep-2025,15:15,2h 7m,1 Stop,Eco,2.0,16264.87,2100
2591,AIR INDIA,Chenai,Mumbai,02/06/2025,10:00,1h 42m,2+ stops,Eco,54.0,8718.79,1030
2592,IndiGo,delhi,Hyderabad,26-Aug-2025,8:00,1h 27m,2+ stops,BUSINESS,37.0,26807.82,1260
2593,,Kolkata,cochin,02/21/2025,9:15,3h 42m,Non Stop,Biz,5.0,38372.64,1900
2594,Air India,Chennai,Hyderabad,21/01/2025,1:30,1h 5m,1 Stop,Business,31.0,10907.73,515
2595,Spice Jet,Delhi,Kolkata,10-Feb-2025,14:15,3h 5m,2+ stops,BUSINESS,10.0,29891.2,1300
2596,indigo,Chenai,Mumbai,07-Oct-2025,10:00,5h 0m,non-stop,Biz,21.0,19048.85,1030
2597,Air India,Bangalore,Hyderabad,04/03/2025,18:00,1h 48m,Non Stop,Economy,45.0,3927.26,500
2598,Air India,MUMBAI,Cochin,06-Sep-2025,22:00,1h 24m,,Business,41.0,,860
2599,Vistara,Kolkata,Mumbai,05/10/2025,15:00,2h 12m,non-stop,Economy,21.0,13732.07,1650
2600,IndiGo,Kolkata,Cochin,2025-11-25,8:00,1h 18m,2 stops,BUSINESS,6.0,41945.46,1900
2601,Air India,Chenai,Mumbai,2025-08-10,13:00,2h 31m,1 Stop,BUSINESS,38.0,22527.04,1030
2602,IndiGo,Chenai,Hyderabad,2025-10-24,7:45,1h 33m,2+ stops,BUSINESS,45.0,12176.04,515
2603,GoAir,Banglore,Bangalore,11/05/2025,4:00,1h 50m,non-stop,Biz,26.0,21052.64,1030
2604,AIR INDIA,Chennai,Bangalore,2025-11-03,15:00,1h 58m,1 Stop,,7.0,2615.24,290
2605,Spice Jet,Kolkata,Delhi,08/19/2025,8:00,2h 55m,Non Stop,BUSINESS,,25036.83,1300
2606,AirAsia,Mumbai,Kolkata,09/19/2025,8:45,0h 59m,,economy,6.0,11378.84,1650
2607,AIR INDIA,Kolkata,Cochin,2025-03-05,9:30,3h 39m,,Eco,8.0,15822.08,1900
2608,GoAir,Chenai,cochin,2025-06-14,23:45,2h 30m,2 stops,Business,7.0,10897.96,500
2609,indigo,Chenai,cochin,23-Mar-2025,11:45,3h 46m,non-stop,Biz,,11223.81,500
2610,AirAsia,Bangalore,Kolkata,05/10/2025,12:00,3h 16m,2 stops,,13.0,9792.11,1560
2611,indigo,MUMBAI,Mumbai,2025-10-01,11:45,,Non Stop,economy,51.0,6699.81,1030
2612,IndiGo,Chenai,Chennai,2025-07-20,13:00,2h 10m,1 stop,economy,33.0,7649.92,1030
2613,AIR INDIA,Delhi,Bangalore,11-Jan-2025,21:30,3h 17m,,Eco,6.0,14651.57,1740
2614,Spice Jet,MUMBAI,Cochin,18-Jun-2025,2:45,,1 Stop,BUSINESS,4.0,19941.35,860
2615,Go Air,MUMBAI,Bangalore,24-Aug-2025,0:45,6h 1m,2 stops,economy,1.0,7319.26,840
2616,AIR INDIA,Kolkata,Mumbai,08/26/2025,22:00,4h 38m,1 Stop,Eco,44.0,12187.51,1650
2617,Air India,Chennai,Bangalore,2025-10-21,11:45,5h 10m,non-stop,,57.0,2840.09,290
2618,Vistara,delhi,Mumbai,01/10/2025,23:15,1h 22m,2+ stops,Business,8.0,29495.09,1150
2619,Air India,Kolkata,Cochin,2025-04-25,5:15,5h 30m,2 stops,Business,11.0,49569.14,1900
2620,,Kolkata,cochin,19-Jul-2025,9:30,0h 46m,,Biz,11.0,45825.42,1900
2621,indigo,Kolkata,Hyderabad,01/10/2025,2:00,2h 39m,2+ stops,Business,2.0,31171.87,1190
2622,Air India,Banglore,Chennai,01/07/2025,15:00,,Non Stop,Biz,24.0,6676.44,290
2623,Vistara,Chennai,Cochin,14/03/2025,19:45,8h 3m,,Business,4.0,13036.46,500
2624,Go Air,Banglore,Bangalore,07/19/2025,13:00,4h 50m,Non Stop,Biz,20.0,18183.64,1030
2625,AIR INDIA,MUMBAI,Hyderabad,18/05/2025,7:45,2h 34m,2 stops,BUSINESS,6.0,16064.17,620
2626,indigo,MUMBAI,cochin,05-Dec-2025,2:45,2h 27m,1 stop,BUSINESS,24.0,17185.29,860
2627,Spice Jet,Chennai,Delhi,03/30/2025,0:15,0h 50m,non-stop,Business,16.0,32779.32,1760
2628,Vistara,Chenai,Kolkata,08/25/2025,8:45,,2 stops,,44.0,10240.47,1360
2629,Air India,delhi,Mumbai,02/18/2025,4:00,5h 37m,2+ stops,Eco,35.0,9598.69,1150
2630,Go Air,Hyderabad,Chennai,12-Jan-2025,14:45,2h 12m,2 stops,Economy,19.0,3982.42,515
2631,Air India,Kolkata,Bangalore,2025-09-08,6:15,2h 10m,Non Stop,economy,43.0,11274.96,1560
2632,Go Air,Banglore,Hyderabad,07/13/2025,9:30,3h 46m,,BUSINESS,4.0,10438.43,500
2633,AirAsia,Bangalore,Cochin,08/03/2025,6:30,2h 22m,1 stop,Biz,36.0,7470.11,360
2634,Go Air,Kolkata,Mumbai,17/05/2025,16:30,6h 32m,non-stop,Eco,19.0,11061.04,1650
2635,Spice Jet,Kolkata,Hyderabad,22/09/2025,13:45,3h 51m,1 stop,Eco,,7951.71,1190
2636,SpiceJet,delhi,cochin,01/04/2025,0:45,5h 54m,1 stop,BUSINESS,46.0,40448.37,2100
2637,IndiGo,Bangalore,Delhi,05/22/2025,11:45,,Non Stop,Business,38.0,38058.04,1740
2638,Spice Jet,MUMBAI,HYDERABAD,06/13/2025,3:00,1h 58m,1 Stop,Business,59.0,11795.35,620
2639,IndiGo,Kolkata,HYDERABAD,29-Jan-2025,23:30,5h 2m,non-stop,economy,35.0,8219.08,1190
2640,IndiGo,Hyderabad,cochin,2025-10-21,10:00,4h 22m,Non Stop,Business,15.0,13595.76,700
2641,SpiceJet,delhi,Mumbai,02-Aug-2025,6:30,4h 22m,Non Stop,Biz,31.0,21752.17,1150
2642,Vistara,Chennai,Delhi,03/07/2025,9:00,1h 53m,,Business,18.0,42787.88,1760
2643,IndiGo,Mumbai,HYDERABAD,07/07/2025,3:00,2h 13m,2+ stops,BUSINESS,48.0,13279.43,620
2644,Go Air,Mumbai,Delhi,01/07/2025,9:45,1h 33m,2+ stops,Economy,22.0,7674.59,1150
2645,GoAir,Bangalore,Kolkata,2025-08-22,3:00,0h 47m,Non Stop,Economy,12.0,9776.52,1560
2646,Go Air,Delhi,Kolkata,20-Mar-2025,17:30,1h 47m,1 stop,Biz,12.0,28758.39,1300
2647,AirAsia,Hyderabad,Bangalore,27/01/2025,5:30,3h 17m,1 stop,Biz,17.0,10996.61,500
2648,indigo,MUMBAI,Kolkata,05/15/2025,16:45,2h 48m,,BUSINESS,34.0,32175.02,1650
2649,GoAir,Bangalore,Cochin,22-Mar-2025,7:30,3h 59m,non-stop,,45.0,2841.44,360
2650,Go Air,Banglore,HYDERABAD,20/01/2025,14:30,1h 42m,non-stop,Business,20.0,9107.84,500
2651,IndiGo,Delhi,Cochin,2025-02-16,7:00,4h 17m,,Biz,54.0,44314.77,2100
2652,IndiGo,Banglore,Bangalore,06/01/2025,8:00,1h 47m,Non Stop,economy,48.0,6937.07,1030
2653,indigo,Hyderabad,Delhi,09/03/2025,12:00,0h 39m,2 stops,Biz,41.0,27970.09,1260
2654,Air India,Kolkata,Cochin,02/10/2025,16:15,2h 46m,1 stop,economy,56.0,12149.29,1900
2655,Vistara,Delhi,cochin,01/09/2025,19:00,6h 39m,1 Stop,economy,3.0,18878.36,2100
2656,GoAir,delhi,cochin,2025-09-20,20:00,4h 15m,2 stops,BUSINESS,14.0,44241.34,2100
2657,Go Air,Hyderabad,cochin,10-Feb-2025,12:15,6h 16m,,Economy,7.0,5852.9,700
2658,Go Air,delhi,Hyderabad,2025-01-28,20:30,2h 55m,,economy,6.0,9571.49,1260
2659,,Hyderabad,Bangalore,2025-12-04,22:00,2h 5m,2+ stops,Biz,7.0,12348.73,500
2660,Vistara,Bangalore,Cochin,05/06/2025,12:15,1h 53m,,Business,11.0,8812.5,360
2661,AirAsia,Bangalore,Cochin,2025-09-23,13:00,1h 7m,Non Stop,Eco,23.0,2652.32,360
2662,Air India,Bangalore,Hyderabad,09/20/2025,7:45,2h 5m,non-stop,economy,7.0,,500
2663,IndiGo,Banglore,Kolkata,06/17/2025,6:00,5h 58m,,economy,57.0,10120.46,1560
2664,Air India,Hyderabad,Chennai,2025-06-29,8:15,0h 39m,,Eco,1.0,4191.7,515
2665,Go Air,Banglore,Kolkata,2025-02-21,9:15,1h 22m,2+ stops,economy,12.0,10662.27,1560
2666,Vistara,Hyderabad,Kolkata,07/09/2025,6:45,2h 48m,,Eco,31.0,9314.98,1190
2667,indigo,delhi,Bangalore,2025-05-20,23:00,1h 50m,1 Stop,economy,15.0,13669.39,1740
2668,indigo,delhi,Hyderabad,02/06/2025,10:45,2h 52m,2 stops,economy,44.0,9265.25,1260
2669,Go Air,Banglore,Hyderabad,10/05/2025,6:30,1h 15m,1 Stop,Economy,19.0,3543.82,500
2670,IndiGo,Delhi,Cochin,03/29/2025,16:45,4h 38m,2+ stops,Eco,43.0,16480.03,2100
2671,Spice Jet,Hyderabad,Cochin,14-Aug-2025,11:00,0h 46m,non-stop,BUSINESS,42.0,12311.6,700
2672,,Mumbai,Bangalore,03-Aug-2025,8:30,3h 35m,1 Stop,BUSINESS,18.0,18492.44,840
2673,Spice Jet,Mumbai,Chennai,12/30/2025,22:30,6h 36m,2 stops,economy,34.0,7682.34,1030
2674,Vistara,delhi,Kolkata,2025-08-09,18:45,1h 31m,2 stops,Eco,45.0,10845.08,1300
2675,AirAsia,MUMBAI,cochin,10/29/2025,8:30,2h 21m,2 stops,Economy,55.0,5090.77,860
2676,Spice Jet,Mumbai,Bangalore,2025-07-14,8:15,1h 26m,2+ stops,Biz,40.0,16781.74,840
2677,Spice Jet,Kolkata,Bangalore,30-Apr-2025,4:00,4h 39m,,Business,55.0,26137.34,1560
2678,Vistara,Bangalore,Mumbai,03/19/2025,7:15,2h 37m,1 Stop,Eco,39.0,6673.85,840
2679,AirAsia,Kolkata,HYDERABAD,08-Sep-2025,1:00,,2 stops,economy,28.0,8831.83,1190
2680,Air India,Kolkata,Mumbai,2025-03-18,11:45,1h 46m,2+ stops,economy,2.0,14234.3,1650
2681,IndiGo,Banglore,Kolkata,12/06/2025,7:45,2h 11m,2 stops,BUSINESS,24.0,33329.25,1560
2682,,Chennai,Mumbai,24/07/2025,22:45,1h 25m,1 Stop,Business,53.0,21237.76,1030
2683,Vistara,Delhi,HYDERABAD,10-Oct-2025,9:30,3h 57m,,Biz,45.0,30186.95,1260
2684,indigo,Bangalore,Mumbai,20/03/2025,17:15,5h 23m,,BUSINESS,18.0,18450.67,840
2685,AirAsia,Bangalore,Delhi,2025-02-18,6:45,4h 50m,1 Stop,Economy,16.0,12309.14,1740
2686,SpiceJet,Kolkata,Mumbai,2025-07-07,23:00,2h 12m,non-stop,Business,59.0,26912.03,1650
2687,IndiGo,Mumbai,Chennai,09/03/2025,20:00,6h 38m,Non Stop,Biz,9.0,24086.48,1030
2688,Vistara,Chenai,Mumbai,07-Sep-2025,8:45,1h 49m,2 stops,Economy,40.0,9521.58,1030
2689,IndiGo,Kolkata,cochin,2025-08-02,21:00,1h 16m,Non Stop,Eco,18.0,13637.45,1900
2690,GoAir,Banglore,Bangalore,02/20/2025,6:00,4h 11m,Non Stop,Business,26.0,17193.36,1030
2691,Vistara,Banglore,Mumbai,09-Sep-2025,18:00,2h 54m,1 stop,Economy,14.0,7004.61,840
2692,Spice Jet,Delhi,Kolkata,03/07/2025,11:15,2h 19m,non-stop,Business,5.0,27349.93,1300
2693,Spice Jet,Kolkata,HYDERABAD,2025-03-19,2:45,2h 30m,1 stop,Eco,38.0,7850.87,1190
2694,Go Air,Mumbai,Kolkata,2025-03-04,21:45,2h 36m,non-stop,Economy,25.0,11496.55,1650
2695,Vistara,Delhi,Mumbai,12/11/2025,6:15,3h 34m,1 stop,Economy,51.0,9201.97,1150
2696,GoAir,Kolkata,Delhi,2025-01-14,15:45,3h 1m,1 Stop,economy,8.0,8913.43,1300
2697,Vistara,MUMBAI,HYDERABAD,02/05/2025,13:15,3h 43m,1 Stop,BUSINESS,43.0,14363.56,620
2698,Air India,MUMBAI,Delhi,20-Sep-2025,12:00,2h 26m,Non Stop,Biz,60.0,21623.14,1150
2699,indigo,Banglore,Mumbai,2025-05-28,5:15,2h 50m,1 stop,Business,44.0,16900.13,840
2700,Go Air,delhi,Chennai,05/03/2025,1:30,2h 55m,Non Stop,,27.0,31819.91,1760
2701,Air India,Banglore,cochin,20/03/2025,23:30,1h 52m,2+ stops,BUSINESS,3.0,10429.71,360
2702,AirAsia,MUMBAI,Cochin,07/11/2025,16:30,2h 35m,1 Stop,Biz,38.0,18060.48,860
2703,Spice Jet,delhi,Hyderabad,01/04/2025,22:45,2h 8m,2+ stops,Biz,19.0,25529.91,1260
2704,SpiceJet,Delhi,Kolkata,31-Jan-2025,4:00,3h 22m,Non Stop,Business,51.0,20705.74,1300
2705,Vistara,Chennai,cochin,2025-03-01,3:45,0h 48m,2 stops,Eco,7.0,4522.7,500
2706,Air India,Hyderabad,Kolkata,15/06/2025,12:00,6h 1m,2 stops,Eco,56.0,8471.87,1190
2707,,Delhi,Kolkata,2025-10-22,15:30,1h 46m,1 Stop,Eco,11.0,9808.82,1300
2708,AirAsia,Mumbai,HYDERABAD,2025-12-05,9:15,3h 15m,1 stop,BUSINESS,24.0,12743.57,620
2709,AirAsia,delhi,Mumbai,13/10/2025,0:15,2h 57m,1 Stop,BUSINESS,55.0,22119.18,1150
2710,AIR INDIA,Banglore,Chennai,2025-07-18,6:30,1h 11m,2+ stops,Business,56.0,6938.3,290
2711,SpiceJet,Kolkata,Mumbai,02-Oct-2025,11:30,4h 17m,1 Stop,Biz,2.0,34865.21,1650
2712,indigo,Mumbai,cochin,2025-02-09,11:30,4h 21m,2 stops,BUSINESS,4.0,17954.57,860
2713,IndiGo,Chennai,Kolkata,02/19/2025,6:00,1h 37m,Non Stop,Biz,47.0,25894.34,1360
2714,IndiGo,Hyderabad,Mumbai,02-Apr-2025,9:00,2h 38m,1 stop,Eco,16.0,4932.04,620
2715,AirAsia,delhi,Hyderabad,2025-01-28,10:45,2h 17m,2 stops,Business,12.0,26926.11,1260
2716,SpiceJet,Kolkata,Delhi,14/03/2025,18:30,2h 56m,2+ stops,BUSINESS,48.0,25542.85,1300
2717,IndiGo,Chennai,Delhi,21/03/2025,20:00,1h 54m,1 Stop,Business,49.0,33738.3,1760
2718,Go Air,Delhi,Mumbai,21/09/2025,21:00,2h 49m,1 stop,Business,53.0,19198.56,1150
2719,indigo,Delhi,Mumbai,2025-03-14,19:30,2h 27m,Non Stop,Eco,44.0,6663.16,1150
2720,SpiceJet,Bangalore,Cochin,2025-06-10,19:45,7h 37m,2 stops,BUSINESS,1.0,8267.66,360
2721,AirAsia,Chennai,Delhi,04/12/2025,7:45,2h 45m,1 Stop,economy,3.0,11006.14,1760
2722,indigo,Kolkata,Cochin,07/11/2025,5:45,2h 47m,2+ stops,Business,28.0,43937.51,1900
2723,Air India,Banglore,Chennai,30-Nov-2025,2:45,1h 43m,1 Stop,BUSINESS,43.0,6413.95,290
2724,Air India,delhi,HYDERABAD,10-Feb-2025,20:30,1h 20m,Non Stop,Economy,26.0,9087.83,1260
2725,Vistara,Chenai,Bangalore,2025-08-11,18:30,3h 6m,2 stops,Eco,48.0,2590.55,290
2726,indigo,Chennai,Mumbai,28-Jun-2025,0:15,1h 54m,2+ stops,Business,16.0,19558.76,1030
2727,IndiGo,Bangalore,Chennai,13/06/2025,7:00,3h 57m,1 Stop,Biz,49.0,6830.79,290
2728,SpiceJet,Banglore,Delhi,16-Sep-2025,20:15,1h 55m,2 stops,economy,25.0,11648.03,1740
2729,AIR INDIA,Bangalore,Delhi,15/07/2025,22:00,3h 22m,,economy,50.0,12397.99,1740
2730,AIR INDIA,Banglore,Hyderabad,2025-02-28,15:00,3h 32m,,BUSINESS,51.0,10060.9,500
2731,indigo,Chennai,HYDERABAD,27-May-2025,18:30,1h 34m,non-stop,Economy,49.0,3816.78,515
2732,Go Air,Mumbai,Cochin,2025-10-06,18:45,2h 23m,2 stops,economy,43.0,6036.97,860
2733,GoAir,delhi,Kolkata,01-Jul-2025,14:30,2h 37m,1 stop,Economy,5.0,8877.1,1300
2734,AirAsia,Mumbai,Bangalore,28/07/2025,13:30,2h 37m,,economy,31.0,5528.27,840
2735,indigo,Hyderabad,cochin,2025-07-20,15:45,2h 57m,1 Stop,economy,39.0,5728.55,700
2736,Air India,MUMBAI,Chennai,24-Oct-2025,4:00,0h 43m,2+ stops,BUSINESS,59.0,23031.23,1030
2737,Go Air,Bangalore,Cochin,2025-07-01,12:30,2h 53m,non-stop,Biz,19.0,7221.04,360
2738,IndiGo,MUMBAI,Hyderabad,2025-11-28,8:30,2h 48m,non-stop,Business,58.0,11088.65,620
2739,AIR INDIA,Banglore,HYDERABAD,2025-03-18,11:30,4h 22m,1 stop,Eco,5.0,4086.81,500
2740,Go Air,Bangalore,cochin,29-Aug-2025,3:15,1h 22m,non-stop,,42.0,2489.64,360
2741,SpiceJet,Delhi,HYDERABAD,17-Sep-2025,20:30,1h 35m,Non Stop,economy,58.0,7790.32,1260
2742,Air India,Kolkata,Mumbai,05/12/2025,9:30,5h 26m,1 Stop,economy,17.0,14259.52,1650
2743,Go Air,Hyderabad,Mumbai,23/10/2025,15:45,,2+ stops,Economy,20.0,4193.61,620
2744,GoAir,Banglore,Delhi,05/06/2025,22:45,1h 32m,Non Stop,Eco,37.0,10062.2,1740
2745,Spice Jet,Kolkata,Delhi,2025-02-18,23:30,2h 32m,1 Stop,Business,33.0,24721.02,1300
2746,Go Air,Bangalore,cochin,23-Nov-2025,14:30,2h 36m,2 stops,BUSINESS,,7665.86,360
2747,Air India,Delhi,Bangalore,2025-01-19,4:30,,,Business,54.0,36324.89,1740
2748,AIR INDIA,Chenai,Bangalore,2025-02-06,20:30,4h 40m,,economy,32.0,2801.61,290
2749,AIR INDIA,Bangalore,Hyderabad,27/09/2025,18:15,3h 13m,non-stop,Eco,51.0,3985.74,500
2750,,Chennai,cochin,27/06/2025,8:30,2h 2m,Non Stop,Biz,19.0,9990.98,500
2751,Go Air,delhi,cochin,30/04/2025,6:00,1h 36m,,Eco,25.0,14730.36,2100
2752,AirAsia,Banglore,Cochin,11-May-2025,18:30,3h 15m,2 stops,Economy,8.0,3093.94,360
2753,Air India,delhi,HYDERABAD,2025-12-22,15:00,4h 40m,Non Stop,Economy,6.0,9985.62,1260
2754,Spice Jet,delhi,Bangalore,08/19/2025,20:30,3h 21m,2+ stops,Biz,38.0,40087.82,1740
2755,Vistara,Delhi,Kolkata,09/07/2025,1:30,2h 28m,1 Stop,BUSINESS,28.0,33361.41,1300
2756,Air India,Banglore,Kolkata,17/06/2025,19:15,3h 22m,non-stop,Biz,33.0,35226.58,1560
2757,AIR INDIA,Kolkata,Chennai,2025-03-05,17:45,1h 57m,1 stop,Biz,12.0,26249.88,1360
2758,Go Air,Chennai,Delhi,2025-12-31,22:15,8h 34m,1 stop,Biz,33.0,37578.54,1760
2759,IndiGo,Kolkata,Mumbai,27-May-2025,4:00,1h 39m,2 stops,economy,51.0,12052.95,1650
2760,indigo,Chenai,Hyderabad,26/02/2025,0:30,2h 9m,non-stop,Business,44.0,11407.71,515
2761,Air India,Mumbai,Delhi,2025-05-13,23:30,4h 53m,non-stop,economy,11.0,9948.01,1150
2762,Spice Jet,Delhi,Cochin,10/05/2025,13:45,1h 46m,2+ stops,Biz,34.0,48571.28,2100
2763,GoAir,delhi,Mumbai,04/10/2025,10:30,0h 34m,non-stop,BUSINESS,29.0,22492.24,1150
2764,Air India,Mumbai,Hyderabad,2025-12-18,16:15,2h 40m,,Economy,45.0,5297.4,620
2765,SpiceJet,delhi,Delhi,28/10/2025,7:30,1h 36m,1 stop,Business,55.0,,1030
2766,AirAsia,Bangalore,Chennai,2025-06-15,21:00,4h 55m,1 stop,Biz,17.0,6340.05,290
2767,AIR INDIA,Banglore,Kolkata,25-Jul-2025,0:00,1h 55m,2+ stops,BUSINESS,29.0,34476.51,1560
2768,IndiGo,Hyderabad,Chennai,09-Dec-2025,17:45,5h 45m,,economy,20.0,4326.23,515
2769,AirAsia,Hyderabad,Mumbai,28/04/2025,15:00,1h 1m,,Biz,14.0,12597.43,620
2770,Air India,Kolkata,Hyderabad,13-Dec-2025,1:45,0h 58m,1 Stop,Eco,22.0,9379.29,1190
2771,SpiceJet,delhi,cochin,10/15/2025,10:45,,non-stop,Business,29.0,36986.86,2100
2772,Go Air,MUMBAI,Chennai,11-Jun-2025,11:45,2h 11m,,BUSINESS,41.0,17605.3,1030
2773,AIR INDIA,Kolkata,Mumbai,2025-01-02,6:00,1h 3m,,Business,40.0,34302.18,1650
2774,IndiGo,Kolkata,Delhi,2025-01-09,0:15,2h 30m,Non Stop,Business,42.0,26381.57,1300
2775,IndiGo,MUMBAI,Hyderabad,10/18/2025,8:00,,2 stops,Eco,31.0,5317.89,620
2776,Air India,Mumbai,HYDERABAD,09/04/2025,19:15,0h 45m,,economy,51.0,4908.62,620
2777,Spice Jet,Chennai,Hyderabad,13-Apr-2025,10:30,1h 42m,Non Stop,Business,17.0,11026.91,515
2778,indigo,Bangalore,Kolkata,24/11/2025,19:45,1h 55m,2 stops,economy,41.0,11175.48,1560
2779,GoAir,Hyderabad,Delhi,09/29/2025,6:45,4h 49m,2+ stops,economy,,8422.08,1260
2780,Spice Jet,Chennai,Kolkata,02/08/2025,21:45,0h 39m,1 stop,BUSINESS,9.0,27578.4,1360
2781,GoAir,Hyderabad,Bangalore,2025-10-23,22:00,1h 2m,,BUSINESS,41.0,9462.48,500
2782,indigo,Chenai,Bangalore,04/06/2025,8:30,4h 11m,non-stop,Biz,6.0,6515.36,290
2783,indigo,delhi,cochin,01/21/2025,7:45,,1 stop,Eco,6.0,16079.9,2100
2784,AirAsia,delhi,cochin,20-Feb-2025,1:15,2h 40m,non-stop,,24.0,39219.6,2100
2785,Air India,Chennai,Bangalore,27-Mar-2025,2:45,1h 3m,non-stop,BUSINESS,43.0,6615.21,290
2786,Spice Jet,Chennai,Bangalore,2025-03-13,3:30,1h 16m,,Business,26.0,5996.47,290
2787,AirAsia,Chenai,Cochin,09/06/2025,0:15,0h 43m,2+ stops,Biz,7.0,9737.55,500
2788,indigo,Kolkata,Chennai,2025-11-18,10:15,1h 53m,2 stops,Biz,54.0,26806.66,1360
2789,Spice Jet,Banglore,Hyderabad,08/08/2025,2:15,7h 37m,2 stops,Business,9.0,11735.08,500
2790,Vistara,Kolkata,Mumbai,04/05/2025,20:15,2h 4m,1 stop,BUSINESS,32.0,40938.59,1650
2791,IndiGo,Chenai,Chennai,2025-07-20,13:00,2h 10m,1 stop,economy,33.0,7195.91,1030
2792,AirAsia,Bangalore,Mumbai,2025-05-31,22:00,1h 30m,2+ stops,BUSINESS,39.0,17344.08,840
2793,SpiceJet,Hyderabad,HYDERABAD,2025-02-19,21:45,3h 38m,Non Stop,Business,26.0,20358.31,1030
2794,AirAsia,Banglore,Bangalore,27-Aug-2025,18:00,4h 23m,Non Stop,BUSINESS,40.0,18403.51,1030
2795,Go Air,Delhi,HYDERABAD,2025-01-29,15:00,0h 55m,non-stop,Business,9.0,26053.22,1260
2796,IndiGo,Mumbai,cochin,20-Oct-2025,17:00,2h 31m,2 stops,Eco,18.0,6562.14,860
2797,Go Air,Kolkata,Delhi,2025-07-10,12:15,4h 1m,non-stop,Biz,43.0,22695.61,1300
2798,AIR INDIA,Chennai,cochin,2025-11-29,3:45,3h 2m,non-stop,economy,24.0,4133.47,500
2799,AirAsia,Banglore,Mumbai,07-Nov-2025,17:45,3h 17m,1 stop,Economy,51.0,5228.27,840
2800,SpiceJet,Chenai,Hyderabad,2025-07-15,7:00,2h 7m,1 Stop,Business,53.0,10160.59,515
2801,AirAsia,Chennai,Cochin,07/11/2025,8:30,4h 27m,1 Stop,Economy,32.0,3572.79,500
2802,Air India,Bangalore,Hyderabad,08/18/2025,3:00,5h 18m,non-stop,Eco,23.0,4409.21,500
2803,AIR INDIA,Kolkata,HYDERABAD,27-Nov-2025,5:15,1h 44m,non-stop,BUSINESS,38.0,24939.12,1190
2804,Spice Jet,Chenai,Mumbai,13/06/2025,13:00,3h 5m,,Biz,15.0,21717.84,1030
2805,Spice Jet,Hyderabad,Cochin,2025-03-05,18:00,2h 38m,1 Stop,Economy,6.0,5207.79,700
2806,AirAsia,Banglore,Hyderabad,22-Feb-2025,13:15,7h 7m,2 stops,Economy,53.0,3839.07,500
2807,SpiceJet,Bangalore,Mumbai,09/10/2025,23:30,1h 13m,1 stop,Eco,15.0,6096.85,840
2808,IndiGo,Kolkata,Hyderabad,27/05/2025,0:15,1h 51m,2 stops,,23.0,9196.64,1190
2809,indigo,delhi,Bangalore,15/05/2025,13:15,1h 30m,1 Stop,Eco,49.0,11675.38,1740
2810,IndiGo,Chenai,HYDERABAD,07/01/2025,17:15,1h 12m,2+ stops,economy,4.0,4936.03,515
2811,indigo,delhi,HYDERABAD,25/01/2025,0:15,2h 37m,Non Stop,Economy,,8229.3,1260
2812,Air India,Mumbai,HYDERABAD,24/10/2025,5:15,1h 16m,,Biz,32.0,13986.58,620
2813,AIR INDIA,Hyderabad,HYDERABAD,2025-08-10,8:30,1h 19m,2 stops,Eco,18.0,7773.3,1030
2814,Air India,Kolkata,Hyderabad,27-Aug-2025,12:00,1h 53m,Non Stop,BUSINESS,7.0,27863.3,1190
2815,Vistara,Chennai,cochin,18-Mar-2025,7:30,1h 0m,1 Stop,,,3910.29,500
2816,Go Air,Chenai,Chennai,2025-03-01,3:45,0h 57m,2+ stops,Biz,49.0,20231.13,1030
2817,SpiceJet,Chenai,Cochin,25-Apr-2025,19:30,3h 54m,2 stops,Biz,46.0,10104.69,500
2818,GoAir,Chenai,Kolkata,08/15/2025,19:15,1h 17m,Non Stop,Biz,45.0,24587.4,1360
2819,,Chennai,cochin,2025-01-06,21:15,4h 45m,non-stop,Business,18.0,10475.63,500
2820,GoAir,Banglore,Delhi,2025-06-24,12:15,2h 42m,2+ stops,economy,51.0,11411.29,1740
2821,AIR INDIA,Kolkata,HYDERABAD,2025-10-18,20:00,2h 6m,non-stop,Economy,28.0,9681.93,1190
2822,AIR INDIA,Banglore,Chennai,16-Feb-2025,21:00,1h 47m,Non Stop,BUSINESS,59.0,6192.47,290
2823,indigo,MUMBAI,Kolkata,10-May-2025,13:15,2h 8m,2 stops,Business,47.0,32953.1,1650
2824,GoAir,Kolkata,Hyderabad,14/12/2025,21:15,2h 28m,,Business,33.0,22652.58,1190
2825,GoAir,Bangalore,Mumbai,30-Sep-2025,22:45,1h 0m,1 stop,Eco,50.0,5942.51,840
2826,indigo,Kolkata,cochin,02/20/2025,17:00,3h 46m,non-stop,BUSINESS,55.0,34827.06,1900
2827,IndiGo,Delhi,Kolkata,2025-10-21,22:15,1h 47m,non-stop,,53.0,8050.5,1300
2828,Vistara,delhi,cochin,17/12/2025,5:45,4h 2m,,BUSINESS,33.0,46469.41,2100
2829,IndiGo,Delhi,Mumbai,2025-10-14,3:00,1h 31m,1 stop,Eco,55.0,7474.02,1150
2830,indigo,Hyderabad,Delhi,01/16/2025,8:00,2h 40m,Non Stop,BUSINESS,3.0,26106.13,1260
2831,SpiceJet,Delhi,Chennai,07-Nov-2025,10:45,1h 10m,2 stops,BUSINESS,24.0,33906.26,1760
2832,GoAir,Kolkata,Mumbai,06/24/2025,21:15,4h 42m,non-stop,BUSINESS,47.0,27411.99,1650
2833,Air India,Bangalore,Kolkata,17/09/2025,11:45,2h 5m,,Eco,47.0,10867.6,1560
2834,IndiGo,Delhi,Cochin,27-Feb-2025,21:30,2h 57m,2+ stops,Eco,31.0,16655.08,2100
2835,Air India,Delhi,Kolkata,02/20/2025,12:15,2h 26m,,Eco,59.0,9108.76,1300
2836,AirAsia,Banglore,Mumbai,2025-10-23,17:30,2h 42m,2+ stops,Biz,45.0,16449.57,840
2837,SpiceJet,Chenai,Mumbai,09/12/2025,9:00,2h 27m,2+ stops,BUSINESS,18.0,24756.59,1030
2838,AirAsia,Delhi,cochin,16/04/2025,22:00,4h 10m,Non Stop,Business,56.0,37802.22,2100
2839,Spice Jet,Bangalore,Mumbai,07-Dec-2025,4:00,2h 16m,Non Stop,Business,35.0,15649.33,840
2840,GoAir,Delhi,Kolkata,05/04/2025,20:00,2h 15m,1 stop,BUSINESS,53.0,22797.96,1300
2841,Vistara,Mumbai,Bangalore,03/29/2025,11:45,0h 52m,non-stop,economy,13.0,6439.93,840
2842,Vistara,Bangalore,Chennai,25/08/2025,20:30,6h 15m,2+ stops,,52.0,7948.11,290
2843,GoAir,Bangalore,Chennai,12/11/2025,9:30,2h 0m,Non Stop,Eco,16.0,2257.23,290
2844,GoAir,Delhi,Hyderabad,10/08/2025,11:15,2h 58m,2 stops,Business,9.0,26421.54,1260
2845,GoAir,Chenai,HYDERABAD,04-Feb-2025,8:00,1h 6m,1 Stop,Business,,9694.77,515
2846,indigo,delhi,Delhi,2025-05-13,17:00,1h 45m,1 Stop,BUSINESS,52.0,19334.2,1030
2847,,Mumbai,cochin,31/01/2025,6:30,1h 19m,1 Stop,Economy,35.0,6307.46,860
2848,GoAir,Chennai,Bangalore,12/11/2025,11:00,3h 11m,,Business,21.0,5735.16,290
2849,GoAir,Banglore,Delhi,2025-09-21,20:15,2h 5m,,Eco,7.0,12949.8,1740
2850,Vistara,delhi,Hyderabad,02/06/2025,2:45,1h 34m,1 stop,Eco,,9736.87,1260
2851,SpiceJet,Chennai,cochin,11/14/2025,10:30,1h 34m,2+ stops,Economy,23.0,3972.32,500
2852,SpiceJet,Hyderabad,HYDERABAD,2025-07-19,3:00,3h 1m,,Business,2.0,20376.06,1030
2853,Spice Jet,delhi,Chennai,2025-07-14,18:15,0h 57m,2+ stops,Biz,50.0,35516.36,1760
2854,Air India,Kolkata,Bangalore,16/05/2025,5:15,3h 0m,1 stop,Economy,36.0,11634.0,1560
2855,Spice Jet,Banglore,Delhi,05/07/2025,21:30,0h 48m,Non Stop,Business,47.0,31165.98,1740
2856,Vistara,Delhi,Mumbai,01/12/2025,0:45,1h 52m,1 Stop,BUSINESS,48.0,27796.29,1150
2857,AIR INDIA,MUMBAI,Cochin,04-Apr-2025,20:30,3h 21m,2+ stops,economy,36.0,7433.96,860
2858,AirAsia,MUMBAI,cochin,24-Jul-2025,9:15,2h 43m,1 Stop,Eco,23.0,5627.89,860
2859,indigo,Kolkata,Mumbai,2025-09-01,5:30,5h 5m,1 stop,Economy,32.0,11435.7,1650
2860,Vistara,Banglore,Delhi,2025-09-20,20:15,4h 34m,2+ stops,Economy,24.0,15938.64,1740
2861,indigo,Hyderabad,Chennai,2025-06-11,7:45,2h 34m,Non Stop,BUSINESS,12.0,11975.04,515
2862,Vistara,MUMBAI,Bangalore,23/08/2025,4:30,2h 24m,non-stop,economy,26.0,6823.57,840
2863,IndiGo,delhi,cochin,21-May-2025,13:45,3h 27m,,economy,59.0,14360.36,2100
2864,Go Air,Mumbai,Bangalore,04/16/2025,11:15,5h 41m,1 stop,economy,17.0,6546.01,840
2865,IndiGo,MUMBAI,Mumbai,10/13/2025,16:00,1h 45m,Non Stop,BUSINESS,9.0,23664.41,1030
2866,Spice Jet,Chennai,HYDERABAD,10/04/2025,20:15,3h 1m,2+ stops,Business,26.0,10207.68,515
2867,Go Air,Bangalore,Chennai,2025-07-31,21:30,1h 41m,1 Stop,BUSINESS,42.0,6003.07,290
2868,Spice Jet,Chennai,Bangalore,16/10/2025,6:30,5h 45m,1 Stop,Business,30.0,6819.64,290
2869,Vistara,Mumbai,Kolkata,07/02/2025,11:00,2h 49m,1 Stop,Economy,51.0,11428.64,1650
2870,indigo,MUMBAI,Mumbai,2025-09-25,9:00,5h 41m,,Biz,47.0,19803.48,1030
2871,Vistara,Kolkata,cochin,24/12/2025,0:30,3h 32m,1 stop,Business,42.0,40596.85,1900
2872,GoAir,Kolkata,Bangalore,2025-04-21,11:15,1h 33m,,economy,34.0,9772.19,1560
2873,indigo,Delhi,Chennai,03-Apr-2025,14:15,1h 23m,2 stops,economy,44.0,12100.74,1760
2874,AIR INDIA,MUMBAI,Bangalore,2025-02-21,21:15,4h 53m,non-stop,economy,21.0,6891.94,840
2875,Air India,Kolkata,Cochin,28-Apr-2025,12:00,5h 33m,2 stops,Eco,12.0,16963.14,1900
2876,IndiGo,MUMBAI,Chennai,04/04/2025,6:30,2h 31m,,economy,17.0,8296.68,1030
2877,GoAir,Mumbai,Bangalore,05-Oct-2025,10:45,1h 40m,non-stop,economy,40.0,5120.88,840
2878,SpiceJet,Delhi,Cochin,05/06/2025,19:00,2h 39m,Non Stop,Biz,27.0,37950.96,2100
2879,IndiGo,Banglore,Bangalore,2025-02-09,10:30,2h 42m,non-stop,BUSINESS,10.0,23561.56,1030
2880,IndiGo,Mumbai,Bangalore,12/12/2025,21:30,8h 39m,1 Stop,Business,3.0,20313.06,840
2881,Air India,Bangalore,HYDERABAD,08/03/2025,23:00,1h 30m,Non Stop,Business,58.0,10237.47,500
2882,indigo,MUMBAI,cochin,01/10/2025,9:30,2h 13m,Non Stop,BUSINESS,19.0,18364.18,860
2883,IndiGo,Hyderabad,Delhi,2025-12-21,3:30,2h 29m,Non Stop,Business,38.0,24629.76,1260
2884,Vistara,Chenai,Kolkata,08/04/2025,12:45,1h 24m,1 stop,BUSINESS,56.0,30319.91,1360
2885,Vistara,Chennai,HYDERABAD,01-Apr-2025,12:30,4h 16m,Non Stop,Economy,11.0,4533.74,515
2886,Air India,Bangalore,HYDERABAD,2025-11-30,10:30,1h 58m,2+ stops,Biz,36.0,12475.03,500
2887,IndiGo,Chenai,Hyderabad,02/10/2025,0:00,,2+ stops,economy,38.0,3790.87,515
2888,Vistara,MUMBAI,cochin,07/28/2025,15:15,1h 28m,1 stop,economy,54.0,6283.03,860
2889,,MUMBAI,Mumbai,09/28/2025,23:45,1h 55m,non-stop,Business,47.0,18908.46,1030
2890,Spice Jet,Chennai,Cochin,08-Mar-2025,15:45,4h 54m,non-stop,BUSINESS,14.0,10209.78,500
2891,Spice Jet,Kolkata,Mumbai,07/09/2025,12:00,2h 36m,1 Stop,BUSINESS,1.0,33253.56,1650
2892,IndiGo,Bangalore,HYDERABAD,2025-05-29,23:30,3h 25m,1 Stop,Biz,39.0,10239.87,500
2893,Spice Jet,MUMBAI,cochin,2025-03-25,2:45,2h 32m,2 stops,Economy,20.0,5896.52,860
2894,GoAir,Hyderabad,HYDERABAD,24-Jul-2025,0:00,2h 39m,2+ stops,Eco,12.0,8237.2,1030
2895,Air India,delhi,HYDERABAD,10/01/2025,12:00,7h 47m,non-stop,Biz,11.0,28925.16,1260
2896,SpiceJet,Banglore,Delhi,09/23/2025,12:45,9h 15m,,BUSINESS,10.0,33091.34,1740
2897,Air India,Chennai,Mumbai,2025-02-01,9:30,2h 57m,1 stop,economy,49.0,7356.02,1030
2898,indigo,Hyderabad,Cochin,2025-10-09,12:30,4h 24m,1 Stop,,44.0,5375.59,700
2899,Spice Jet,Chenai,HYDERABAD,20/06/2025,1:00,4h 15m,1 stop,Eco,,3869.37,515
2900,,Chennai,HYDERABAD,09-Oct-2025,0:00,1h 30m,,economy,22.0,3838.16,515
2901,SpiceJet,Banglore,Delhi,2025-10-11,18:00,1h 43m,1 stop,BUSINESS,55.0,31844.16,1740
2902,Go Air,delhi,Chennai,06-Jun-2025,22:15,6h 20m,,Biz,57.0,32566.63,1760
2903,Go Air,MUMBAI,cochin,06/12/2025,8:00,2h 50m,2+ stops,Biz,54.0,15683.45,860
2904,indigo,Banglore,cochin,2025-10-18,15:00,1h 30m,1 Stop,economy,23.0,3012.51,360
2905,indigo,Bangalore,Hyderabad,03/11/2025,7:45,3h 5m,Non Stop,economy,35.0,3594.69,500
2906,Spice Jet,Delhi,HYDERABAD,08/02/2025,22:15,1h 14m,1 Stop,Economy,53.0,8038.64,1260
2907,Vistara,Chennai,cochin,21-Sep-2025,14:30,1h 23m,,Business,10.0,12485.05,500
2908,GoAir,delhi,Delhi,2025-05-23,22:30,3h 4m,non-stop,Economy,2.0,7066.19,1030
2909,IndiGo,Delhi,Bangalore,13/04/2025,19:15,2h 46m,1 stop,BUSINESS,9.0,35909.62,1740
2910,Go Air,Bangalore,Hyderabad,23/11/2025,13:00,2h 54m,1 Stop,Business,50.0,9379.96,500
2911,GoAir,Banglore,Hyderabad,10/08/2025,22:00,3h 53m,non-stop,BUSINESS,22.0,10917.23,500
2912,AIR INDIA,Bangalore,HYDERABAD,15-Jan-2025,14:00,2h 5m,1 stop,,8.0,4017.55,500
2913,Spice Jet,Chenai,Bangalore,09-Dec-2025,16:00,4h 45m,Non Stop,Biz,43.0,6513.3,290
2914,Vistara,Chennai,cochin,07/30/2025,1:00,1h 53m,2+ stops,Business,25.0,12881.18,500
2915,Go Air,Hyderabad,HYDERABAD,25-May-2025,16:15,1h 14m,1 stop,Business,32.0,19958.39,1030
2916,Air India,Chenai,Cochin,2025-10-30,22:45,0h 57m,Non Stop,Economy,47.0,3482.46,500
2917,IndiGo,Banglore,Bangalore,15-Mar-2025,13:00,3h 11m,1 Stop,,23.0,7377.01,1030
2918,GoAir,delhi,Kolkata,03-Jul-2025,19:45,1h 6m,Non Stop,Business,34.0,23112.82,1300
2919,AIR INDIA,Bangalore,Kolkata,02/01/2025,1:15,1h 3m,non-stop,BUSINESS,35.0,30900.36,1560
2920,IndiGo,Hyderabad,Chennai,11-Nov-2025,10:00,2h 42m,,Eco,,3985.57,515
2921,Spice Jet,Hyderabad,Chennai,2025-09-15,13:30,4h 3m,2+ stops,Biz,17.0,11631.62,515
2922,SpiceJet,Hyderabad,HYDERABAD,29/06/2025,11:00,1h 19m,2 stops,Biz,,23685.3,1030
2923,indigo,Banglore,Mumbai,10/01/2025,17:00,5h 2m,1 stop,economy,10.0,6308.77,840
2924,IndiGo,Chennai,Bangalore,25-Jul-2025,9:30,1h 33m,non-stop,Economy,38.0,2281.81,290
2925,GoAir,Chennai,Cochin,13/03/2025,20:45,1h 36m,Non Stop,BUSINESS,26.0,9784.61,500
2926,Go Air,Delhi,cochin,2025-12-08,12:45,2h 0m,,Biz,20.0,38926.37,2100
2927,GoAir,Chennai,Kolkata,19-Apr-2025,12:45,2h 13m,2 stops,Biz,48.0,27260.67,1360
2928,indigo,Chennai,Kolkata,2025-10-28,20:45,1h 7m,2 stops,Eco,54.0,9203.16,1360
2929,AIR INDIA,Kolkata,Bangalore,27/12/2025,4:00,1h 24m,1 stop,Economy,29.0,10159.23,1560
2930,GoAir,Kolkata,cochin,08-May-2025,18:45,6h 16m,non-stop,BUSINESS,1.0,39788.43,1900
2931,AIR INDIA,Bangalore,Delhi,08/29/2025,19:30,1h 59m,1 Stop,,4.0,13261.48,1740
2932,AirAsia,Banglore,Hyderabad,02-Aug-2025,18:15,3h 22m,Non Stop,Business,52.0,8313.22,500
2933,Spice Jet,Bangalore,cochin,04-Jul-2025,17:00,,non-stop,BUSINESS,,7404.54,360
2934,IndiGo,Chennai,HYDERABAD,11/09/2025,8:30,3h 10m,1 stop,Business,59.0,10060.69,515
2935,GoAir,Kolkata,Cochin,17-Sep-2025,7:45,14h 19m,,BUSINESS,27.0,40187.22,1900
2936,indigo,Chennai,Cochin,02/08/2025,11:15,3h 32m,non-stop,Eco,10.0,4334.95,500
2937,GoAir,MUMBAI,Kolkata,2025-04-02,2:00,1h 23m,2+ stops,Economy,13.0,11844.6,1650
2938,AirAsia,Chenai,Delhi,01/09/2025,0:15,1h 50m,2+ stops,BUSINESS,16.0,38835.72,1760
2939,AIR INDIA,Hyderabad,Chennai,2025-10-29,6:30,2h 7m,non-stop,Biz,38.0,10631.58,515
2940,GoAir,Bangalore,Hyderabad,2025-10-24,18:00,1h 18m,,Economy,39.0,3957.31,500
2941,Air India,Hyderabad,Cochin,26/08/2025,6:00,0h 43m,Non Stop,Economy,29.0,5075.66,700
2942,SpiceJet,Chennai,HYDERABAD,02/19/2025,1:15,3h 22m,1 stop,Economy,23.0,4229.91,515
2943,GoAir,Chennai,Bangalore,01/09/2025,10:00,3h 23m,2+ stops,Economy,21.0,2762.67,290
2944,Air India,MUMBAI,Hyderabad,20-Apr-2025,0:45,4h 7m,,economy,51.0,,620
2945,AIR INDIA,Banglore,Hyderabad,11-Oct-2025,7:15,3h 45m,1 Stop,Biz,13.0,11709.73,500
2946,IndiGo,Bangalore,Chennai,19-Aug-2025,7:30,2h 46m,Non Stop,economy,20.0,2448.85,290
2947,AirAsia,Chenai,Bangalore,03-Feb-2025,18:15,7h 58m,2+ stops,Eco,18.0,2605.27,290
2948,AIR INDIA,Chenai,Mumbai,20/12/2025,5:15,5h 25m,1 stop,Business,8.0,25285.38,1030
2949,GoAir,delhi,Bangalore,2025-07-18,4:00,1h 17m,non-stop,economy,57.0,10399.24,1740
2950,Spice Jet,Chennai,Cochin,13/11/2025,6:30,7h 53m,non-stop,BUSINESS,41.0,10100.61,500
2951,Go Air,Chennai,HYDERABAD,06/11/2025,16:30,1h 3m,,Biz,52.0,7881.84,515
2952,AirAsia,Kolkata,Hyderabad,24-Jan-2025,20:15,7h 7m,1 stop,BUSINESS,29.0,21191.55,1190
2953,Vistara,Kolkata,cochin,05/07/2025,8:45,3h 31m,2 stops,Eco,46.0,14414.24,1900
2954,Spice Jet,Hyderabad,Chennai,20/12/2025,14:15,1h 31m,2 stops,economy,38.0,3887.74,515
2955,Vistara,Hyderabad,cochin,2025-03-02,11:45,5h 51m,Non Stop,Economy,12.0,,700
2956,indigo,delhi,cochin,11/19/2025,13:30,1h 42m,non-stop,Biz,25.0,41764.54,2100
2957,AirAsia,delhi,Mumbai,2025-12-01,14:00,2h 7m,1 Stop,Business,,22511.0,1150
2958,Air India,MUMBAI,Kolkata,2025-12-15,14:00,1h 59m,1 Stop,Business,,34710.64,1650
2959,Vistara,Hyderabad,HYDERABAD,2025-03-24,16:45,3h 14m,,BUSINESS,24.0,25508.2,1030
2960,AIR INDIA,MUMBAI,Delhi,05/30/2025,19:30,2h 22m,non-stop,Business,38.0,25010.68,1150
2961,indigo,Chenai,Cochin,01/27/2025,17:15,2h 31m,1 Stop,Economy,52.0,3794.29,500
2962,GoAir,Chennai,cochin,2025-08-13,5:30,1h 7m,2+ stops,Economy,,3783.86,500
2963,SpiceJet,Mumbai,Kolkata,12/16/2025,1:45,,,Economy,36.0,12406.66,1650
2964,Air India,Delhi,Cochin,2025-06-26,4:30,1h 46m,,Business,9.0,51089.09,2100
2965,GoAir,Bangalore,Mumbai,07/31/2025,6:00,3h 8m,2+ stops,Business,20.0,17359.78,840
2966,SpiceJet,delhi,Kolkata,2025-09-01,4:15,1h 45m,non-stop,BUSINESS,17.0,25909.0,1300
2967,Air India,Hyderabad,Kolkata,2025-01-28,4:30,3h 56m,,Biz,35.0,27816.86,1190
2968,GoAir,Mumbai,Bangalore,16-Mar-2025,5:45,2h 49m,2 stops,Business,59.0,15339.07,840
2969,AirAsia,Kolkata,cochin,10/04/2025,17:15,2h 58m,1 stop,Economy,13.0,13608.82,1900
2970,indigo,delhi,Delhi,2025-02-04,13:15,1h 6m,2 stops,Biz,3.0,24587.74,1030
2971,IndiGo,Mumbai,Hyderabad,2025-11-24,14:45,1h 18m,1 stop,Business,38.0,11020.23,620
2972,AIR INDIA,MUMBAI,Hyderabad,12/07/2025,17:45,3h 58m,2 stops,BUSINESS,1.0,16382.76,620
2973,IndiGo,Chenai,Delhi,27/10/2025,22:00,5h 32m,2+ stops,Eco,,13498.74,1760
2974,AIR INDIA,Mumbai,Bangalore,2025-06-15,11:00,3h 52m,non-stop,economy,59.0,6277.03,840
2975,IndiGo,Chenai,Delhi,22-Apr-2025,21:45,2h 47m,2 stops,Eco,43.0,13336.47,1760
2976,AIR INDIA,Mumbai,Bangalore,2025-09-10,17:45,3h 53m,2 stops,economy,10.0,7533.24,840
2977,GoAir,Kolkata,Hyderabad,05/09/2025,7:45,7h 52m,1 Stop,Eco,23.0,9559.08,1190
2978,Go Air,Chennai,Kolkata,08/21/2025,9:15,1h 37m,2 stops,Economy,51.0,8818.55,1360
2979,Air India,Chennai,HYDERABAD,06/08/2025,0:00,3h 49m,1 Stop,Economy,57.0,4290.81,515
2980,Go Air,Chenai,Cochin,08/13/2025,11:45,0h 50m,non-stop,Eco,46.0,3412.92,500
2981,AIR INDIA,Mumbai,Hyderabad,22/09/2025,0:00,2h 35m,,BUSINESS,43.0,13663.26,620
2982,Go Air,Banglore,Kolkata,13-Oct-2025,22:00,1h 43m,1 stop,Economy,50.0,10255.21,1560
2983,Spice Jet,Bangalore,Hyderabad,2025-04-12,12:45,2h 38m,Non Stop,Business,48.0,9034.04,500
2984,AirAsia,Banglore,Chennai,17-Aug-2025,19:00,2h 32m,,Economy,6.0,2342.15,290
2985,Go Air,Bangalore,Hyderabad,2025-10-22,4:45,1h 57m,2+ stops,Business,30.0,9953.14,500
2986,SpiceJet,Banglore,cochin,2025-05-20,3:30,5h 7m,1 stop,BUSINESS,47.0,7525.35,360
2987,SpiceJet,MUMBAI,Cochin,12/02/2025,6:45,2h 6m,,Economy,9.0,6493.13,860
2988,,Bangalore,Cochin,06/11/2025,11:45,8h 1m,1 stop,BUSINESS,14.0,9316.73,360
2989,Spice Jet,Delhi,Mumbai,11/20/2025,0:45,1h 33m,non-stop,Eco,19.0,8143.3,1150
2990,,Bangalore,Mumbai,16-Jun-2025,10:45,2h 1m,2+ stops,Economy,57.0,6120.48,840
2991,GoAir,Mumbai,Chennai,2025-06-22,18:15,0h 57m,Non Stop,BUSINESS,30.0,17799.06,1030
2992,Vistara,Hyderabad,Delhi,04/15/2025,6:00,3h 16m,non-stop,BUSINESS,60.0,26643.54,1260
2993,GoAir,Chenai,Delhi,11/11/2025,12:00,0h 47m,1 stop,Eco,10.0,12955.63,1760
2994,indigo,Chennai,Cochin,2025-11-28,22:15,4h 7m,Non Stop,Eco,15.0,4232.46,500
2995,Spice Jet,Chenai,Chennai,2025-08-28,19:00,1h 15m,non-stop,BUSINESS,20.0,21421.26,1030
2996,indigo,Hyderabad,Bangalore,2025-03-19,4:30,2h 38m,,Economy,29.0,3887.0,500
2997,indigo,Chenai,Chennai,29/06/2025,10:30,1h 23m,non-stop,Business,16.0,20786.55,1030
2998,AIR INDIA,Hyderabad,cochin,23-Dec-2025,7:00,2h 6m,1 Stop,Business,42.0,14767.62,700
2999,SpiceJet,delhi,Hyderabad,2025-06-06,22:30,2h 33m,2 stops,Economy,49.0,8560.91,1260
3000,Air India,delhi,Hyderabad,2025-04-29,16:15,2h 44m,2+ stops,Business,27.0,30926.43,1260
3001,SpiceJet,Banglore,Kolkata,22/01/2025,0:45,2h 30m,Non Stop,Biz,47.0,28564.75,1560
3002,Spice Jet,Delhi,Chennai,12/08/2025,0:45,0h 57m,1 stop,BUSINESS,8.0,,1760
3003,indigo,Bangalore,HYDERABAD,15/02/2025,14:45,1h 31m,Non Stop,Biz,30.0,10138.06,500
3004,Vistara,delhi,Hyderabad,16-Nov-2025,15:00,2h 31m,1 Stop,Business,52.0,26391.73,1260
3005,Air India,Chennai,HYDERABAD,11-Jun-2025,23:00,5h 15m,Non Stop,Business,2.0,13205.81,515
3006,Vistara,MUMBAI,cochin,18/08/2025,2:30,1h 15m,1 stop,Biz,26.0,20445.24,860
3007,Air India,Chennai,cochin,30/08/2025,10:15,2h 15m,2 stops,Business,,11898.48,500
3008,GoAir,delhi,cochin,2025-06-16,21:45,1h 28m,non-stop,BUSINESS,12.0,38799.97,2100
3009,Air India,Delhi,HYDERABAD,09-Jul-2025,21:45,2h 38m,non-stop,Economy,18.0,8928.57,1260
3010,Go Air,Chennai,Mumbai,02-Oct-2025,0:30,2h 59m,Non Stop,Business,44.0,20072.44,1030
3011,Spice Jet,Bangalore,Kolkata,12/03/2025,19:15,1h 50m,non-stop,economy,35.0,10330.1,1560
3012,GoAir,Banglore,Delhi,28/10/2025,3:00,1h 6m,Non Stop,BUSINESS,4.0,31042.4,1740
3013,Spice Jet,Chennai,Hyderabad,24-Sep-2025,11:45,4h 28m,non-stop,Business,28.0,10800.3,515
3014,AirAsia,Hyderabad,HYDERABAD,27/11/2025,13:00,1h 39m,1 Stop,economy,25.0,7223.42,1030
3015,AirAsia,Chennai,Cochin,2025-11-10,5:15,9h 48m,2+ stops,BUSINESS,27.0,11343.18,500
3016,Vistara,Bangalore,Delhi,2025-05-08,0:30,4h 22m,1 Stop,BUSINESS,52.0,41866.37,1740
3017,AirAsia,MUMBAI,HYDERABAD,09/10/2025,13:00,0h 43m,,Biz,50.0,11293.83,620
3018,Air India,Chennai,Cochin,02/09/2025,4:30,3h 31m,2+ stops,economy,55.0,3955.1,500
3019,AirAsia,Chenai,cochin,24-Nov-2025,2:15,5h 35m,non-stop,Eco,44.0,3684.6,500
3020,Vistara,Kolkata,Hyderabad,26/10/2025,18:30,7h 9m,Non Stop,BUSINESS,7.0,29143.91,1190
3021,Spice Jet,Chennai,Delhi,07/03/2025,12:30,0h 33m,,Eco,22.0,11567.12,1760
3022,Spice Jet,Kolkata,Cochin,2025-06-21,15:30,3h 15m,,Eco,2.0,14329.28,1900
3023,indigo,MUMBAI,Bangalore,03/08/2025,19:30,1h 3m,1 stop,Eco,3.0,5881.49,840
3024,indigo,Chennai,Mumbai,08/24/2025,23:00,3h 34m,1 Stop,BUSINESS,57.0,21340.36,1030
3025,Go Air,MUMBAI,Cochin,23-Apr-2025,19:45,5h 13m,non-stop,BUSINESS,32.0,15487.33,860
3026,SpiceJet,Hyderabad,Mumbai,09/22/2025,3:15,4h 42m,1 stop,Biz,16.0,12455.71,620
3027,Go Air,Chennai,Kolkata,12/03/2025,22:00,3h 29m,non-stop,BUSINESS,27.0,25432.39,1360
3028,GoAir,Kolkata,cochin,2025-08-04,20:30,1h 19m,1 stop,Business,53.0,35219.02,1900
3029,AirAsia,delhi,Bangalore,24/04/2025,16:00,2h 28m,2 stops,BUSINESS,50.0,32458.3,1740
3030,SpiceJet,MUMBAI,Cochin,2025-09-24,9:30,7h 24m,Non Stop,Business,55.0,15159.1,860
3031,Spice Jet,delhi,Cochin,2025-09-12,19:30,1h 53m,1 stop,BUSINESS,3.0,43038.09,2100
3032,AirAsia,Chennai,Cochin,12/11/2025,15:00,3h 34m,1 stop,Biz,33.0,9082.16,500
3033,Vistara,MUMBAI,Cochin,17-Apr-2025,22:45,10h 56m,,BUSINESS,39.0,20240.13,860
3034,Vistara,Hyderabad,Delhi,05/14/2025,7:30,5h 15m,2+ stops,BUSINESS,30.0,34246.7,1260
3035,Spice Jet,Chenai,HYDERABAD,11/06/2025,15:30,0h 58m,,economy,32.0,3684.83,515
3036,Vistara,Hyderabad,Bangalore,2025-07-15,0:00,1h 59m,non-stop,Biz,4.0,12855.84,500
3037,IndiGo,Mumbai,HYDERABAD,01/08/2025,12:15,,Non Stop,economy,41.0,4764.43,620
3038,SpiceJet,Banglore,Chennai,26/12/2025,20:30,2h 27m,non-stop,Economy,38.0,2176.5,290
3039,Vistara,delhi,Hyderabad,2025-11-04,6:15,1h 34m,Non Stop,Business,28.0,27938.36,1260
3040,SpiceJet,Kolkata,Hyderabad,08/06/2025,5:15,4h 15m,2+ stops,BUSINESS,49.0,27707.8,1190
3041,GoAir,Delhi,cochin,2025-07-28,17:15,2h 46m,Non Stop,Biz,6.0,44956.72,2100
3042,Spice Jet,Banglore,Hyderabad,21-Sep-2025,18:45,2h 6m,Non Stop,Eco,27.0,3233.95,500
3043,Vistara,Hyderabad,Cochin,01/12/2025,2:00,2h 45m,2+ stops,BUSINESS,19.0,,700
3044,AIR INDIA,Hyderabad,cochin,2025-08-31,1:45,4h 37m,non-stop,BUSINESS,17.0,16052.97,700
3045,AirAsia,delhi,HYDERABAD,07/09/2025,13:00,5h 18m,2+ stops,Economy,30.0,9622.69,1260
3046,Air India,Banglore,cochin,21-Dec-2025,5:15,3h 0m,1 stop,Eco,8.0,3211.31,360
3047,Air India,Chennai,Hyderabad,2025-12-26,20:00,2h 45m,1 Stop,Eco,29.0,4114.43,515
3048,SpiceJet,delhi,HYDERABAD,27-Dec-2025,22:00,4h 4m,2 stops,economy,59.0,8146.92,1260
3049,GoAir,Hyderabad,cochin,2025-01-10,2:45,0h 51m,Non Stop,Biz,35.0,12502.57,700
3050,Spice Jet,Hyderabad,Kolkata,25/05/2025,16:30,2h 27m,1 stop,,27.0,8689.22,1190
3051,Air India,Chenai,Bangalore,12-Nov-2025,4:45,1h 36m,1 Stop,Economy,37.0,2338.4,290
3052,,Chennai,Cochin,2025-03-07,17:45,4h 52m,2+ stops,Biz,43.0,11019.82,500
3053,AIR INDIA,Banglore,Bangalore,06/21/2025,6:15,2h 49m,,Eco,52.0,6845.93,1030
3054,Vistara,Chenai,Cochin,20-Jun-2025,22:15,1h 4m,1 Stop,economy,47.0,4260.41,500
3055,Spice Jet,Chennai,Cochin,07/15/2025,13:30,1h 36m,1 Stop,Economy,,3943.2,500
3056,IndiGo,Mumbai,Hyderabad,11/24/2025,13:30,3h 13m,1 stop,Eco,18.0,4843.26,620
3057,AirAsia,MUMBAI,Bangalore,11/10/2025,10:45,2h 1m,2 stops,Eco,29.0,5754.31,840
3058,Spice Jet,Bangalore,Mumbai,25/04/2025,18:30,1h 42m,1 Stop,Business,27.0,17383.1,840
3059,IndiGo,Chennai,cochin,29/09/2025,10:30,1h 59m,,Economy,3.0,4487.85,500
3060,Air India,Bangalore,Cochin,2025-07-17,7:30,2h 31m,Non Stop,Biz,23.0,8478.1,360
3061,GoAir,Chenai,Mumbai,11-Oct-2025,4:45,1h 44m,Non Stop,BUSINESS,34.0,18220.7,1030
3062,Spice Jet,MUMBAI,HYDERABAD,12/09/2025,3:00,2h 53m,2 stops,Biz,51.0,11196.68,620
3063,IndiGo,Mumbai,HYDERABAD,18-Jul-2025,17:45,0h 40m,,Biz,37.0,11943.95,620
3064,AIR INDIA,MUMBAI,Bangalore,07/02/2025,13:15,3h 34m,2 stops,Biz,38.0,19654.48,840
3065,SpiceJet,delhi,HYDERABAD,03-Jun-2025,22:15,2h 41m,1 stop,Eco,14.0,8699.83,1260
3066,GoAir,delhi,Hyderabad,14-Sep-2025,15:00,,,,13.0,9057.62,1260
3067,Go Air,Banglore,cochin,2025-05-01,2:00,2h 35m,1 Stop,economy,29.0,2707.52,360
3068,Go Air,Chennai,Bangalore,09/23/2025,16:15,4h 0m,2 stops,economy,48.0,2304.6,290
3069,Air India,delhi,HYDERABAD,03/15/2025,3:00,3h 30m,non-stop,economy,48.0,8408.3,1260
3070,indigo,Bangalore,Chennai,2025-09-09,17:45,2h 7m,non-stop,Business,13.0,,290
3071,Air India,Hyderabad,Chennai,2025-11-12,10:30,,non-stop,Biz,59.0,11030.25,515
3072,Air India,MUMBAI,cochin,01/28/2025,4:15,5h 55m,1 Stop,Business,30.0,21910.05,860
3073,IndiGo,delhi,Delhi,2025-09-09,22:15,1h 27m,non-stop,Biz,27.0,21452.65,1030
3074,IndiGo,MUMBAI,Hyderabad,29/07/2025,16:45,1h 10m,1 Stop,BUSINESS,22.0,13025.25,620
3075,Air India,Mumbai,Chennai,06-Jun-2025,14:30,3h 17m,,Economy,48.0,8413.75,1030
3076,GoAir,Banglore,Kolkata,02-Jul-2025,23:30,1h 54m,2 stops,Biz,43.0,30300.66,1560
3077,GoAir,Bangalore,Kolkata,07/11/2025,13:15,1h 7m,Non Stop,Economy,13.0,10442.74,1560
3078,Vistara,Bangalore,cochin,12/10/2025,12:45,3h 0m,1 Stop,Eco,43.0,3192.27,360
3079,AirAsia,Delhi,Hyderabad,18-Jan-2025,20:30,1h 38m,non-stop,Biz,7.0,19820.67,1260
3080,AirAsia,Chennai,cochin,09/23/2025,5:45,4h 36m,2+ stops,Economy,31.0,4405.54,500
3081,IndiGo,Bangalore,Kolkata,2025-03-09,20:15,1h 4m,2 stops,economy,55.0,11040.9,1560
3082,AIR INDIA,delhi,cochin,05/28/2025,12:15,5h 45m,,Economy,,16613.59,2100
3083,IndiGo,Kolkata,Mumbai,04/12/2025,11:00,1h 3m,1 Stop,economy,38.0,11354.06,1650
3084,Go Air,Chenai,Bangalore,02/27/2025,13:45,2h 7m,,Economy,60.0,2176.15,290
3085,Vistara,Chennai,Mumbai,20/09/2025,19:00,2h 28m,non-stop,economy,22.0,7912.08,1030
3086,indigo,Mumbai,Bangalore,2025-10-29,6:00,3h 50m,1 Stop,economy,38.0,6463.49,840
3087,Air India,Bangalore,Cochin,2025-01-15,23:30,0h 59m,non-stop,Economy,9.0,2812.38,360
3088,Go Air,Delhi,Bangalore,2025-08-28,4:30,3h 21m,,economy,11.0,12348.94,1740
3089,Spice Jet,MUMBAI,Mumbai,2025-05-02,12:00,2h 15m,Non Stop,,4.0,7580.42,1030
3090,SpiceJet,MUMBAI,Hyderabad,02/20/2025,14:00,3h 28m,non-stop,Business,6.0,12751.19,620
3091,Go Air,Hyderabad,Mumbai,05-Jul-2025,17:45,3h 23m,2 stops,BUSINESS,48.0,12571.82,620
3092,AirAsia,Bangalore,Kolkata,2025-04-02,10:15,1h 42m,2+ stops,Biz,53.0,27945.27,1560
3093,SpiceJet,delhi,Delhi,30-Aug-2025,2:30,4h 4m,,Economy,17.0,7127.68,1030
3094,GoAir,Banglore,Cochin,11/06/2025,5:30,3h 59m,2+ stops,BUSINESS,1.0,8805.96,360
3095,AirAsia,Kolkata,cochin,25/01/2025,12:30,5h 1m,2+ stops,Eco,34.0,13819.02,1900
3096,IndiGo,Mumbai,cochin,04-Jul-2025,11:30,1h 32m,non-stop,economy,26.0,5411.86,860
3097,Air India,MUMBAI,Cochin,2025-01-26,4:45,1h 32m,2 stops,Biz,26.0,21135.18,860
3098,GoAir,Bangalore,Kolkata,20/09/2025,1:30,7h 11m,non-stop,Biz,30.0,28426.99,1560
3099,Spice Jet,Mumbai,Cochin,2025-05-05,1:15,7h 33m,1 stop,Economy,17.0,6658.47,860
3100,GoAir,MUMBAI,Chennai,14-Oct-2025,0:00,2h 43m,1 Stop,BUSINESS,42.0,17941.11,1030
3101,Spice Jet,Banglore,Hyderabad,04/19/2025,2:15,1h 53m,Non Stop,Eco,38.0,3303.23,500
3102,Vistara,Hyderabad,cochin,10/03/2025,10:15,3h 20m,1 Stop,Economy,20.0,6431.45,700
3103,Air India,Chenai,HYDERABAD,02/03/2025,15:30,2h 55m,2+ stops,Business,5.0,13801.25,515
3104,indigo,delhi,Cochin,25/09/2025,8:30,2h 49m,1 Stop,BUSINESS,34.0,42119.0,2100
3105,Vistara,Delhi,HYDERABAD,05/31/2025,1:00,,Non Stop,Biz,11.0,29497.77,1260
3106,SpiceJet,Kolkata,HYDERABAD,08/08/2025,13:00,1h 45m,non-stop,BUSINESS,35.0,22960.92,1190
3107,Spice Jet,Bangalore,Cochin,18/02/2025,8:00,1h 34m,,economy,25.0,2857.58,360
3108,indigo,Kolkata,Bangalore,04-Jun-2025,22:00,1h 11m,1 Stop,,3.0,11780.51,1560
3109,indigo,Bangalore,Kolkata,05/17/2025,19:30,1h 55m,non-stop,Business,15.0,,1560
3110,SpiceJet,Kolkata,Delhi,07-Feb-2025,8:00,3h 10m,2 stops,Economy,5.0,10548.51,1300
3111,Spice Jet,MUMBAI,Delhi,24-May-2025,10:15,1h 10m,2+ stops,BUSINESS,22.0,25868.81,1150
3112,AirAsia,Delhi,HYDERABAD,2025-11-19,22:30,4h 45m,2+ stops,Business,4.0,27851.74,1260
3113,AIR INDIA,delhi,HYDERABAD,04/27/2025,4:30,2h 48m,1 stop,BUSINESS,26.0,29866.21,1260
3114,IndiGo,Delhi,Mumbai,13/12/2025,0:15,2h 23m,2+ stops,Economy,13.0,9601.44,1150
3115,Vistara,Kolkata,Cochin,06/10/2025,23:30,2h 21m,1 Stop,Biz,60.0,43091.23,1900
3116,IndiGo,Hyderabad,Kolkata,07/19/2025,17:15,2h 55m,Non Stop,economy,15.0,9106.23,1190
3117,Spice Jet,Delhi,Chennai,05/05/2025,6:45,,non-stop,Economy,1.0,11709.24,1760
3118,AIR INDIA,MUMBAI,cochin,21-Sep-2025,4:45,5h 21m,2+ stops,BUSINESS,38.0,19615.57,860
3119,,Banglore,Bangalore,2025-10-25,21:15,3h 34m,Non Stop,Biz,16.0,20673.73,1030
3120,Go Air,MUMBAI,Hyderabad,11/07/2025,20:15,5h 30m,2 stops,Business,5.0,14764.93,620
3121,AIR INDIA,delhi,Delhi,12-Dec-2025,0:30,1h 34m,1 Stop,economy,36.0,7145.07,1030
3122,Air India,Delhi,Chennai,06/27/2025,23:30,1h 16m,,Biz,11.0,42377.91,1760
3123,IndiGo,Delhi,HYDERABAD,20-May-2025,11:45,2h 45m,2+ stops,Eco,41.0,9799.32,1260
3124,indigo,Banglore,Mumbai,29/12/2025,23:30,5h 12m,,economy,9.0,7289.47,840
3125,Vistara,Bangalore,Delhi,2025-02-10,0:45,3h 13m,non-stop,BUSINESS,15.0,40813.88,1740
3126,AirAsia,Chennai,Cochin,07/03/2025,1:15,1h 27m,,Biz,4.0,9461.2,500
3127,indigo,MUMBAI,cochin,20/09/2025,15:15,2h 31m,2 stops,Business,9.0,18806.18,860
3128,Go Air,Delhi,Chennai,30/08/2025,15:30,3h 40m,1 stop,Business,10.0,33456.12,1760
3129,AirAsia,Kolkata,HYDERABAD,2025-10-07,2:15,1h 10m,Non Stop,Business,47.0,19749.63,1190
3130,Go Air,Delhi,Cochin,2025-12-20,8:45,7h 24m,2+ stops,Biz,41.0,42640.45,2100
3131,Vistara,Chennai,Kolkata,06/06/2025,6:30,1h 31m,Non Stop,BUSINESS,17.0,29171.26,1360
3132,IndiGo,Banglore,cochin,06/11/2025,23:30,1h 38m,,economy,60.0,2913.98,360
3133,Vistara,Hyderabad,Mumbai,15/08/2025,13:00,4h 9m,Non Stop,Biz,31.0,13101.82,620
3134,indigo,Kolkata,Mumbai,05/07/2025,9:30,4h 9m,1 Stop,Eco,45.0,12383.47,1650
3135,IndiGo,Hyderabad,HYDERABAD,01-Aug-2025,22:00,3h 1m,,economy,40.0,7916.13,1030
3136,Go Air,MUMBAI,Cochin,14-Jun-2025,10:00,1h 39m,non-stop,Biz,45.0,16299.84,860
3137,Spice Jet,Delhi,Kolkata,05-Sep-2025,2:15,3h 38m,,economy,25.0,8775.84,1300
3138,Go Air,Kolkata,Mumbai,10/10/2025,11:45,,2 stops,Economy,51.0,11174.45,1650
3139,GoAir,Chennai,HYDERABAD,13/11/2025,10:45,5h 27m,,Biz,13.0,10196.94,515
3140,SpiceJet,delhi,Chennai,05/01/2025,20:15,2h 30m,non-stop,Business,,35123.3,1760
3141,Spice Jet,Kolkata,Mumbai,20-Jul-2025,20:15,5h 0m,2+ stops,Biz,44.0,34132.49,1650
3142,AIR INDIA,Hyderabad,Chennai,2025-03-30,20:15,0h 33m,Non Stop,BUSINESS,28.0,11018.3,515
3143,,Banglore,Mumbai,12/13/2025,3:30,8h 21m,2 stops,BUSINESS,41.0,17090.87,840
3144,SpiceJet,Banglore,Chennai,20/07/2025,9:45,2h 15m,2 stops,Business,55.0,5076.08,290
3145,indigo,Bangalore,Hyderabad,2025-04-17,10:30,3h 57m,Non Stop,Business,18.0,10092.33,500
3146,Spice Jet,delhi,Cochin,13/07/2025,23:00,3h 4m,Non Stop,BUSINESS,22.0,43260.89,2100
3147,indigo,Bangalore,Delhi,08/29/2025,5:45,7h 3m,2 stops,economy,12.0,13589.66,1740
3148,Air India,Mumbai,Cochin,09/04/2025,20:45,2h 28m,Non Stop,Economy,9.0,6850.62,860
3149,SpiceJet,MUMBAI,cochin,02/27/2025,14:00,1h 25m,non-stop,Biz,17.0,17672.9,860
3150,GoAir,Banglore,Delhi,08-May-2025,7:45,5h 45m,Non Stop,economy,57.0,11734.64,1740
3151,,Chenai,Mumbai,10-Jul-2025,2:15,5h 35m,2+ stops,Eco,15.0,9431.84,1030
3152,Vistara,Chennai,Hyderabad,12/30/2025,5:30,4h 45m,1 Stop,Eco,13.0,4545.83,515
3153,GoAir,Chenai,Delhi,05/25/2025,12:45,2h 42m,,Economy,43.0,9985.27,1760
3154,Go Air,Bangalore,Chennai,2025-04-06,4:00,1h 29m,1 Stop,Biz,40.0,6603.38,290
3155,GoAir,delhi,Delhi,06/26/2025,7:00,5h 10m,2 stops,Biz,16.0,25010.19,1030
3156,AirAsia,Chenai,Kolkata,10-Jul-2025,15:00,4h 26m,non-stop,Biz,46.0,23897.03,1360
3157,AirAsia,Hyderabad,cochin,2025-05-02,14:45,1h 26m,non-stop,BUSINESS,4.0,12607.27,700
3158,Go Air,Mumbai,Cochin,08/16/2025,8:15,4h 43m,,Biz,57.0,16795.26,860
3159,IndiGo,delhi,HYDERABAD,2025-02-28,7:45,0h 49m,non-stop,economy,4.0,9117.62,1260
3160,AIR INDIA,Chenai,Mumbai,15/09/2025,8:00,2h 1m,1 stop,Eco,11.0,8397.72,1030
3161,AirAsia,Chennai,Kolkata,21-Oct-2025,16:00,2h 22m,1 stop,,49.0,8865.81,1360
3162,indigo,Kolkata,Chennai,01-Jul-2025,13:00,1h 48m,1 stop,Biz,13.0,30218.44,1360
3163,Go Air,Chenai,Mumbai,27/07/2025,3:00,1h 59m,2 stops,economy,20.0,6937.06,1030
3164,AirAsia,MUMBAI,HYDERABAD,01/21/2025,16:15,8h 14m,non-stop,Eco,9.0,4779.76,620
3165,Spice Jet,Kolkata,HYDERABAD,20-Nov-2025,2:45,4h 7m,2+ stops,Business,41.0,26050.57,1190
3166,AirAsia,MUMBAI,cochin,28/10/2025,15:00,2h 35m,2+ stops,BUSINESS,5.0,19507.42,860
3167,Air India,Bangalore,Chennai,2025-11-02,6:00,1h 39m,1 Stop,Biz,32.0,6915.19,290
3168,Air India,Banglore,Hyderabad,10/24/2025,15:30,3h 19m,,economy,1.0,4812.31,500
3169,Air India,Bangalore,Cochin,15-Jul-2025,12:30,1h 32m,2 stops,BUSINESS,27.0,8604.08,360
3170,SpiceJet,MUMBAI,Delhi,05-Jul-2025,4:15,,2+ stops,Business,8.0,26633.27,1150
3171,Go Air,Chennai,Kolkata,06/10/2025,21:30,5h 28m,,economy,52.0,7086.37,1360
3172,Go Air,delhi,Bangalore,2025-08-05,4:00,1h 28m,1 stop,economy,14.0,11629.33,1740
3173,indigo,Kolkata,HYDERABAD,2025-04-27,13:30,3h 51m,2 stops,Eco,33.0,9447.01,1190
3174,Air India,Delhi,Kolkata,2025-07-03,16:45,1h 58m,Non Stop,Biz,19.0,28155.63,1300
3175,Air India,Banglore,cochin,12/21/2025,5:30,2h 13m,non-stop,BUSINESS,18.0,8119.53,360
3176,GoAir,Chenai,Bangalore,27-Jan-2025,6:45,2h 44m,1 stop,economy,50.0,2119.95,290
3177,IndiGo,delhi,HYDERABAD,09/16/2025,14:30,3h 40m,2 stops,Business,59.0,26927.92,1260
3178,SpiceJet,Banglore,Mumbai,03-Aug-2025,20:45,2h 10m,2+ stops,Eco,12.0,6905.43,840
3179,indigo,MUMBAI,HYDERABAD,2025-04-18,1:15,2h 36m,non-stop,Economy,26.0,4835.1,620
3180,Go Air,Delhi,cochin,10/08/2025,5:30,3h 48m,2+ stops,Biz,3.0,42435.21,2100
3181,AirAsia,delhi,cochin,11/10/2025,22:30,,,BUSINESS,44.0,37618.92,2100
3182,indigo,Mumbai,Delhi,09/27/2025,16:45,4h 45m,1 stop,Business,,23871.28,1150
3183,SpiceJet,Chennai,Kolkata,01-Feb-2025,19:15,0h 45m,2+ stops,economy,26.0,9868.0,1360
3184,indigo,delhi,Hyderabad,18/03/2025,11:00,1h 43m,1 Stop,Business,16.0,26249.61,1260
3185,Go Air,delhi,Chennai,05-Jan-2025,20:45,5h 25m,1 stop,Business,30.0,33607.45,1760
3186,Go Air,Chenai,HYDERABAD,28-Jul-2025,18:00,5h 32m,1 stop,Eco,24.0,4307.8,515
3187,Air India,delhi,Chennai,01-Apr-2025,1:00,1h 6m,2+ stops,economy,37.0,12579.2,1760
3188,Spice Jet,Chennai,Cochin,2025-06-20,2:45,7h 2m,2+ stops,economy,35.0,4851.34,500
3189,Vistara,Hyderabad,Kolkata,21/02/2025,10:45,6h 1m,Non Stop,Biz,58.0,25673.63,1190
3190,IndiGo,Delhi,Bangalore,24/03/2025,23:30,4h 1m,Non Stop,Eco,47.0,11453.0,1740
3191,Go Air,Bangalore,Hyderabad,2025-08-17,17:45,0h 55m,2 stops,Biz,23.0,11062.86,500
3192,Go Air,Chenai,Mumbai,20/03/2025,1:00,1h 13m,Non Stop,Eco,29.0,,1030
3193,AirAsia,Chenai,Delhi,2025-05-17,10:15,9h 34m,,economy,37.0,11282.79,1760
3194,Air India,Hyderabad,cochin,18-Feb-2025,0:00,3h 1m,1 Stop,Biz,4.0,17029.76,700
3195,Go Air,Kolkata,Delhi,18-Jan-2025,14:00,1h 38m,,Business,30.0,27273.93,1300
3196,Go Air,Chennai,HYDERABAD,2025-01-06,2:15,1h 1m,2 stops,BUSINESS,27.0,,515
3197,Go Air,Kolkata,Cochin,26-May-2025,1:00,3h 2m,1 Stop,Economy,57.0,12041.92,1900
3198,SpiceJet,delhi,Chennai,04/05/2025,8:15,2h 19m,1 Stop,Biz,28.0,33715.15,1760
3199,Spice Jet,Kolkata,Bangalore,2025-02-19,21:00,1h 39m,2 stops,Business,48.0,31437.86,1560
3200,Vistara,Delhi,Cochin,2025-12-21,0:30,2h 30m,Non Stop,economy,20.0,17944.68,2100
3201,SpiceJet,Banglore,Kolkata,31/01/2025,16:15,4h 7m,2 stops,economy,34.0,11754.84,1560
3202,Vistara,Bangalore,Delhi,10/26/2025,12:45,1h 31m,non-stop,economy,11.0,13754.09,1740
3203,AirAsia,Kolkata,Cochin,09/18/2025,1:15,2h 33m,1 stop,Business,1.0,39916.09,1900
3204,Go Air,Delhi,Chennai,06/27/2025,19:00,2h 34m,1 stop,Biz,34.0,34861.73,1760
3205,AirAsia,Kolkata,Bangalore,2025-03-13,3:30,3h 4m,non-stop,Economy,,10027.46,1560
3206,IndiGo,Chenai,Kolkata,2025-02-16,22:00,5h 52m,,Economy,36.0,10606.0,1360
3207,GoAir,Kolkata,HYDERABAD,04/09/2025,11:00,4h 48m,2+ stops,Biz,19.0,27825.77,1190
3208,indigo,MUMBAI,Mumbai,2025-04-14,14:00,1h 49m,2+ stops,Eco,27.0,8083.57,1030
3209,IndiGo,Bangalore,Kolkata,26/08/2025,5:00,5h 0m,,Economy,6.0,12554.84,1560
3210,AIR INDIA,Hyderabad,Chennai,06-Jan-2025,0:30,2h 57m,non-stop,Business,46.0,10718.91,515
3211,indigo,Chennai,HYDERABAD,2025-07-28,16:45,1h 6m,1 stop,,52.0,3475.29,515
3212,AIR INDIA,Chenai,Kolkata,23-Dec-2025,18:15,5h 27m,1 stop,Biz,21.0,31113.26,1360
3213,IndiGo,Hyderabad,Cochin,29/08/2025,15:45,4h 20m,2+ stops,Biz,1.0,17415.7,700
3214,AIR INDIA,delhi,Hyderabad,25-Jul-2025,15:45,1h 52m,non-stop,economy,36.0,8277.55,1260
3215,Vistara,Delhi,Chennai,01-Jul-2025,17:30,1h 31m,2 stops,Economy,7.0,16143.86,1760
3216,Spice Jet,Banglore,Mumbai,04/11/2025,20:15,1h 58m,2+ stops,economy,20.0,5451.6,840
3217,Go Air,Bangalore,Chennai,12/13/2025,17:45,1h 45m,2 stops,Economy,21.0,2792.34,290
3218,Air India,Chenai,Hyderabad,06-Dec-2025,7:15,2h 45m,2+ stops,Business,27.0,14181.41,515
3219,Go Air,Bangalore,Delhi,09/07/2025,1:00,3h 51m,non-stop,Biz,2.0,34270.57,1740
3220,AirAsia,Hyderabad,Kolkata,07/02/2025,22:30,0h 52m,non-stop,economy,22.0,7514.31,1190
3221,Vistara,Chenai,cochin,07/25/2025,7:45,2h 15m,1 stop,BUSINESS,20.0,12496.75,500
3222,Air India,Banglore,Delhi,2025-06-07,21:45,6h 46m,1 Stop,BUSINESS,15.0,39552.79,1740
3223,Vistara,Kolkata,Chennai,31-Jul-2025,16:00,0h 48m,2 stops,economy,54.0,10607.73,1360
3224,IndiGo,delhi,cochin,08-May-2025,19:45,2h 44m,non-stop,,7.0,14992.24,2100
3225,GoAir,MUMBAI,Hyderabad,2025-05-13,15:45,,,economy,8.0,4602.83,620
3226,SpiceJet,Kolkata,Hyderabad,2025-07-10,17:15,6h 45m,,Business,40.0,23676.59,1190
3227,GoAir,Chenai,HYDERABAD,08/17/2025,20:30,4h 58m,non-stop,economy,21.0,3620.66,515
3228,GoAir,MUMBAI,Delhi,17-Jun-2025,6:00,1h 45m,1 stop,Business,47.0,21383.52,1150
3229,Spice Jet,Delhi,HYDERABAD,08-Jan-2025,20:45,1h 8m,1 Stop,BUSINESS,5.0,,1260
3230,AIR INDIA,Mumbai,Bangalore,2025-04-15,8:30,4h 2m,2 stops,BUSINESS,32.0,20084.99,840
3231,indigo,Chennai,Hyderabad,2025-08-08,14:00,5h 11m,Non Stop,Biz,31.0,10676.42,515
3232,AirAsia,Bangalore,Delhi,29/10/2025,6:30,3h 53m,2 stops,Biz,14.0,38017.6,1740
3233,IndiGo,MUMBAI,HYDERABAD,04/30/2025,2:45,2h 3m,,Business,17.0,13335.52,620
3234,,Bangalore,Kolkata,25/05/2025,2:00,3h 9m,,Business,19.0,33966.92,1560
3235,IndiGo,Kolkata,Mumbai,05/03/2025,13:30,1h 23m,1 Stop,Economy,49.0,11947.73,1650
3236,Go Air,Chenai,Kolkata,11-Mar-2025,16:30,0h 57m,1 stop,economy,4.0,9575.76,1360
3237,AirAsia,Delhi,Mumbai,2025-04-27,18:00,6h 19m,,Economy,4.0,8530.05,1150
3238,AIR INDIA,Bangalore,Chennai,30/04/2025,16:00,2h 21m,2+ stops,Economy,34.0,2768.16,290
3239,Spice Jet,delhi,Kolkata,14-Jul-2025,0:15,5h 15m,non-stop,Business,17.0,27762.36,1300
3240,Go Air,Delhi,Mumbai,19/07/2025,2:15,2h 37m,Non Stop,Eco,60.0,6818.9,1150
3241,Spice Jet,Mumbai,Cochin,09-Jul-2025,12:30,3h 40m,Non Stop,economy,42.0,6214.52,860
3242,Vistara,delhi,Cochin,2025-08-11,23:00,0h 58m,non-stop,Eco,29.0,15686.81,2100
3243,AirAsia,Banglore,Cochin,04/10/2025,6:00,1h 39m,2+ stops,Biz,17.0,7488.08,360
3244,IndiGo,Bangalore,Delhi,2025-06-29,6:30,4h 33m,2 stops,Eco,53.0,12803.01,1740
3245,indigo,Kolkata,Bangalore,24/07/2025,8:30,5h 32m,2+ stops,Economy,53.0,11405.81,1560
3246,IndiGo,Bangalore,Chennai,14/03/2025,7:00,1h 38m,non-stop,BUSINESS,37.0,6224.09,290
3247,GoAir,Bangalore,HYDERABAD,2025-11-10,20:30,2h 42m,2 stops,economy,29.0,3211.5,500
3248,Vistara,delhi,Cochin,28/10/2025,18:30,2h 56m,,Economy,37.0,16307.18,2100
3249,SpiceJet,delhi,Hyderabad,2025-12-11,7:45,1h 9m,Non Stop,Biz,13.0,24272.65,1260
3250,AIR INDIA,Delhi,cochin,2025-11-14,5:30,0h 54m,2 stops,Economy,12.0,16217.99,2100
3251,GoAir,delhi,HYDERABAD,21/10/2025,11:15,1h 13m,1 stop,BUSINESS,,23598.08,1260
3252,IndiGo,Banglore,Chennai,2025-06-21,10:45,2h 11m,1 stop,BUSINESS,37.0,6084.38,290
3253,Vistara,Banglore,Hyderabad,01/06/2025,17:00,4h 50m,non-stop,Economy,33.0,4328.16,500
3254,IndiGo,Mumbai,Bangalore,14-Sep-2025,6:00,1h 3m,non-stop,economy,23.0,5477.87,840
3255,Vistara,Chennai,Mumbai,14-Sep-2025,7:30,1h 53m,Non Stop,,20.0,8350.71,1030
3256,AirAsia,Bangalore,Cochin,19-Apr-2025,1:15,5h 2m,,Eco,26.0,3208.26,360
3257,indigo,Kolkata,Hyderabad,07-Nov-2025,16:00,5h 34m,non-stop,Biz,1.0,26423.85,1190
3258,Air India,MUMBAI,Mumbai,30/10/2025,3:00,6h 26m,Non Stop,Eco,39.0,8333.15,1030
3259,GoAir,Chenai,Kolkata,2025-07-22,9:30,1h 31m,2+ stops,Economy,20.0,10717.36,1360
3260,SpiceJet,Banglore,Hyderabad,09/26/2025,20:15,2h 16m,,Biz,47.0,10484.85,500
3261,GoAir,MUMBAI,cochin,08/08/2025,6:15,3h 15m,,Eco,44.0,6474.67,860
3262,SpiceJet,Delhi,Kolkata,2025-10-19,0:45,2h 0m,2+ stops,economy,4.0,9968.98,1300
3263,indigo,Banglore,cochin,2025-09-04,21:30,1h 49m,non-stop,Biz,25.0,7269.88,360
3264,AirAsia,Delhi,Bangalore,19-Mar-2025,22:00,0h 53m,,Business,55.0,31673.36,1740
3265,GoAir,Mumbai,Cochin,01-Nov-2025,15:00,1h 48m,Non Stop,Business,56.0,15642.29,860
3266,Spice Jet,Chenai,Chennai,04/21/2025,15:00,1h 53m,non-stop,economy,11.0,7511.06,1030
3267,Air India,Mumbai,Delhi,15/06/2025,21:30,3h 49m,non-stop,Business,11.0,29236.01,1150
3268,Air India,Chennai,Cochin,04-May-2025,5:45,,,economy,15.0,4273.05,500
3269,Go Air,delhi,HYDERABAD,05/09/2025,1:30,2h 35m,,Biz,8.0,26650.49,1260
3270,AirAsia,delhi,cochin,25/09/2025,8:00,0h 55m,1 Stop,Eco,11.0,13127.81,2100
3271,,Chennai,HYDERABAD,19/12/2025,5:30,3h 45m,2+ stops,Economy,30.0,5001.85,515
3272,Vistara,Delhi,Cochin,21/03/2025,9:15,2h 34m,Non Stop,economy,27.0,15690.23,2100
3273,Air India,Delhi,Hyderabad,27/01/2025,7:00,2h 40m,2 stops,economy,34.0,9920.39,1260
3274,AirAsia,Mumbai,Hyderabad,30-Apr-2025,15:00,1h 45m,,BUSINESS,8.0,12302.95,620
3275,GoAir,Banglore,HYDERABAD,15-Jun-2025,22:45,1h 36m,Non Stop,Economy,12.0,3469.6,500
3276,Go Air,MUMBAI,Delhi,05/08/2025,23:30,3h 6m,Non Stop,Biz,11.0,21642.82,1150
3277,AirAsia,delhi,cochin,05/08/2025,0:30,2h 44m,1 stop,Economy,31.0,12979.69,2100
3278,indigo,Mumbai,HYDERABAD,26/04/2025,12:45,3h 22m,non-stop,Eco,37.0,4180.06,620
3279,Vistara,Chenai,Mumbai,2025-04-05,1:30,2h 22m,Non Stop,Biz,9.0,23277.27,1030
3280,IndiGo,Hyderabad,Kolkata,07-May-2025,4:45,2h 7m,1 Stop,Business,51.0,26194.72,1190
3281,GoAir,Mumbai,Kolkata,15-Jun-2025,13:30,2h 49m,Non Stop,Business,58.0,29563.47,1650
3282,SpiceJet,Chennai,Hyderabad,22-May-2025,19:45,1h 7m,1 Stop,BUSINESS,24.0,11157.94,515
3283,AIR INDIA,Delhi,Mumbai,05/22/2025,4:45,4h 17m,non-stop,economy,26.0,9497.69,1150
3284,GoAir,Delhi,Chennai,19-Dec-2025,15:30,2h 23m,2+ stops,Business,13.0,42895.41,1760
3285,AIR INDIA,Chenai,Hyderabad,24-Sep-2025,19:00,1h 21m,2 stops,BUSINESS,38.0,10749.49,515
3286,GoAir,Chennai,Hyderabad,06/26/2025,14:00,0h 55m,1 stop,Biz,45.0,9049.47,515
3287,GoAir,Chennai,Mumbai,23/11/2025,2:00,3h 36m,1 stop,economy,59.0,6302.24,1030
3288,Spice Jet,Banglore,Mumbai,2025-06-11,23:15,3h 45m,,economy,43.0,5704.21,840
3289,Spice Jet,Chenai,Delhi,2025-11-19,10:30,1h 38m,Non Stop,BUSINESS,46.0,31207.4,1760
3290,indigo,Mumbai,Kolkata,06/09/2025,6:00,3h 5m,2+ stops,Economy,11.0,,1650
3291,GoAir,Hyderabad,Cochin,2025-06-15,3:30,4h 33m,non-stop,Biz,,13632.68,700
3292,IndiGo,Chenai,cochin,20-Jan-2025,19:15,1h 22m,1 stop,Economy,7.0,4038.5,500
3293,Air India,Delhi,Hyderabad,2025-11-09,13:15,1h 7m,non-stop,Eco,25.0,8988.59,1260
3294,AIR INDIA,Bangalore,Mumbai,17/03/2025,7:00,1h 11m,2 stops,Business,3.0,18452.65,840
3295,Vistara,MUMBAI,Bangalore,11/06/2025,11:15,3h 4m,Non Stop,Biz,60.0,16442.35,840
3296,Spice Jet,Kolkata,Chennai,10/05/2025,9:30,1h 7m,1 Stop,Business,22.0,26542.51,1360
3297,AIR INDIA,delhi,Mumbai,2025-06-11,21:30,2h 4m,Non Stop,BUSINESS,26.0,24723.77,1150
3298,Air India,Hyderabad,Mumbai,07/16/2025,11:30,1h 38m,1 Stop,Economy,55.0,4364.53,620
3299,Air India,MUMBAI,Kolkata,13/07/2025,5:15,2h 21m,non-stop,Economy,51.0,,1650
3300,Spice Jet,Chenai,Cochin,08/09/2025,11:00,2h 4m,2 stops,BUSINESS,22.0,10105.73,500
3301,IndiGo,Chenai,Cochin,07/09/2025,18:30,1h 53m,Non Stop,Economy,42.0,3577.79,500
3302,indigo,Bangalore,Mumbai,07/10/2025,18:30,1h 26m,2+ stops,Economy,,6210.36,840
3303,Spice Jet,MUMBAI,Delhi,08-Aug-2025,8:30,,1 stop,Biz,42.0,21077.56,1150
3304,IndiGo,Hyderabad,Mumbai,2025-02-16,8:00,3h 39m,2 stops,BUSINESS,58.0,11831.22,620
3305,Go Air,MUMBAI,Kolkata,05/03/2025,19:00,1h 41m,2+ stops,economy,53.0,10992.21,1650
3306,IndiGo,Hyderabad,Delhi,10-Jul-2025,16:15,1h 28m,2+ stops,Biz,33.0,26764.67,1260
3307,Air India,MUMBAI,Bangalore,2025-11-05,19:30,1h 42m,Non Stop,,60.0,6189.05,840
3308,AirAsia,Kolkata,Delhi,21-Mar-2025,14:30,4h 25m,1 stop,Economy,15.0,9216.34,1300
3309,SpiceJet,Chenai,Hyderabad,14-Feb-2025,23:00,4h 4m,,Biz,57.0,9883.52,515
3310,GoAir,delhi,Bangalore,05/26/2025,14:45,5h 4m,2+ stops,economy,7.0,12855.57,1740
3311,Go Air,Banglore,Kolkata,05/19/2025,14:30,1h 30m,1 Stop,economy,43.0,10196.54,1560
3312,Spice Jet,Mumbai,HYDERABAD,10/14/2025,10:00,1h 11m,2+ stops,Eco,36.0,4873.83,620
3313,GoAir,Kolkata,Hyderabad,27/11/2025,5:30,1h 37m,non-stop,Business,19.0,22984.94,1190
3314,AIR INDIA,MUMBAI,Mumbai,16/06/2025,19:45,1h 15m,Non Stop,BUSINESS,15.0,25336.25,1030
3315,Air India,Kolkata,HYDERABAD,30/03/2025,16:30,1h 52m,1 Stop,Business,53.0,25816.65,1190
3316,GoAir,Hyderabad,Delhi,09-Jun-2025,3:30,1h 7m,1 Stop,Biz,55.0,23993.05,1260
3317,Go Air,Kolkata,Cochin,06/05/2025,12:30,5h 13m,,Economy,46.0,12385.88,1900
3318,indigo,Kolkata,cochin,2025-01-16,2:45,3h 44m,,Biz,37.0,40388.03,1900
3319,Air India,delhi,cochin,05-May-2025,14:30,4h 2m,1 stop,Biz,26.0,45371.06,2100
3320,Air India,delhi,Cochin,2025-10-09,22:45,0h 55m,non-stop,BUSINESS,42.0,42191.25,2100
3321,IndiGo,Hyderabad,Kolkata,30/10/2025,16:00,,2 stops,Eco,37.0,9062.29,1190
3322,Spice Jet,MUMBAI,Mumbai,02/03/2025,4:00,2h 15m,1 stop,Business,33.0,20790.6,1030
3323,Air India,MUMBAI,Cochin,31-May-2025,20:30,5h 40m,2 stops,Economy,41.0,7423.5,860
3324,,MUMBAI,Chennai,21-Oct-2025,19:15,4h 45m,,Economy,13.0,8602.48,1030
3325,Vistara,Kolkata,Hyderabad,07/08/2025,23:30,2h 18m,,economy,30.0,8769.39,1190
3326,IndiGo,Banglore,Bangalore,19-May-2025,9:15,,2+ stops,Business,,22091.55,1030
3327,Spice Jet,Chennai,cochin,26/11/2025,1:45,6h 41m,,BUSINESS,26.0,10868.77,500
3328,Air India,Hyderabad,Chennai,30/12/2025,17:30,2h 49m,2+ stops,Business,55.0,11536.44,515
3329,GoAir,Chenai,Mumbai,02/01/2025,20:15,2h 46m,,Economy,5.0,9043.48,1030
3330,indigo,Bangalore,Chennai,2025-06-23,11:45,2h 17m,Non Stop,economy,6.0,2578.27,290
3331,Spice Jet,MUMBAI,Mumbai,2025-01-06,0:30,3h 33m,,BUSINESS,36.0,20228.27,1030
3332,Vistara,Hyderabad,Bangalore,2025-01-15,5:15,1h 1m,Non Stop,Business,31.0,10971.79,500
3333,AirAsia,Hyderabad,Mumbai,07/12/2025,8:45,1h 17m,1 Stop,Business,44.0,11060.68,620
3334,IndiGo,Hyderabad,Chennai,2025-11-05,9:15,3h 41m,1 Stop,BUSINESS,26.0,11300.64,515
3335,Vistara,Mumbai,cochin,2025-05-05,12:15,1h 18m,1 Stop,economy,21.0,7184.31,860
3336,Go Air,MUMBAI,Bangalore,16/08/2025,3:15,2h 45m,1 stop,Biz,9.0,16985.07,840
3337,indigo,Chennai,Cochin,02/01/2025,15:15,,2+ stops,,27.0,11462.54,500
3338,Spice Jet,Mumbai,Hyderabad,31/08/2025,9:00,5h 45m,2+ stops,Economy,26.0,5631.54,620
3339,Vistara,Chenai,Cochin,10-Jan-2025,8:15,4h 22m,non-stop,Biz,25.0,12785.54,500
3340,Air India,Mumbai,Kolkata,07-Dec-2025,15:45,1h 51m,1 Stop,Business,59.0,34575.03,1650
3341,GoAir,Delhi,Chennai,2025-08-29,12:00,1h 59m,non-stop,Biz,34.0,29620.15,1760
3342,GoAir,Hyderabad,Delhi,07/22/2025,2:15,1h 7m,Non Stop,Business,1.0,26013.96,1260
3343,Air India,MUMBAI,Hyderabad,02/15/2025,0:45,3h 37m,non-stop,Biz,14.0,15650.07,620
3344,indigo,MUMBAI,HYDERABAD,07/08/2025,12:30,4h 7m,,Business,28.0,14529.19,620
3345,Go Air,MUMBAI,Delhi,27/07/2025,15:00,5h 19m,,Economy,52.0,7954.43,1150
3346,SpiceJet,Kolkata,Cochin,30/08/2025,1:30,8h 15m,Non Stop,Economy,20.0,14267.52,1900
3347,AIR INDIA,Bangalore,HYDERABAD,26/08/2025,4:15,3h 18m,1 Stop,Biz,20.0,11985.05,500
3348,AIR INDIA,Chennai,Mumbai,27-Nov-2025,11:00,2h 16m,1 stop,BUSINESS,47.0,23055.09,1030
3349,Vistara,Kolkata,Chennai,25/03/2025,3:45,3h 7m,Non Stop,Economy,56.0,9402.46,1360
3350,AirAsia,Chennai,Kolkata,2025-03-01,14:15,5h 57m,Non Stop,Biz,31.0,25191.93,1360
3351,Vistara,Bangalore,Kolkata,21/04/2025,12:30,2h 20m,1 Stop,BUSINESS,50.0,37073.19,1560
3352,Go Air,Kolkata,cochin,11/19/2025,22:30,2h 24m,1 Stop,Economy,1.0,13051.11,1900
3353,Air India,Bangalore,Hyderabad,28-Oct-2025,8:45,2h 22m,2+ stops,economy,60.0,3948.68,500
3354,Vistara,MUMBAI,HYDERABAD,13-Feb-2025,13:00,1h 46m,,BUSINESS,57.0,13691.34,620
3355,IndiGo,delhi,Hyderabad,29/05/2025,0:15,2h 30m,2+ stops,,35.0,9590.42,1260
3356,indigo,Bangalore,Chennai,02/11/2025,14:30,5h 51m,non-stop,BUSINESS,29.0,6758.84,290
3357,Spice Jet,Chenai,Chennai,2025-02-23,6:45,1h 12m,non-stop,,34.0,6527.94,1030
3358,Go Air,Chenai,Cochin,08/14/2025,2:00,3h 17m,,Eco,41.0,4027.15,500
3359,indigo,Chennai,Bangalore,25-Aug-2025,16:15,2h 17m,,Business,26.0,5988.08,290
3360,Spice Jet,Bangalore,Hyderabad,19-Feb-2025,16:00,10h 39m,non-stop,Eco,38.0,4591.31,500
3361,IndiGo,Delhi,Cochin,20-Feb-2025,22:45,2h 1m,1 Stop,Business,52.0,39026.9,2100
3362,IndiGo,Chennai,cochin,12/09/2025,2:00,1h 19m,1 stop,BUSINESS,40.0,9244.78,500
3363,IndiGo,Banglore,HYDERABAD,19/12/2025,0:45,3h 45m,1 stop,Business,15.0,11446.75,500
3364,IndiGo,delhi,Hyderabad,2025-07-10,10:45,0h 55m,,Biz,7.0,27399.93,1260
3365,IndiGo,Kolkata,Mumbai,21/04/2025,4:00,3h 53m,Non Stop,Eco,5.0,11347.16,1650
3366,AIR INDIA,MUMBAI,Chennai,20-Jul-2025,5:30,2h 57m,,Economy,5.0,7790.48,1030
3367,Spice Jet,Kolkata,Bangalore,06/30/2025,14:15,4h 12m,non-stop,Biz,31.0,29633.44,1560
3368,Spice Jet,Delhi,HYDERABAD,14-Apr-2025,20:00,1h 33m,1 stop,Business,54.0,24700.05,1260
3369,SpiceJet,Bangalore,Cochin,27-Jul-2025,7:30,0h 39m,,economy,59.0,2569.91,360
3370,AirAsia,delhi,Hyderabad,06/05/2025,23:30,1h 46m,1 stop,Business,50.0,22479.18,1260
3371,Air India,delhi,Hyderabad,2025-12-02,8:00,1h 57m,non-stop,economy,22.0,9818.81,1260
3372,Go Air,delhi,cochin,01/10/2025,12:45,1h 5m,non-stop,Business,15.0,40205.03,2100
3373,IndiGo,Hyderabad,cochin,07/17/2025,2:30,4h 6m,2+ stops,Eco,53.0,5036.97,700
3374,Vistara,MUMBAI,Delhi,05/24/2025,20:45,2h 22m,2+ stops,Economy,56.0,8564.8,1150
3375,Vistara,Kolkata,HYDERABAD,06/09/2025,19:15,4h 54m,2+ stops,Business,55.0,28006.43,1190
3376,Go Air,Delhi,Bangalore,11/09/2025,10:30,5h 55m,1 Stop,Economy,26.0,11871.47,1740
3377,SpiceJet,Kolkata,Cochin,17/10/2025,14:00,0h 34m,,Biz,,39238.38,1900
3378,IndiGo,Chenai,Hyderabad,2025-09-08,17:45,2h 55m,Non Stop,economy,31.0,4071.8,515
3379,,Banglore,cochin,2025-06-24,10:45,2h 34m,Non Stop,Eco,56.0,2788.1,360
3380,SpiceJet,Mumbai,Bangalore,16-Nov-2025,4:00,1h 16m,Non Stop,BUSINESS,53.0,14800.0,840
3381,IndiGo,Chenai,Kolkata,2025-12-10,21:15,2h 1m,2 stops,economy,7.0,9871.96,1360
3382,Air India,Hyderabad,Cochin,08/12/2025,13:15,1h 21m,Non Stop,Economy,31.0,5457.3,700
3383,Go Air,Mumbai,cochin,01/29/2025,6:45,1h 42m,Non Stop,Economy,12.0,6102.75,860
3384,SpiceJet,Mumbai,HYDERABAD,16/10/2025,19:15,1h 16m,Non Stop,Biz,23.0,10422.74,620
3385,SpiceJet,Mumbai,Delhi,2025-11-03,10:00,1h 58m,2 stops,economy,50.0,,1150
3386,Go Air,Chennai,Bangalore,05-Jan-2025,21:30,3h 15m,1 stop,Economy,18.0,2367.67,290
3387,Air India,Mumbai,Chennai,04-Jun-2025,9:30,2h 47m,,Biz,10.0,24761.47,1030
3388,indigo,Delhi,HYDERABAD,01-Dec-2025,6:15,2h 47m,1 Stop,Eco,52.0,8198.61,1260
3389,Spice Jet,delhi,Cochin,07/26/2025,7:30,3h 0m,Non Stop,BUSINESS,27.0,,2100
3390,indigo,MUMBAI,HYDERABAD,2025-02-08,16:15,1h 46m,Non Stop,Biz,40.0,12107.2,620
3391,AirAsia,Chenai,Chennai,15/11/2025,10:00,2h 45m,Non Stop,BUSINESS,29.0,18579.67,1030
3392,Vistara,Banglore,Chennai,12/28/2025,13:15,1h 6m,,economy,25.0,2510.09,290
3393,Go Air,delhi,Kolkata,09/14/2025,23:15,1h 29m,non-stop,BUSINESS,25.0,23516.47,1300
3394,GoAir,MUMBAI,Chennai,12/20/2025,12:30,3h 34m,non-stop,Business,55.0,16922.47,1030
3395,Spice Jet,Mumbai,cochin,12/13/2025,20:15,1h 1m,2 stops,economy,27.0,6379.39,860
3396,AIR INDIA,Chenai,HYDERABAD,22-Sep-2025,4:30,3h 29m,Non Stop,Biz,24.0,12080.08,515
3397,GoAir,Delhi,Hyderabad,05/07/2025,19:00,0h 51m,2+ stops,Eco,50.0,8173.13,1260
3398,indigo,Mumbai,Hyderabad,05-Oct-2025,0:45,1h 49m,non-stop,economy,4.0,,620
3399,Air India,Chennai,cochin,21-Mar-2025,19:00,9h 44m,1 stop,Business,9.0,12618.22,500
3400,AirAsia,Banglore,Kolkata,2025-01-21,20:30,1h 46m,2+ stops,Eco,,11850.79,1560
3401,indigo,Chennai,cochin,2025-04-03,18:15,1h 2m,,Biz,7.0,10832.81,500
3402,Vistara,Chennai,Hyderabad,06/08/2025,3:45,4h 22m,2+ stops,,60.0,4035.84,515
3403,SpiceJet,Bangalore,Chennai,04-Oct-2025,16:00,2h 42m,1 Stop,Economy,49.0,2356.41,290
3404,GoAir,delhi,Delhi,22/07/2025,10:00,3h 23m,non-stop,BUSINESS,35.0,19398.4,1030
3405,SpiceJet,Mumbai,cochin,09-Dec-2025,12:15,1h 17m,2+ stops,Eco,31.0,6450.1,860
3406,GoAir,Delhi,Kolkata,05/05/2025,17:00,2h 28m,,Economy,19.0,8661.2,1300
3407,SpiceJet,Hyderabad,Chennai,11-Oct-2025,13:45,,,Biz,56.0,9723.08,515
3408,AirAsia,Hyderabad,Chennai,30-Dec-2025,12:30,0h 46m,2+ stops,Biz,12.0,10832.57,515
3409,AIR INDIA,Hyderabad,Delhi,23-Feb-2025,16:15,,2 stops,Biz,13.0,30470.22,1260
3410,IndiGo,MUMBAI,HYDERABAD,26-Apr-2025,13:45,0h 52m,2+ stops,Business,51.0,14034.76,620
3411,GoAir,Banglore,Delhi,10/11/2025,18:30,1h 6m,2+ stops,Biz,38.0,36007.92,1740
3412,SpiceJet,Hyderabad,Cochin,2025-05-20,9:30,,1 stop,Biz,28.0,14692.97,700
3413,indigo,Bangalore,Hyderabad,2025-01-17,22:45,3h 53m,2 stops,Eco,20.0,4225.78,500
3414,Air India,Chenai,Chennai,2025-09-11,8:00,2h 21m,Non Stop,economy,36.0,7483.18,1030
3415,Vistara,Banglore,HYDERABAD,2025-05-01,6:15,1h 8m,Non Stop,Eco,,3758.44,500
3416,SpiceJet,MUMBAI,Kolkata,06/12/2025,8:30,2h 4m,Non Stop,Eco,23.0,10666.26,1650
3417,GoAir,MUMBAI,cochin,2025-04-20,7:45,1h 13m,1 stop,Eco,17.0,4840.15,860
3418,Vistara,Chenai,Cochin,11/11/2025,18:00,1h 18m,Non Stop,BUSINESS,8.0,11616.5,500
3419,GoAir,Delhi,Mumbai,24/10/2025,13:45,2h 34m,,Eco,53.0,7314.97,1150
3420,Air India,Kolkata,Mumbai,20/04/2025,5:15,2h 22m,non-stop,BUSINESS,15.0,38140.49,1650
3421,AirAsia,Mumbai,cochin,2025-04-29,0:00,2h 42m,Non Stop,Biz,22.0,15778.22,860
3422,IndiGo,Banglore,Chennai,27/01/2025,12:30,2h 11m,Non Stop,Economy,40.0,2362.68,290
3423,AirAsia,MUMBAI,cochin,06/08/2025,9:00,1h 22m,Non Stop,Biz,38.0,13253.77,860
3424,AIR INDIA,Hyderabad,Mumbai,02-Nov-2025,19:45,1h 11m,Non Stop,BUSINESS,23.0,13723.7,620
3425,Vistara,Banglore,Bangalore,2025-08-22,6:00,3h 5m,non-stop,BUSINESS,52.0,19615.94,1030
3426,Vistara,delhi,Chennai,12/14/2025,10:00,2h 13m,2 stops,Eco,37.0,13220.77,1760
3427,Spice Jet,Mumbai,Chennai,29/09/2025,9:00,1h 16m,non-stop,Biz,35.0,19104.5,1030
3428,SpiceJet,MUMBAI,Chennai,07/10/2025,2:15,0h 39m,1 Stop,BUSINESS,24.0,22312.45,1030
3429,SpiceJet,MUMBAI,Kolkata,2025-08-14,1:00,1h 10m,1 Stop,economy,57.0,10524.48,1650
3430,SpiceJet,Banglore,HYDERABAD,2025-04-06,3:15,0h 51m,1 stop,Eco,40.0,3510.78,500
3431,Go Air,Kolkata,HYDERABAD,06/13/2025,6:30,3h 2m,Non Stop,Business,,22233.87,1190
3432,AIR INDIA,Hyderabad,cochin,2025-04-29,18:30,2h 33m,1 Stop,Biz,55.0,14297.11,700
3433,Go Air,Banglore,cochin,2025-07-24,18:00,1h 16m,Non Stop,Economy,2.0,,360
3434,IndiGo,delhi,Bangalore,25/02/2025,10:30,1h 3m,non-stop,BUSINESS,30.0,35391.64,1740
3435,indigo,Mumbai,Hyderabad,2025-11-05,17:30,4h 54m,Non Stop,Eco,16.0,4516.12,620
3436,Vistara,Banglore,Chennai,25/05/2025,7:15,,Non Stop,Eco,38.0,2553.02,290
3437,,Chenai,Mumbai,2025-12-07,14:00,6h 9m,2 stops,economy,12.0,8334.3,1030
3438,Spice Jet,Mumbai,Hyderabad,2025-04-03,12:45,1h 42m,2+ stops,economy,33.0,4998.39,620
3439,AirAsia,Chennai,HYDERABAD,08/14/2025,1:45,2h 34m,,BUSINESS,50.0,10031.42,515
3440,Air India,Bangalore,cochin,30-May-2025,13:45,1h 53m,Non Stop,BUSINESS,16.0,,360
3441,SpiceJet,Bangalore,cochin,02/16/2025,12:30,3h 0m,1 stop,Biz,14.0,7589.85,360
3442,indigo,Bangalore,Kolkata,2025-01-16,17:15,3h 43m,,Biz,14.0,32255.69,1560
3443,IndiGo,Chenai,Bangalore,2025-09-29,19:30,1h 34m,Non Stop,BUSINESS,13.0,5677.64,290
3444,Air India,Kolkata,Chennai,30-Dec-2025,12:15,1h 21m,1 stop,Business,43.0,27608.78,1360
3445,,MUMBAI,Chennai,2025-10-17,2:15,1h 46m,1 Stop,Eco,48.0,8166.45,1030
3446,indigo,Chenai,Hyderabad,16/03/2025,16:15,1h 16m,2 stops,BUSINESS,,11818.14,515
3447,IndiGo,Delhi,Kolkata,02/11/2025,16:15,1h 9m,2+ stops,economy,1.0,12039.04,1300
3448,AIR INDIA,Delhi,Hyderabad,20-May-2025,14:45,,1 Stop,BUSINESS,36.0,29402.71,1260
3449,Spice Jet,Delhi,Mumbai,03-Nov-2025,22:15,0h 37m,2+ stops,Eco,3.0,,1150
3450,SpiceJet,Mumbai,Chennai,2025-09-05,9:30,0h 57m,Non Stop,BUSINESS,46.0,18283.13,1030
3451,IndiGo,Bangalore,Kolkata,27-Jul-2025,16:30,3h 37m,2 stops,Economy,47.0,11594.7,1560
3452,IndiGo,Kolkata,Delhi,2025-08-07,12:45,1h 33m,1 Stop,BUSINESS,5.0,29659.4,1300
3453,Spice Jet,Chennai,Bangalore,05/03/2025,5:30,2h 27m,2 stops,Eco,,2372.79,290
3454,IndiGo,Bangalore,Hyderabad,08/03/2025,12:30,2h 28m,,BUSINESS,11.0,10260.8,500
3455,Vistara,Hyderabad,Mumbai,06/02/2025,16:30,1h 13m,non-stop,BUSINESS,54.0,15692.78,620
3456,IndiGo,Hyderabad,HYDERABAD,01/27/2025,20:45,1h 53m,non-stop,Economy,37.0,6989.72,1030
3457,IndiGo,Delhi,Hyderabad,23/08/2025,16:15,2h 53m,1 stop,Eco,57.0,8338.09,1260
3458,IndiGo,delhi,Mumbai,12/02/2025,7:45,4h 56m,1 Stop,BUSINESS,24.0,24853.06,1150
3459,GoAir,Delhi,Kolkata,06/04/2025,2:45,0h 54m,2 stops,Business,14.0,26950.22,1300
3460,Spice Jet,Mumbai,Kolkata,19-Jun-2025,1:15,6h 8m,1 stop,Biz,31.0,33117.43,1650
3461,SpiceJet,Chenai,Mumbai,2025-11-13,0:00,3h 46m,1 stop,BUSINESS,14.0,23222.7,1030
3462,,Hyderabad,Cochin,03/28/2025,8:45,3h 30m,,Business,10.0,15613.0,700
3463,,Hyderabad,Mumbai,10/28/2025,9:30,2h 46m,2+ stops,Business,60.0,12268.99,620
3464,GoAir,Hyderabad,Cochin,29-Jun-2025,12:15,5h 43m,2+ stops,Economy,16.0,5750.19,700
3465,indigo,Chennai,HYDERABAD,2025-01-08,12:00,1h 40m,2+ stops,Biz,41.0,11222.99,515
3466,Vistara,Chennai,Kolkata,01/30/2025,1:15,1h 25m,non-stop,Eco,3.0,12051.58,1360
3467,SpiceJet,MUMBAI,Bangalore,2025-04-11,18:45,2h 17m,non-stop,Business,18.0,17823.01,840
3468,AirAsia,Mumbai,Kolkata,03-Apr-2025,8:30,3h 51m,1 Stop,BUSINESS,48.0,29749.13,1650
3469,IndiGo,Banglore,Chennai,02-Aug-2025,6:15,1h 53m,2 stops,,1.0,6592.09,290
3470,SpiceJet,Kolkata,Delhi,2025-04-18,12:00,1h 25m,non-stop,BUSINESS,5.0,24364.57,1300
3471,IndiGo,Hyderabad,Chennai,09-Sep-2025,6:45,2h 10m,Non Stop,Economy,31.0,3830.8,515
3472,Go Air,Banglore,Bangalore,2025-03-04,8:30,1h 51m,non-stop,Eco,11.0,,1030
3473,indigo,Hyderabad,HYDERABAD,06/23/2025,17:30,2h 41m,Non Stop,economy,53.0,6671.38,1030
3474,indigo,Bangalore,cochin,2025-05-08,11:30,2h 18m,1 stop,Business,35.0,7536.4,360
3475,Go Air,Mumbai,Kolkata,10/14/2025,20:30,3h 24m,,Biz,9.0,32655.31,1650
3476,AirAsia,Chenai,HYDERABAD,02-Jan-2025,6:15,0h 54m,1 stop,economy,8.0,3708.79,515
3477,Spice Jet,Hyderabad,Chennai,17-Dec-2025,8:30,4h 14m,non-stop,Eco,35.0,,515
3478,Air India,Banglore,Delhi,2025-12-30,12:00,2h 26m,non-stop,BUSINESS,18.0,36030.77,1740
3479,AIR INDIA,Chennai,HYDERABAD,02/24/2025,6:00,1h 27m,Non Stop,Eco,47.0,3725.7,515
3480,AIR INDIA,MUMBAI,cochin,03-Nov-2025,12:15,3h 8m,non-stop,BUSINESS,46.0,19278.44,860
3481,AIR INDIA,delhi,cochin,08/26/2025,1:00,1h 53m,Non Stop,Business,18.0,44144.64,2100
3482,Go Air,Hyderabad,Mumbai,23-Jan-2025,17:30,4h 22m,,Business,42.0,12229.02,620
3483,,Kolkata,HYDERABAD,13-Feb-2025,7:15,2h 42m,non-stop,Economy,27.0,8477.04,1190
3484,IndiGo,Kolkata,Mumbai,2025-07-29,9:45,1h 43m,2+ stops,Eco,2.0,14680.28,1650
3485,Air India,Banglore,Delhi,2025-12-12,6:15,6h 53m,2+ stops,Biz,29.0,46102.02,1740
3486,SpiceJet,Banglore,Hyderabad,06-Sep-2025,23:00,1h 47m,Non Stop,Economy,51.0,,500
3487,GoAir,Banglore,Bangalore,12-Jul-2025,13:45,2h 6m,non-stop,Biz,30.0,18707.13,1030
3488,SpiceJet,Chenai,cochin,2025-08-28,19:00,2h 52m,Non Stop,,,3493.1,500
3489,Go Air,Banglore,Hyderabad,2025-03-31,2:30,3h 38m,non-stop,Economy,23.0,3646.67,500
3490,IndiGo,Mumbai,Chennai,03/29/2025,21:45,6h 37m,2+ stops,Business,18.0,23923.63,1030
3491,Vistara,MUMBAI,Mumbai,01/06/2025,14:45,1h 33m,2 stops,Biz,56.0,24092.81,1030
3492,GoAir,Kolkata,Hyderabad,01/04/2025,2:45,2h 7m,,Biz,7.0,25211.08,1190
3493,indigo,Delhi,Hyderabad,2025-04-23,16:30,6h 0m,non-stop,economy,46.0,8999.62,1260
3494,AIR INDIA,Hyderabad,Cochin,16/04/2025,0:30,3h 28m,2 stops,Eco,42.0,6234.71,700
3495,Vistara,Hyderabad,Bangalore,02/21/2025,6:15,1h 0m,,BUSINESS,19.0,13555.54,500
3496,Go Air,Chennai,Delhi,11/07/2025,17:30,2h 42m,,Economy,45.0,11325.14,1760
3497,AirAsia,Mumbai,Hyderabad,14/11/2025,7:30,3h 4m,2 stops,Business,48.0,12676.05,620
3498,SpiceJet,delhi,Kolkata,03/24/2025,21:45,1h 52m,,BUSINESS,29.0,25287.22,1300
3499,Vistara,Bangalore,Mumbai,03/06/2025,17:00,0h 53m,,BUSINESS,,21038.69,840
3500,IndiGo,Mumbai,Cochin,03/15/2025,21:45,5h 6m,1 stop,Business,6.0,20773.57,860
3501,Vistara,delhi,Bangalore,29-Jun-2025,6:00,2h 38m,,Economy,16.0,15210.17,1740
3502,AirAsia,Hyderabad,Mumbai,24/05/2025,3:00,0h 46m,1 Stop,Biz,32.0,11786.29,620
3503,indigo,MUMBAI,Bangalore,07/18/2025,5:00,0h 50m,1 Stop,BUSINESS,44.0,16229.31,840
3504,Go Air,Chennai,Mumbai,03/27/2025,22:00,2h 40m,,Economy,52.0,6106.12,1030
3505,IndiGo,Banglore,Chennai,09/21/2025,15:00,2h 47m,2+ stops,Biz,58.0,6468.67,290
3506,SpiceJet,Chenai,Bangalore,17-Oct-2025,23:45,0h 57m,,BUSINESS,13.0,6848.73,290
3507,IndiGo,delhi,Hyderabad,2025-09-07,19:15,0h 43m,Non Stop,Economy,50.0,7973.75,1260
3508,Air India,Hyderabad,HYDERABAD,04-Jun-2025,12:45,3h 38m,,Economy,15.0,8918.05,1030
3509,AirAsia,Hyderabad,Kolkata,04/22/2025,17:00,1h 32m,,economy,43.0,7847.36,1190
3510,Vistara,delhi,Mumbai,12-Apr-2025,7:30,5h 44m,1 Stop,Eco,18.0,9714.59,1150
3511,IndiGo,Delhi,Chennai,29-Jan-2025,11:30,1h 51m,Non Stop,Business,10.0,39784.18,1760
3512,Go Air,Banglore,HYDERABAD,2025-04-02,9:30,3h 52m,2+ stops,economy,45.0,3244.67,500
3513,AirAsia,Hyderabad,cochin,12/18/2025,16:00,5h 5m,2+ stops,economy,58.0,4676.77,700
3514,Air India,Chenai,Bangalore,15/06/2025,2:45,1h 19m,2 stops,economy,58.0,2317.88,290
3515,AIR INDIA,Chenai,Cochin,19-Jan-2025,14:15,0h 45m,,Economy,17.0,3958.79,500
3516,Vistara,Chenai,Mumbai,04-Aug-2025,20:45,1h 17m,,economy,12.0,8838.43,1030
3517,Air India,Hyderabad,Chennai,08-Sep-2025,21:00,4h 35m,1 stop,economy,52.0,4331.15,515
3518,Air India,Chennai,Hyderabad,20-Sep-2025,14:30,,,economy,37.0,4256.36,515
3519,AIR INDIA,Delhi,Kolkata,23/02/2025,13:45,1h 25m,1 Stop,Economy,35.0,10217.11,1300
3520,Spice Jet,delhi,Chennai,06/22/2025,17:30,7h 6m,,Economy,43.0,11250.48,1760
3521,indigo,Chennai,HYDERABAD,07/29/2025,16:15,2h 52m,1 stop,Biz,40.0,10010.51,515
3522,Go Air,Banglore,Delhi,03-Aug-2025,21:30,2h 57m,,BUSINESS,54.0,32274.88,1740
3523,Vistara,Kolkata,cochin,2025-08-18,21:00,1h 1m,2+ stops,Eco,56.0,14462.21,1900
3524,IndiGo,Mumbai,Cochin,11/08/2025,18:30,2h 22m,2 stops,Economy,33.0,5947.73,860
3525,AirAsia,Hyderabad,Mumbai,01/21/2025,5:00,0h 57m,Non Stop,BUSINESS,25.0,12125.38,620
3526,Go Air,Delhi,Hyderabad,03/22/2025,19:30,0h 44m,1 Stop,economy,12.0,9476.66,1260
3527,Go Air,Chennai,Hyderabad,17-Sep-2025,6:45,1h 11m,2+ stops,,53.0,,515
3528,Spice Jet,Chenai,Chennai,04/02/2025,3:30,5h 57m,Non Stop,BUSINESS,35.0,19964.5,1030
3529,GoAir,Hyderabad,HYDERABAD,14-Mar-2025,4:00,1h 51m,1 stop,economy,41.0,7043.32,1030
3530,Spice Jet,Hyderabad,Mumbai,08/28/2025,17:30,6h 20m,Non Stop,Business,8.0,14176.08,620
3531,indigo,Hyderabad,Chennai,03/02/2025,6:15,3h 22m,Non Stop,BUSINESS,42.0,9948.87,515
3532,Air India,Chenai,Delhi,03-Aug-2025,1:15,3h 52m,1 Stop,Biz,34.0,41774.3,1760
3533,indigo,Bangalore,HYDERABAD,29-Apr-2025,23:30,2h 56m,2 stops,Economy,31.0,4159.61,500
3534,GoAir,Chenai,Delhi,08/08/2025,3:30,4h 7m,Non Stop,BUSINESS,45.0,33155.41,1760
3535,indigo,Delhi,cochin,07/11/2025,8:45,3h 6m,2 stops,Economy,28.0,15779.2,2100
3536,GoAir,Mumbai,Cochin,09-May-2025,8:00,,Non Stop,economy,21.0,6310.39,860
3537,SpiceJet,Mumbai,Kolkata,18-Jun-2025,14:00,5h 31m,Non Stop,Eco,34.0,11054.89,1650
3538,SpiceJet,Banglore,Delhi,02/03/2025,11:15,2h 33m,2 stops,Biz,1.0,35231.7,1740
3539,GoAir,Mumbai,Delhi,28/09/2025,7:30,2h 8m,Non Stop,Economy,,8109.91,1150
3540,Vistara,Banglore,Cochin,05/11/2025,1:00,2h 53m,1 stop,Economy,54.0,2929.95,360
3541,SpiceJet,Chenai,Kolkata,2025-04-16,2:30,2h 16m,2 stops,Eco,54.0,9761.89,1360
3542,Air India,Banglore,cochin,16/06/2025,12:45,,Non Stop,Economy,25.0,2962.62,360
3543,AIR INDIA,Chennai,Bangalore,24/08/2025,9:45,0h 36m,1 stop,Business,54.0,6771.12,290
3544,SpiceJet,Chennai,HYDERABAD,02/08/2025,20:15,5h 34m,1 Stop,Economy,32.0,4378.91,515
3545,SpiceJet,Kolkata,cochin,2025-01-13,21:30,2h 11m,2 stops,BUSINESS,18.0,41387.56,1900
3546,indigo,Mumbai,Cochin,14-May-2025,19:45,4h 4m,Non Stop,BUSINESS,50.0,17089.91,860
3547,Vistara,MUMBAI,Cochin,05/07/2025,22:15,2h 42m,2+ stops,BUSINESS,39.0,21977.93,860
3548,IndiGo,MUMBAI,Bangalore,2025-01-09,15:30,4h 16m,2 stops,BUSINESS,35.0,16154.2,840
3549,IndiGo,delhi,HYDERABAD,26/04/2025,22:15,2h 27m,1 Stop,Eco,9.0,9671.11,1260
3550,SpiceJet,delhi,Bangalore,2025-06-04,9:15,2h 15m,1 stop,Eco,24.0,11158.79,1740
3551,Spice Jet,Bangalore,Mumbai,18-Nov-2025,20:15,1h 53m,1 Stop,Business,30.0,16976.92,840
3552,IndiGo,Mumbai,Hyderabad,26-Jul-2025,17:00,1h 14m,1 stop,BUSINESS,16.0,12654.42,620
3553,SpiceJet,Chenai,Cochin,2025-01-07,9:15,,2 stops,Eco,32.0,3524.9,500
3554,indigo,Delhi,Chennai,28-Aug-2025,8:00,4h 39m,2+ stops,Eco,30.0,15080.98,1760
3555,GoAir,delhi,Hyderabad,01/11/2025,17:15,3h 28m,2 stops,BUSINESS,17.0,28245.14,1260
3556,IndiGo,Chennai,Mumbai,27/05/2025,16:15,3h 54m,Non Stop,BUSINESS,19.0,21439.59,1030
3557,AIR INDIA,MUMBAI,Hyderabad,03-Nov-2025,17:45,0h 47m,2+ stops,Business,7.0,16378.62,620
3558,AIR INDIA,MUMBAI,Delhi,2025-10-31,22:15,1h 43m,,Business,3.0,27371.63,1150
3559,AirAsia,Bangalore,Hyderabad,2025-05-12,20:30,1h 3m,1 stop,Economy,9.0,3745.01,500
3560,Go Air,Delhi,Kolkata,06/09/2025,4:00,3h 43m,,economy,51.0,8052.65,1300
3561,Go Air,Hyderabad,Mumbai,02/07/2025,11:30,2h 17m,1 Stop,Economy,21.0,4786.61,620
3562,AIR INDIA,Chennai,Kolkata,11/13/2025,0:15,2h 1m,1 stop,Economy,39.0,10089.0,1360
3563,IndiGo,Bangalore,Hyderabad,2025-07-20,22:00,1h 55m,,Economy,11.0,3940.03,500
3564,AirAsia,MUMBAI,Hyderabad,04/02/2025,11:15,4h 35m,,Business,,12142.42,620
3565,indigo,Delhi,Hyderabad,17-Mar-2025,22:30,2h 43m,2+ stops,Biz,30.0,27562.99,1260
3566,Spice Jet,Delhi,Kolkata,04-Jul-2025,19:00,5h 31m,1 stop,Eco,60.0,8681.34,1300
3567,Air India,Banglore,cochin,19/02/2025,19:45,2h 46m,2 stops,economy,34.0,3158.36,360
3568,AirAsia,Chennai,HYDERABAD,14-Mar-2025,21:00,3h 27m,1 Stop,Biz,24.0,10532.0,515
3569,SpiceJet,Banglore,HYDERABAD,04/21/2025,7:45,7h 4m,1 Stop,Biz,34.0,11310.25,500
3570,Air India,Mumbai,Hyderabad,01/15/2025,20:15,6h 18m,,Economy,56.0,4869.62,620
3571,Spice Jet,Kolkata,Hyderabad,20-Mar-2025,14:45,5h 19m,1 stop,Economy,6.0,8918.11,1190
3572,indigo,Chenai,Delhi,02/28/2025,20:00,3h 15m,2 stops,Eco,45.0,12942.98,1760
3573,SpiceJet,Chenai,Bangalore,18-Feb-2025,18:15,9h 12m,1 Stop,Biz,9.0,6891.46,290
3574,Go Air,Kolkata,Delhi,18-May-2025,17:45,4h 49m,,Biz,47.0,25013.16,1300
3575,SpiceJet,Banglore,Cochin,31/03/2025,20:15,1h 15m,,Business,25.0,7744.23,360
3576,Go Air,Mumbai,Chennai,2025-08-18,9:15,2h 4m,2+ stops,Business,21.0,23769.72,1030
3577,Vistara,Chenai,cochin,22-Apr-2025,3:00,3h 30m,,Economy,38.0,4173.95,500
3578,Vistara,MUMBAI,Cochin,19/07/2025,5:30,1h 37m,2+ stops,economy,24.0,7251.99,860
3579,Vistara,Chenai,HYDERABAD,2025-11-01,11:30,2h 40m,2+ stops,Biz,43.0,12660.47,515
3580,indigo,Hyderabad,Chennai,05/25/2025,23:00,2h 32m,1 stop,Biz,53.0,9788.66,515
3581,indigo,Delhi,Mumbai,13/12/2025,20:15,10h 20m,non-stop,BUSINESS,,24571.47,1150
3582,,Mumbai,Bangalore,2025-12-31,20:45,1h 28m,1 Stop,Eco,4.0,6100.06,840
3583,AirAsia,MUMBAI,Hyderabad,07/03/2025,8:00,1h 9m,non-stop,Eco,5.0,4876.18,620
3584,SpiceJet,Chennai,Delhi,20/07/2025,16:15,2h 17m,1 Stop,Biz,34.0,37055.88,1760
3585,Air India,Mumbai,Hyderabad,30/11/2025,13:30,0h 36m,Non Stop,BUSINESS,25.0,13656.14,620
3586,GoAir,delhi,Kolkata,25-May-2025,1:30,6h 35m,,Eco,52.0,9077.41,1300
3587,Air India,Delhi,Chennai,2025-01-15,22:15,4h 34m,,Business,55.0,33343.63,1760
3588,GoAir,Chennai,cochin,03/24/2025,17:00,4h 57m,1 stop,Economy,,4486.96,500
3589,SpiceJet,Delhi,HYDERABAD,2025-01-26,21:30,1h 43m,2+ stops,Eco,41.0,8723.93,1260
3590,Air India,delhi,Bangalore,01-Mar-2025,19:15,2h 39m,1 Stop,Eco,4.0,14170.86,1740
3591,Air India,delhi,Kolkata,06-Dec-2025,3:00,1h 27m,2+ stops,Biz,56.0,26154.5,1300
3592,AirAsia,Hyderabad,Cochin,09/03/2025,17:45,6h 47m,1 Stop,Economy,26.0,5389.81,700
3593,Air India,Banglore,Bangalore,2025-01-17,8:15,1h 24m,Non Stop,economy,44.0,6903.43,1030
3594,Vistara,Banglore,Bangalore,04/29/2025,0:30,2h 36m,1 Stop,Eco,53.0,7940.61,1030
3595,Spice Jet,MUMBAI,Mumbai,08-Apr-2025,6:00,0h 34m,1 Stop,Eco,48.0,6462.4,1030
3596,Go Air,Banglore,Delhi,11-Jul-2025,10:00,1h 34m,1 Stop,Eco,20.0,11016.52,1740
3597,AirAsia,delhi,Delhi,13/04/2025,14:15,3h 32m,,Eco,40.0,6426.64,1030
3598,Spice Jet,Chennai,Delhi,10/20/2025,5:15,10h 22m,2 stops,Business,50.0,35469.37,1760
3599,Vistara,Delhi,Hyderabad,02/01/2025,12:00,1h 34m,,Biz,15.0,28194.29,1260
3600,indigo,Kolkata,HYDERABAD,25-Apr-2025,8:15,1h 22m,2 stops,BUSINESS,19.0,25420.25,1190
3601,Go Air,Mumbai,Chennai,31-Jul-2025,4:15,1h 54m,,,31.0,7250.56,1030
3602,AirAsia,Mumbai,Delhi,14-Feb-2025,21:30,0h 36m,Non Stop,Business,22.0,24373.14,1150
3603,Air India,delhi,Chennai,02/07/2025,9:45,3h 43m,1 stop,Economy,44.0,13473.41,1760
3604,AirAsia,Banglore,Bangalore,2025-10-23,9:00,4h 10m,1 Stop,economy,15.0,6846.69,1030
3605,AirAsia,Kolkata,HYDERABAD,24/03/2025,16:00,3h 10m,non-stop,Eco,35.0,7301.99,1190
3606,SpiceJet,Delhi,Chennai,12/19/2025,0:30,6h 36m,2 stops,Eco,14.0,13336.62,1760
3607,Air India,Hyderabad,HYDERABAD,24-Sep-2025,8:30,1h 37m,1 stop,BUSINESS,14.0,23722.78,1030
3608,indigo,Banglore,Bangalore,08/04/2025,11:00,2h 29m,non-stop,BUSINESS,31.0,21768.87,1030
3609,Air India,Hyderabad,Mumbai,18/10/2025,0:45,3h 7m,,BUSINESS,59.0,13359.03,620
3610,Air India,Chennai,Bangalore,2025-06-26,13:15,4h 51m,1 stop,Business,12.0,7855.43,290
3611,indigo,Hyderabad,Bangalore,2025-05-12,10:30,1h 52m,2 stops,Business,10.0,11501.83,500
3612,,Banglore,Hyderabad,05/24/2025,19:15,0h 52m,2+ stops,Business,60.0,11406.85,500
3613,GoAir,Delhi,Cochin,08/25/2025,21:15,3h 11m,2+ stops,Economy,44.0,14353.5,2100
3614,AIR INDIA,delhi,Chennai,23-Jan-2025,14:00,2h 53m,,Eco,36.0,12533.57,1760
3615,AIR INDIA,Chenai,Chennai,2025-01-22,1:30,1h 23m,2+ stops,Biz,2.0,30616.26,1030
3616,SpiceJet,Banglore,Mumbai,31/12/2025,15:30,3h 37m,2 stops,economy,38.0,5487.6,840
3617,SpiceJet,MUMBAI,cochin,08/29/2025,23:00,1h 50m,non-stop,Eco,57.0,5145.95,860
3618,Spice Jet,MUMBAI,Mumbai,04/29/2025,7:30,1h 36m,,Economy,5.0,7280.39,1030
3619,Air India,Chennai,Bangalore,2025-11-30,11:30,,1 Stop,Eco,21.0,2969.9,290
3620,Air India,Bangalore,Cochin,09-Jun-2025,17:45,6h 24m,1 stop,Eco,46.0,3757.14,360
3621,Vistara,Bangalore,Hyderabad,12-Aug-2025,6:15,2h 32m,1 stop,Business,48.0,12437.44,500
3622,Spice Jet,Chenai,Mumbai,2025-03-02,15:30,5h 28m,Non Stop,Economy,11.0,7350.75,1030
3623,indigo,Banglore,Kolkata,05-Oct-2025,1:45,1h 36m,non-stop,Business,5.0,37953.56,1560
3624,AIR INDIA,Chenai,Bangalore,2025-12-22,4:00,,1 Stop,economy,5.0,2734.8,290
3625,Go Air,MUMBAI,Hyderabad,25-Dec-2025,17:45,2h 7m,non-stop,Business,,12467.44,620
3626,Vistara,Hyderabad,Mumbai,2025-02-16,11:45,3h 22m,1 Stop,Biz,4.0,16003.23,620
3627,indigo,Kolkata,Bangalore,09/11/2025,4:45,1h 14m,,Economy,52.0,10369.58,1560
3628,Air India,Hyderabad,Chennai,05/07/2025,19:00,1h 59m,2+ stops,economy,35.0,4455.46,515
3629,SpiceJet,Chenai,Bangalore,05/07/2025,23:15,4h 31m,1 stop,,49.0,5957.28,290
3630,Go Air,Delhi,Hyderabad,23/11/2025,19:45,1h 22m,,Eco,32.0,8666.1,1260
3631,GoAir,Chenai,HYDERABAD,04/16/2025,7:30,1h 7m,2+ stops,Eco,14.0,4175.77,515
3632,Air India,Bangalore,cochin,10/09/2025,19:30,1h 10m,non-stop,Eco,52.0,2762.06,360
3633,indigo,delhi,HYDERABAD,21/09/2025,6:00,5h 42m,2 stops,Biz,54.0,28303.25,1260
3634,GoAir,Delhi,Hyderabad,25/07/2025,15:45,6h 12m,2 stops,Eco,5.0,8022.31,1260
3635,Spice Jet,Chenai,Mumbai,09-May-2025,2:15,2h 30m,1 stop,Economy,33.0,7348.8,1030
3636,indigo,Bangalore,Chennai,17/11/2025,21:45,2h 42m,1 Stop,Economy,20.0,2662.94,290
3637,SpiceJet,Banglore,HYDERABAD,2025-06-12,10:30,2h 53m,,economy,7.0,4259.02,500
3638,Air India,Delhi,Hyderabad,19/03/2025,19:45,1h 41m,2+ stops,economy,50.0,9931.25,1260
3639,Go Air,delhi,Delhi,29-Jan-2025,11:45,3h 50m,Non Stop,Economy,60.0,6445.32,1030
3640,Go Air,Kolkata,Delhi,2025-08-12,23:15,7h 34m,2 stops,economy,54.0,9536.31,1300
3641,,Bangalore,cochin,2025-07-24,8:15,3h 49m,1 Stop,Biz,27.0,8780.03,360
3642,Go Air,delhi,Delhi,15/05/2025,19:45,4h 7m,Non Stop,economy,53.0,6394.67,1030
3643,GoAir,Kolkata,HYDERABAD,2025-06-04,3:30,,,Business,3.0,25332.76,1190
3644,IndiGo,Delhi,Kolkata,08/12/2025,14:45,7h 5m,2 stops,Biz,3.0,33878.37,1300
3645,AirAsia,Banglore,Delhi,11/14/2025,0:00,6h 5m,2+ stops,Biz,3.0,33406.11,1740
3646,AirAsia,Banglore,cochin,29/01/2025,11:00,3h 8m,2 stops,economy,9.0,2874.51,360
3647,Spice Jet,Mumbai,Delhi,2025-07-21,22:45,3h 47m,non-stop,Business,2.0,25785.19,1150
3648,Air India,Banglore,Cochin,2025-11-07,7:00,6h 5m,2 stops,Business,44.0,9393.28,360
3649,SpiceJet,Kolkata,Chennai,2025-08-18,8:30,4h 19m,1 Stop,BUSINESS,6.0,29807.5,1360
3650,Air India,MUMBAI,Cochin,2025-06-29,19:45,1h 21m,Non Stop,Economy,3.0,6734.47,860
3651,Vistara,Chenai,HYDERABAD,31-Mar-2025,11:30,1h 19m,2 stops,BUSINESS,33.0,11957.48,515
3652,AirAsia,delhi,Mumbai,06-Jun-2025,13:15,2h 21m,1 stop,Economy,,7290.38,1150
3653,SpiceJet,Hyderabad,Bangalore,2025-11-16,1:00,7h 30m,1 Stop,Biz,52.0,11035.56,500
3654,SpiceJet,Chennai,Delhi,17/12/2025,16:15,1h 40m,Non Stop,Economy,56.0,10177.1,1760
3655,IndiGo,Banglore,Kolkata,20-Feb-2025,20:45,3h 21m,,economy,34.0,11186.8,1560
3656,Go Air,Banglore,Hyderabad,09-Mar-2025,11:15,3h 7m,non-stop,Economy,59.0,3200.77,500
3657,AirAsia,Chennai,HYDERABAD,04/04/2025,0:00,5h 11m,2 stops,Eco,9.0,4449.23,515
3658,AirAsia,Hyderabad,cochin,2025-08-09,4:30,1h 30m,2 stops,Economy,54.0,4454.08,700
3659,indigo,Chennai,Hyderabad,12/12/2025,10:15,4h 2m,1 stop,Economy,3.0,4391.85,515
3660,,Chenai,Kolkata,2025-08-25,19:15,,2 stops,economy,25.0,9364.68,1360
3661,Air India,Bangalore,HYDERABAD,2025-08-18,9:15,1h 13m,Non Stop,BUSINESS,39.0,9678.09,500
3662,GoAir,Hyderabad,Kolkata,2025-03-03,19:00,3h 14m,1 stop,Eco,27.0,8194.24,1190
3663,Spice Jet,Chenai,Chennai,25/07/2025,15:00,2h 8m,2+ stops,Business,28.0,20596.31,1030
3664,GoAir,delhi,Cochin,17/08/2025,15:30,2h 19m,non-stop,Eco,43.0,14414.02,2100
3665,Air India,Delhi,Cochin,12/04/2025,14:45,1h 16m,1 stop,economy,1.0,15006.67,2100
3666,Air India,Mumbai,Bangalore,2025-08-18,0:30,1h 59m,,BUSINESS,22.0,18527.41,840
3667,Spice Jet,Chennai,Cochin,08-Jan-2025,4:00,6h 24m,,Biz,1.0,11377.09,500
3668,AirAsia,Delhi,Chennai,06/02/2025,12:45,1h 49m,2+ stops,economy,52.0,11231.36,1760
3669,GoAir,Delhi,Chennai,08-Jul-2025,1:15,2h 8m,,,17.0,11253.69,1760
3670,SpiceJet,delhi,Mumbai,05/30/2025,10:15,1h 9m,,BUSINESS,27.0,21641.65,1150
3671,Go Air,Delhi,Bangalore,10-Jun-2025,0:00,2h 9m,1 Stop,BUSINESS,39.0,30871.99,1740
3672,Air India,MUMBAI,Kolkata,21/11/2025,4:00,1h 11m,,Economy,25.0,12507.38,1650
3673,AIR INDIA,Hyderabad,Kolkata,07/20/2025,22:00,0h 46m,Non Stop,BUSINESS,27.0,28783.97,1190
3674,IndiGo,Chennai,HYDERABAD,23-Jun-2025,3:15,1h 22m,non-stop,Biz,54.0,9879.34,515
3675,GoAir,Delhi,HYDERABAD,11/23/2025,8:30,6h 10m,non-stop,Business,14.0,26594.05,1260
3676,indigo,Bangalore,Hyderabad,2025-10-09,16:30,2h 23m,1 Stop,BUSINESS,33.0,10978.91,500
3677,IndiGo,Delhi,Mumbai,2025-12-06,10:30,2h 17m,Non Stop,economy,40.0,8313.82,1150
3678,Air India,MUMBAI,Bangalore,10/29/2025,0:30,2h 33m,,Eco,27.0,5619.57,840
3679,indigo,Bangalore,HYDERABAD,08/05/2025,1:30,3h 34m,,Economy,,3938.37,500
3680,AIR INDIA,Hyderabad,HYDERABAD,31/10/2025,14:15,1h 24m,1 Stop,Biz,3.0,26854.79,1030
3681,GoAir,Chennai,Bangalore,21/09/2025,3:00,2h 8m,2 stops,Economy,36.0,2275.5,290
3682,Air India,Hyderabad,Chennai,2025-04-17,11:15,2h 19m,non-stop,Business,60.0,11603.28,515
3683,AIR INDIA,Delhi,Kolkata,02-Aug-2025,15:45,2h 45m,Non Stop,Economy,50.0,10016.62,1300
3684,Vistara,delhi,cochin,2025-01-13,20:00,2h 55m,Non Stop,Economy,46.0,14811.71,2100
3685,IndiGo,Bangalore,Cochin,2025-11-21,1:30,1h 55m,2 stops,,45.0,2818.61,360
3686,Spice Jet,Hyderabad,HYDERABAD,08/13/2025,13:00,2h 4m,1 stop,Biz,6.0,20518.15,1030
3687,Air India,Mumbai,Cochin,07/16/2025,0:00,5h 9m,1 Stop,economy,4.0,7254.15,860
3688,GoAir,Bangalore,Hyderabad,04/23/2025,8:00,2h 32m,1 stop,BUSINESS,,9293.18,500
3689,AIR INDIA,delhi,Hyderabad,2025-04-11,0:15,1h 4m,,Economy,19.0,10207.21,1260
3690,indigo,Mumbai,cochin,19-Nov-2025,3:00,3h 25m,,economy,32.0,5864.74,860
3691,AirAsia,Chenai,Cochin,2025-01-12,3:45,3h 16m,Non Stop,,37.0,9560.62,500
3692,Spice Jet,Hyderabad,cochin,22/04/2025,4:45,4h 10m,1 stop,Biz,48.0,14120.25,700
3693,SpiceJet,Mumbai,Cochin,31-Aug-2025,7:30,2h 1m,1 stop,Biz,23.0,15781.48,860
3694,AirAsia,Chennai,Bangalore,27/08/2025,0:30,1h 51m,non-stop,economy,26.0,2367.12,290
3695,Go Air,Bangalore,Mumbai,2025-04-01,18:30,2h 16m,2 stops,Biz,32.0,17618.84,840
3696,Go Air,Bangalore,Cochin,06/04/2025,15:00,2h 48m,Non Stop,Biz,32.0,7375.61,360
3697,indigo,Mumbai,Hyderabad,09/10/2025,9:45,3h 46m,1 stop,Biz,8.0,13452.45,620
3698,Air India,MUMBAI,Kolkata,06/02/2025,20:15,4h 48m,Non Stop,Economy,23.0,13054.24,1650
3699,SpiceJet,Banglore,cochin,2025-12-20,6:15,0h 49m,2 stops,BUSINESS,4.0,8737.45,360
3700,SpiceJet,Kolkata,cochin,07-Dec-2025,3:45,2h 12m,Non Stop,BUSINESS,36.0,35091.92,1900
3701,AIR INDIA,Chennai,Mumbai,14/10/2025,16:45,2h 14m,non-stop,Economy,52.0,8187.02,1030
3702,indigo,Chennai,Kolkata,12/09/2025,5:45,0h 51m,1 stop,BUSINESS,10.0,29847.55,1360
3703,Air India,Bangalore,cochin,2025-04-04,11:00,3h 38m,,Business,44.0,8830.57,360
3704,Vistara,Chenai,Cochin,11/21/2025,1:30,1h 28m,1 Stop,economy,3.0,4596.53,500
3705,SpiceJet,MUMBAI,Kolkata,2025-05-04,19:00,2h 25m,,Economy,37.0,11383.72,1650
3706,Go Air,Banglore,Delhi,2025-12-07,7:15,5h 44m,2+ stops,Eco,5.0,12261.14,1740
3707,Go Air,Bangalore,Cochin,26/04/2025,15:30,2h 1m,1 Stop,economy,5.0,2965.14,360
3708,Vistara,Chenai,Kolkata,11/10/2025,1:15,2h 36m,2+ stops,BUSINESS,4.0,35229.24,1360
3709,Spice Jet,Mumbai,Cochin,11/29/2025,18:45,1h 29m,2+ stops,Eco,44.0,5921.05,860
3710,SpiceJet,delhi,Hyderabad,10/14/2025,9:15,0h 52m,Non Stop,BUSINESS,21.0,26973.67,1260
3711,indigo,delhi,Chennai,2025-12-08,10:15,2h 26m,,Biz,38.0,35324.11,1760
3712,SpiceJet,MUMBAI,Hyderabad,2025-09-14,10:15,1h 20m,Non Stop,Economy,33.0,3960.09,620
3713,SpiceJet,MUMBAI,Delhi,10/02/2025,20:15,1h 19m,2+ stops,BUSINESS,20.0,24843.04,1150
3714,Vistara,Banglore,HYDERABAD,23-Sep-2025,22:45,1h 3m,non-stop,Economy,43.0,3595.1,500
3715,Vistara,Hyderabad,Delhi,01/23/2025,6:30,1h 49m,non-stop,Business,21.0,31289.25,1260
3716,IndiGo,Chenai,HYDERABAD,01-May-2025,16:30,2h 10m,1 Stop,Biz,10.0,11124.16,515
3717,,Kolkata,Bangalore,09/01/2025,0:30,3h 24m,1 stop,,16.0,12021.86,1560
3718,indigo,Hyderabad,Cochin,05/20/2025,21:00,2h 19m,2+ stops,Economy,36.0,6047.24,700
3719,Go Air,Kolkata,Delhi,2025-05-02,20:00,4h 23m,,economy,21.0,8861.2,1300
3720,Go Air,Chennai,HYDERABAD,06/02/2025,21:45,1h 51m,2+ stops,Biz,30.0,11460.1,515
3721,IndiGo,delhi,Kolkata,07-Nov-2025,19:15,7h 32m,2+ stops,Biz,28.0,28202.29,1300
3722,Spice Jet,Mumbai,HYDERABAD,09/25/2025,20:00,0h 52m,1 Stop,Business,50.0,13489.13,620
3723,Air India,Banglore,Kolkata,2025-04-01,5:45,1h 46m,2 stops,economy,18.0,13560.79,1560
3724,IndiGo,Chenai,Chennai,2025-03-10,19:30,,Non Stop,Economy,9.0,7563.73,1030
3725,indigo,Kolkata,cochin,03/10/2025,7:00,5h 11m,2 stops,Eco,54.0,12768.79,1900
3726,GoAir,Banglore,Hyderabad,2025-12-17,13:45,1h 49m,2+ stops,Economy,49.0,3682.79,500
3727,AIR INDIA,Banglore,HYDERABAD,01-Nov-2025,14:45,3h 37m,,Eco,59.0,3913.46,500
3728,AirAsia,MUMBAI,Cochin,2025-04-26,12:45,4h 1m,,economy,47.0,6342.49,860
3729,Vistara,Hyderabad,Mumbai,02/28/2025,5:15,2h 22m,2+ stops,economy,1.0,5607.33,620
3730,SpiceJet,Hyderabad,Bangalore,08-Jun-2025,23:15,4h 42m,,Eco,46.0,3830.57,500
3731,AIR INDIA,Banglore,Bangalore,27-Jan-2025,10:30,2h 9m,1 Stop,Biz,25.0,23562.34,1030
3732,Air India,Chennai,Bangalore,09/07/2025,19:00,3h 31m,2 stops,BUSINESS,25.0,7328.22,290
3733,AirAsia,MUMBAI,Chennai,31-Oct-2025,22:00,1h 20m,1 Stop,economy,49.0,6355.9,1030
3734,AirAsia,Chennai,Mumbai,11/05/2025,2:30,4h 50m,non-stop,Biz,44.0,18068.71,1030
3735,Air India,MUMBAI,Mumbai,16-Nov-2025,4:00,2h 48m,,BUSINESS,27.0,24753.38,1030
3736,indigo,Bangalore,Kolkata,2025-06-04,0:30,5h 20m,1 stop,,58.0,10980.46,1560
3737,GoAir,Banglore,Delhi,01/16/2025,5:30,3h 12m,Non Stop,BUSINESS,5.0,35362.18,1740
3738,Vistara,MUMBAI,Mumbai,20-May-2025,15:15,0h 54m,,BUSINESS,38.0,19210.51,1030
3739,indigo,Mumbai,Chennai,07/08/2025,15:15,1h 21m,1 stop,economy,32.0,7528.61,1030
3740,Vistara,Chennai,Cochin,04/14/2025,5:45,3h 54m,2 stops,BUSINESS,22.0,11586.33,500
3741,Vistara,delhi,Bangalore,06/06/2025,12:15,1h 57m,,economy,24.0,14530.05,1740
3742,GoAir,Chennai,Bangalore,11-Jan-2025,15:00,1h 34m,2+ stops,BUSINESS,12.0,7312.24,290
3743,IndiGo,Hyderabad,Bangalore,05/31/2025,9:15,2h 32m,,Business,41.0,9862.25,500
3744,Air India,Bangalore,Kolkata,12-Apr-2025,22:45,1h 33m,Non Stop,BUSINESS,45.0,31599.83,1560
3745,GoAir,Hyderabad,HYDERABAD,21-Mar-2025,8:45,2h 44m,,BUSINESS,14.0,20268.04,1030
3746,AirAsia,Banglore,Cochin,05/26/2025,18:30,0h 55m,,BUSINESS,58.0,6967.86,360
3747,Spice Jet,Hyderabad,Delhi,06/26/2025,5:15,3h 58m,Non Stop,economy,39.0,8312.09,1260
3748,Vistara,Chenai,Kolkata,2025-09-06,9:00,4h 45m,2 stops,BUSINESS,18.0,37913.98,1360
3749,Go Air,MUMBAI,Chennai,15/03/2025,1:00,1h 38m,1 Stop,Eco,19.0,7343.15,1030
3750,Spice Jet,Bangalore,Hyderabad,10/06/2025,2:30,2h 7m,1 stop,,57.0,9617.06,500
3751,GoAir,MUMBAI,Bangalore,12/17/2025,9:45,1h 40m,non-stop,Economy,45.0,5343.4,840
3752,Spice Jet,Kolkata,Cochin,10/27/2025,10:15,3h 6m,1 stop,BUSINESS,45.0,37800.84,1900
3753,AirAsia,Chenai,Kolkata,07/10/2025,17:00,5h 4m,2+ stops,Eco,3.0,9396.57,1360
3754,AirAsia,Bangalore,Kolkata,07/04/2025,1:45,2h 39m,1 Stop,Economy,50.0,9628.22,1560
3755,Go Air,Mumbai,Kolkata,05-Jul-2025,0:30,3h 32m,Non Stop,Biz,42.0,29579.19,1650
3756,Air India,Kolkata,Mumbai,05/23/2025,1:45,1h 49m,1 stop,,4.0,14074.26,1650
3757,Air India,Banglore,Cochin,2025-07-16,1:00,4h 40m,,Biz,32.0,8524.06,360
3758,GoAir,Chenai,Chennai,30/06/2025,2:15,,2 stops,BUSINESS,50.0,18645.16,1030
3759,SpiceJet,Bangalore,HYDERABAD,26-Mar-2025,16:45,2h 57m,2+ stops,Business,41.0,10801.15,500
3760,indigo,Bangalore,cochin,11/17/2025,6:30,2h 49m,2+ stops,BUSINESS,37.0,7844.23,360
3761,Vistara,delhi,Hyderabad,01-Aug-2025,20:15,4h 15m,Non Stop,economy,56.0,8159.2,1260
3762,Go Air,Delhi,Cochin,27-Mar-2025,10:45,3h 39m,1 Stop,economy,10.0,15324.74,2100
3763,Spice Jet,Chennai,Bangalore,2025-01-18,19:15,1h 17m,2 stops,economy,3.0,2585.69,290
3764,Vistara,Bangalore,Hyderabad,10/09/2025,17:30,3h 8m,,Eco,33.0,4473.05,500
3765,Spice Jet,MUMBAI,HYDERABAD,20-Sep-2025,17:45,2h 32m,,Eco,40.0,,620
3766,AirAsia,Mumbai,Chennai,03/10/2025,1:00,1h 54m,2 stops,Biz,10.0,20508.08,1030
3767,Vistara,Chennai,Delhi,19-Jan-2025,12:15,3h 51m,1 Stop,economy,35.0,12712.28,1760
3768,IndiGo,Mumbai,Cochin,06/17/2025,11:15,2h 56m,2+ stops,Biz,54.0,18346.14,860
3769,Vistara,Hyderabad,HYDERABAD,27-Jan-2025,17:15,0h 59m,non-stop,BUSINESS,29.0,22577.17,1030
3770,IndiGo,Bangalore,HYDERABAD,24/06/2025,10:45,2h 15m,2 stops,economy,49.0,3659.14,500
3771,SpiceJet,Kolkata,Cochin,12-Jan-2025,14:45,5h 23m,1 Stop,Business,25.0,38091.64,1900
3772,AIR INDIA,Hyderabad,Delhi,14/11/2025,17:45,2h 51m,2+ stops,BUSINESS,24.0,30183.84,1260
3773,SpiceJet,Chennai,Kolkata,01/04/2025,19:15,,non-stop,Economy,5.0,8559.88,1360
3774,IndiGo,Banglore,Kolkata,22-May-2025,8:30,1h 49m,,Business,57.0,29249.39,1560
3775,GoAir,Hyderabad,Cochin,2025-04-24,9:45,2h 0m,Non Stop,economy,42.0,4258.8,700
3776,AIR INDIA,Kolkata,Mumbai,20/06/2025,0:45,4h 43m,1 stop,BUSINESS,40.0,36732.12,1650
3777,Spice Jet,Chennai,Hyderabad,02/01/2025,9:00,3h 48m,Non Stop,Eco,48.0,3512.74,515
3778,Vistara,Bangalore,Chennai,01-Mar-2025,21:45,1h 33m,Non Stop,BUSINESS,,7238.16,290
3779,AIR INDIA,Chenai,Kolkata,11/02/2025,10:45,2h 11m,Non Stop,BUSINESS,23.0,32714.92,1360
3780,GoAir,Hyderabad,Bangalore,07/11/2025,17:00,1h 21m,1 stop,Eco,15.0,3855.14,500
3781,Go Air,Delhi,Mumbai,02/07/2025,22:15,0h 55m,non-stop,Biz,46.0,18515.64,1150
3782,indigo,delhi,Chennai,2025-08-23,23:15,6h 23m,1 Stop,BUSINESS,,40268.6,1760
3783,GoAir,Hyderabad,Cochin,15/11/2025,3:15,1h 48m,,Economy,31.0,5333.03,700
3784,IndiGo,delhi,Bangalore,20-Mar-2025,1:00,2h 58m,non-stop,Economy,30.0,11933.54,1740
3785,GoAir,Bangalore,Cochin,31-Oct-2025,17:15,5h 19m,1 stop,Biz,29.0,8241.32,360
3786,Air India,MUMBAI,Kolkata,06/06/2025,23:00,4h 33m,Non Stop,BUSINESS,3.0,36978.1,1650
3787,SpiceJet,Hyderabad,Mumbai,2025-04-05,3:00,5h 16m,2+ stops,Business,16.0,12760.18,620
3788,IndiGo,delhi,Hyderabad,09/10/2025,9:00,2h 11m,1 Stop,Business,,25103.76,1260
3789,,MUMBAI,Chennai,2025-02-03,5:30,1h 35m,Non Stop,Economy,21.0,8078.47,1030
3790,IndiGo,Mumbai,Hyderabad,25/03/2025,15:15,3h 33m,,Eco,38.0,4313.18,620
3791,indigo,Bangalore,Chennai,07/05/2025,19:45,2h 17m,Non Stop,Economy,20.0,2427.73,290
3792,IndiGo,Hyderabad,cochin,2025-02-13,3:00,1h 1m,1 Stop,BUSINESS,9.0,15578.4,700
3793,SpiceJet,MUMBAI,Mumbai,2025-05-19,0:45,2h 18m,Non Stop,BUSINESS,31.0,19021.78,1030
3794,AirAsia,delhi,cochin,01/30/2025,16:45,5h 14m,Non Stop,economy,46.0,12226.52,2100
3795,Vistara,MUMBAI,Hyderabad,2025-01-03,17:30,1h 49m,2+ stops,Business,45.0,15328.15,620
3796,,Kolkata,HYDERABAD,03-May-2025,15:15,2h 6m,2+ stops,Eco,44.0,8653.32,1190
3797,GoAir,Chenai,Cochin,09-Mar-2025,17:30,1h 26m,1 Stop,economy,50.0,3114.95,500
3798,GoAir,Banglore,Chennai,21/02/2025,21:45,6h 4m,1 Stop,Eco,47.0,2609.71,290
3799,SpiceJet,Banglore,Cochin,07/01/2025,13:00,1h 18m,2 stops,Business,29.0,8222.05,360
3800,IndiGo,Kolkata,Mumbai,18/08/2025,17:45,2h 28m,2+ stops,BUSINESS,34.0,38756.15,1650
3801,Spice Jet,delhi,HYDERABAD,07/09/2025,8:45,4h 47m,2 stops,BUSINESS,38.0,24488.64,1260
3802,AirAsia,delhi,Cochin,05/01/2025,2:00,2h 27m,1 Stop,Economy,35.0,12239.62,2100
3803,AIR INDIA,MUMBAI,cochin,21-Nov-2025,10:30,5h 4m,non-stop,Eco,33.0,6638.54,860
3804,Vistara,MUMBAI,Mumbai,04/10/2025,12:15,4h 38m,1 Stop,BUSINESS,58.0,24638.3,1030
3805,SpiceJet,Chenai,Mumbai,16-Jun-2025,12:30,1h 25m,,Biz,49.0,20165.99,1030
3806,GoAir,Hyderabad,Cochin,16-Dec-2025,12:15,0h 58m,non-stop,BUSINESS,32.0,13614.56,700
3807,Spice Jet,Bangalore,Mumbai,28/04/2025,20:45,2h 3m,2+ stops,Biz,9.0,20283.6,840
3808,IndiGo,Bangalore,cochin,06/11/2025,23:45,1h 51m,Non Stop,BUSINESS,13.0,8031.45,360
3809,AirAsia,delhi,Mumbai,28/11/2025,20:00,3h 16m,1 Stop,Business,36.0,21592.7,1150
3810,IndiGo,Hyderabad,Bangalore,09-Feb-2025,2:00,2h 53m,2 stops,Economy,22.0,4341.72,500
3811,IndiGo,MUMBAI,Bangalore,30/08/2025,7:45,10h 26m,,economy,32.0,6694.89,840
3812,AIR INDIA,Banglore,Mumbai,08/12/2025,5:15,3h 42m,2+ stops,BUSINESS,13.0,19907.7,840
3813,SpiceJet,Bangalore,Mumbai,09-May-2025,12:45,2h 21m,2 stops,Eco,2.0,6898.84,840
3814,IndiGo,Chennai,Bangalore,04/25/2025,23:45,3h 7m,,BUSINESS,51.0,6613.37,290
3815,AIR INDIA,Chennai,Cochin,2025-03-15,6:45,3h 45m,1 Stop,Economy,28.0,4031.87,500
3816,SpiceJet,Bangalore,Kolkata,07-Mar-2025,15:45,3h 47m,Non Stop,Business,50.0,29475.56,1560
3817,GoAir,Kolkata,HYDERABAD,06-Dec-2025,0:15,2h 32m,2+ stops,BUSINESS,44.0,26636.79,1190
3818,AirAsia,Delhi,Kolkata,2025-10-20,4:00,1h 56m,2 stops,Economy,30.0,8786.78,1300
3819,AIR INDIA,Banglore,Mumbai,2025-02-07,15:00,2h 43m,2 stops,Economy,52.0,6269.87,840
3820,AIR INDIA,Chennai,Cochin,12/09/2025,5:30,1h 26m,1 stop,Economy,25.0,4174.39,500
3821,Spice Jet,Delhi,Chennai,2025-01-24,8:30,1h 16m,,Eco,15.0,11880.37,1760
3822,SpiceJet,Bangalore,Mumbai,2025-04-27,1:45,5h 13m,,Eco,16.0,6169.84,840
3823,Air India,Hyderabad,Mumbai,09/21/2025,7:30,3h 19m,1 Stop,Economy,17.0,5450.05,620
3824,SpiceJet,Chennai,cochin,20-Feb-2025,21:15,4h 16m,2+ stops,Eco,36.0,3728.21,500
3825,Go Air,Banglore,Bangalore,05/01/2025,8:00,2h 31m,non-stop,BUSINESS,16.0,18283.88,1030
3826,IndiGo,Kolkata,cochin,07-Jul-2025,23:45,7h 30m,1 Stop,economy,24.0,14164.48,1900
3827,Air India,Delhi,Chennai,07/06/2025,11:15,3h 54m,1 Stop,Eco,57.0,12632.85,1760
3828,Vistara,Hyderabad,Delhi,23-Aug-2025,12:30,4h 40m,Non Stop,economy,57.0,9427.31,1260
3829,IndiGo,Banglore,cochin,22/10/2025,8:00,1h 2m,2 stops,Eco,49.0,3113.48,360
3830,Go Air,Chenai,Delhi,23/06/2025,14:30,3h 22m,1 Stop,Economy,13.0,,1760
3831,indigo,Hyderabad,Cochin,06/10/2025,2:15,1h 55m,Non Stop,Biz,52.0,13827.48,700
3832,AirAsia,delhi,Cochin,09/06/2025,18:15,2h 31m,,BUSINESS,25.0,37455.12,2100
3833,SpiceJet,Hyderabad,cochin,02/19/2025,23:30,1h 15m,non-stop,Economy,51.0,4690.32,700
3834,IndiGo,Bangalore,Kolkata,10/23/2025,12:15,2h 18m,1 stop,economy,36.0,10619.6,1560
3835,AirAsia,delhi,HYDERABAD,01/02/2025,7:30,3h 3m,1 Stop,Business,39.0,23321.88,1260
3836,Spice Jet,Chenai,Bangalore,2025-03-09,20:00,5h 9m,Non Stop,economy,41.0,2468.0,290
3837,Vistara,Mumbai,Hyderabad,14/10/2025,22:30,1h 43m,2 stops,Economy,44.0,5508.87,620
3838,AirAsia,Kolkata,Cochin,2025-01-26,13:45,1h 18m,non-stop,Economy,27.0,10749.29,1900
3839,SpiceJet,Chenai,Cochin,01/05/2025,6:45,5h 20m,1 stop,Eco,2.0,3667.74,500
3840,indigo,Hyderabad,Mumbai,14/10/2025,18:15,2h 41m,2+ stops,Eco,11.0,5289.25,620
3841,AIR INDIA,MUMBAI,Delhi,11/02/2025,3:45,1h 40m,Non Stop,BUSINESS,45.0,24454.18,1150
3842,IndiGo,delhi,Bangalore,06-Mar-2025,1:15,2h 50m,non-stop,Business,54.0,32708.38,1740
3843,Vistara,Chenai,Chennai,01/03/2025,12:45,1h 26m,1 stop,economy,29.0,8922.5,1030
3844,indigo,Chenai,cochin,29/09/2025,15:15,2h 20m,1 stop,BUSINESS,4.0,11769.5,500
3845,SpiceJet,MUMBAI,Hyderabad,04/18/2025,10:00,4h 1m,1 stop,Biz,40.0,11960.05,620
3846,Spice Jet,delhi,cochin,03-Jan-2025,10:00,1h 52m,Non Stop,economy,37.0,11390.47,2100
3847,AirAsia,delhi,cochin,25/09/2025,8:00,0h 55m,1 Stop,Eco,11.0,13749.69,2100
3848,AIR INDIA,Mumbai,Chennai,28-Apr-2025,13:00,1h 22m,non-stop,economy,21.0,8336.08,1030
3849,SpiceJet,Bangalore,Mumbai,2025-02-12,23:00,7h 41m,non-stop,economy,47.0,5800.01,840
3850,Vistara,Bangalore,cochin,2025-12-21,14:30,4h 56m,,economy,5.0,3668.92,360
3851,AIR INDIA,Hyderabad,Kolkata,26-Apr-2025,10:15,3h 28m,Non Stop,economy,54.0,8648.76,1190
3852,GoAir,Banglore,Chennai,04/26/2025,4:45,,1 Stop,Economy,37.0,2061.83,290
3853,Vistara,Kolkata,Chennai,03/09/2025,22:45,2h 8m,non-stop,Business,7.0,33448.18,1360
3854,GoAir,Mumbai,cochin,22/06/2025,5:30,3h 25m,non-stop,Economy,15.0,6619.72,860
3855,Spice Jet,Hyderabad,Bangalore,05/27/2025,11:30,3h 43m,Non Stop,Eco,52.0,3489.84,500
3856,Spice Jet,Delhi,Cochin,07-May-2025,10:45,6h 58m,Non Stop,Business,48.0,35522.0,2100
3857,Air India,MUMBAI,Bangalore,02/08/2025,5:30,2h 28m,non-stop,economy,54.0,6012.55,840
3858,AirAsia,delhi,Bangalore,02/18/2025,6:00,3h 2m,1 stop,BUSINESS,39.0,27606.76,1740
3859,AirAsia,Delhi,Chennai,29-Mar-2025,17:15,1h 8m,2 stops,Economy,55.0,11110.39,1760
3860,AirAsia,Bangalore,Hyderabad,01-May-2025,8:00,2h 42m,,economy,54.0,3480.75,500
3861,Vistara,Mumbai,Chennai,2025-04-28,16:45,1h 42m,non-stop,Biz,,25378.56,1030
3862,AirAsia,Bangalore,Kolkata,05/22/2025,3:30,2h 25m,2+ stops,Eco,2.0,11579.53,1560
3863,AirAsia,Mumbai,Bangalore,09-Feb-2025,16:45,1h 19m,1 stop,Economy,56.0,5316.18,840
3864,Spice Jet,Kolkata,Cochin,2025-12-28,21:30,1h 5m,2 stops,Biz,10.0,38973.42,1900
3865,AirAsia,MUMBAI,Delhi,01/26/2025,1:45,0h 54m,non-stop,economy,7.0,7390.39,1150
3866,SpiceJet,Banglore,HYDERABAD,18-Aug-2025,23:00,2h 10m,2+ stops,Eco,,3628.85,500
3867,Go Air,Bangalore,Hyderabad,2025-10-10,22:30,1h 30m,1 Stop,BUSINESS,16.0,10189.21,500
3868,,Bangalore,HYDERABAD,27-Mar-2025,19:15,3h 42m,1 Stop,Business,49.0,10132.78,500
3869,Spice Jet,Mumbai,Hyderabad,03/15/2025,23:30,4h 32m,1 stop,Economy,59.0,4464.34,620
3870,IndiGo,Bangalore,Chennai,2025-09-21,7:00,3h 32m,1 stop,Biz,26.0,6355.75,290
3871,IndiGo,Mumbai,Hyderabad,14-Feb-2025,18:30,3h 17m,1 stop,Biz,23.0,13593.34,620
3872,IndiGo,delhi,Chennai,28/01/2025,21:00,3h 56m,Non Stop,Eco,54.0,11150.0,1760
3873,GoAir,MUMBAI,Chennai,25-Jan-2025,20:15,1h 22m,1 stop,Economy,3.0,7281.79,1030
3874,Vistara,Chenai,Bangalore,2025-05-25,13:15,4h 2m,Non Stop,Business,51.0,6672.77,290
3875,AirAsia,Chenai,HYDERABAD,04/08/2025,5:00,2h 52m,Non Stop,economy,53.0,3379.1,515
3876,GoAir,Mumbai,Bangalore,2025-06-07,0:45,1h 59m,Non Stop,Biz,34.0,16323.34,840
3877,Vistara,MUMBAI,Chennai,02/04/2025,3:30,0h 49m,Non Stop,,40.0,7628.28,1030
3878,Air India,Chenai,Cochin,14-Mar-2025,9:45,3h 38m,2 stops,Economy,25.0,4408.39,500
3879,SpiceJet,Bangalore,Cochin,2025-07-28,8:00,5h 35m,Non Stop,,11.0,3095.69,360
3880,Spice Jet,Chennai,Kolkata,2025-06-02,3:00,6h 47m,Non Stop,Eco,37.0,8777.64,1360
3881,AIR INDIA,Kolkata,Cochin,27-May-2025,2:30,6h 14m,Non Stop,BUSINESS,53.0,37713.76,1900
3882,AIR INDIA,Bangalore,Cochin,2025-04-30,2:45,2h 16m,2+ stops,Economy,57.0,3532.83,360
3883,Air India,Banglore,Hyderabad,02/17/2025,11:45,1h 21m,1 stop,,50.0,10262.58,500
3884,Spice Jet,Delhi,cochin,11/03/2025,21:15,1h 6m,non-stop,Business,58.0,35887.74,2100
3885,SpiceJet,Banglore,Chennai,26-May-2025,23:15,2h 25m,non-stop,Business,21.0,5890.0,290
3886,Air India,Mumbai,Bangalore,2025-10-28,5:30,2h 25m,non-stop,Business,6.0,19177.31,840
3887,Vistara,delhi,Bangalore,21/11/2025,11:45,2h 36m,1 Stop,Biz,22.0,,1740
3888,GoAir,Chenai,Delhi,2025-06-10,4:00,1h 53m,1 Stop,Economy,42.0,11448.58,1760
3889,IndiGo,delhi,Mumbai,08/10/2025,10:45,2h 33m,Non Stop,Biz,4.0,22148.11,1150
3890,indigo,Bangalore,cochin,17-Mar-2025,9:30,3h 51m,,Business,9.0,8952.11,360
3891,indigo,Chennai,HYDERABAD,18/09/2025,0:30,2h 55m,2 stops,Business,2.0,12869.03,515
3892,IndiGo,Kolkata,HYDERABAD,10/03/2025,23:00,2h 12m,1 Stop,Eco,25.0,8066.25,1190
3893,AirAsia,Hyderabad,Chennai,31/01/2025,19:15,,2+ stops,economy,19.0,3433.6,515
3894,Spice Jet,Chenai,Cochin,15/05/2025,16:15,2h 4m,,Eco,56.0,3269.86,500
3895,GoAir,MUMBAI,Kolkata,20/10/2025,20:00,2h 47m,Non Stop,Business,52.0,28388.46,1650
3896,Vistara,delhi,HYDERABAD,11/08/2025,3:00,0h 55m,2+ stops,Business,51.0,34604.39,1260
3897,Vistara,Mumbai,Hyderabad,2025-01-11,11:00,2h 10m,1 stop,economy,45.0,5181.89,620
3898,Spice Jet,Chenai,Kolkata,01/11/2025,5:45,3h 28m,Non Stop,Eco,11.0,8449.21,1360
3899,AIR INDIA,Hyderabad,Cochin,2025-02-24,18:15,1h 46m,,Eco,52.0,5067.64,700
3900,Spice Jet,Chenai,Hyderabad,05/18/2025,12:45,1h 55m,2 stops,Eco,52.0,3710.6,515
3901,IndiGo,Hyderabad,Mumbai,08-Mar-2025,21:45,0h 58m,2 stops,Business,60.0,12715.54,620
3902,Vistara,Kolkata,cochin,2025-10-23,4:45,2h 34m,1 stop,Economy,33.0,13750.23,1900
3903,indigo,Chennai,Delhi,2025-08-06,16:15,5h 52m,2+ stops,Economy,6.0,14609.47,1760
3904,GoAir,Kolkata,Bangalore,29/04/2025,8:00,2h 46m,1 stop,Economy,58.0,9257.07,1560
3905,AirAsia,Chenai,cochin,04/19/2025,3:30,2h 6m,Non Stop,Eco,3.0,3384.19,500
3906,indigo,Bangalore,cochin,11/03/2025,20:30,,2 stops,BUSINESS,14.0,8570.36,360
3907,AIR INDIA,Banglore,HYDERABAD,09/17/2025,11:15,4h 1m,2 stops,Biz,48.0,,500
3908,AirAsia,Hyderabad,Delhi,17/12/2025,0:30,4h 57m,non-stop,Eco,3.0,9124.83,1260
3909,AirAsia,Banglore,Hyderabad,2025-08-03,8:45,2h 4m,2+ stops,BUSINESS,19.0,11155.44,500
3910,AirAsia,Banglore,cochin,2025-12-01,18:30,4h 29m,2 stops,Eco,56.0,2737.19,360
3911,GoAir,delhi,Chennai,15-Aug-2025,12:45,0h 48m,,BUSINESS,48.0,33624.4,1760
3912,IndiGo,Kolkata,Hyderabad,2025-02-08,4:45,2h 58m,2 stops,Business,2.0,28469.12,1190
3913,SpiceJet,Hyderabad,Kolkata,04/27/2025,22:45,1h 59m,1 stop,BUSINESS,27.0,24013.36,1190
3914,Air India,MUMBAI,Bangalore,2025-12-09,20:45,2h 36m,2+ stops,Business,53.0,18717.67,840
3915,Go Air,Chennai,Delhi,11/16/2025,19:00,0h 54m,Non Stop,Business,27.0,31757.8,1760
3916,Spice Jet,Chennai,Delhi,03/14/2025,8:00,4h 3m,2+ stops,Business,55.0,35465.88,1760
3917,AirAsia,Banglore,Bangalore,2025-04-27,1:30,2h 5m,Non Stop,BUSINESS,30.0,21378.78,1030
3918,indigo,Banglore,cochin,25/06/2025,18:15,4h 17m,,Business,27.0,8247.41,360
3919,Go Air,Kolkata,Delhi,08/26/2025,1:45,2h 24m,Non Stop,Business,9.0,24642.99,1300
3920,Spice Jet,Kolkata,Chennai,11/24/2025,13:15,2h 32m,2+ stops,Economy,20.0,9838.64,1360
3921,Spice Jet,Kolkata,cochin,2025-06-23,1:45,1h 49m,Non Stop,Economy,36.0,11691.31,1900
3922,Vistara,MUMBAI,Mumbai,01/08/2025,7:15,3h 53m,2 stops,Economy,60.0,9234.53,1030
3923,AIR INDIA,Kolkata,Hyderabad,22-Jan-2025,1:45,1h 57m,,Biz,54.0,24458.46,1190
3924,Spice Jet,Delhi,Chennai,04/11/2025,10:45,2h 1m,1 stop,Eco,28.0,,1760
3925,AirAsia,delhi,Kolkata,01/03/2025,20:15,1h 58m,,Biz,42.0,23113.25,1300
3926,AIR INDIA,delhi,Cochin,02/21/2025,14:00,3h 0m,Non Stop,Biz,40.0,44503.6,2100
3927,IndiGo,Hyderabad,Chennai,18/08/2025,3:30,3h 55m,1 stop,Biz,53.0,11016.17,515
3928,Go Air,delhi,Hyderabad,03-Dec-2025,17:45,2h 57m,non-stop,Eco,57.0,7371.15,1260
3929,Spice Jet,Hyderabad,Cochin,08/29/2025,2:00,1h 17m,1 Stop,Economy,30.0,4744.02,700
3930,Air India,MUMBAI,Cochin,21-Aug-2025,9:15,1h 39m,Non Stop,Business,4.0,21934.67,860
3931,Vistara,MUMBAI,HYDERABAD,20-May-2025,0:45,1h 32m,non-stop,Biz,47.0,14189.67,620
3932,AirAsia,Kolkata,Chennai,2025-08-15,5:15,1h 36m,,BUSINESS,1.0,28821.46,1360
3933,indigo,Chennai,Hyderabad,26-Dec-2025,3:30,,Non Stop,Eco,33.0,3948.45,515
3934,Go Air,Hyderabad,HYDERABAD,14/08/2025,2:45,3h 31m,2 stops,Economy,39.0,7449.24,1030
3935,AIR INDIA,Hyderabad,HYDERABAD,2025-04-04,3:15,2h 20m,1 stop,Eco,20.0,9299.49,1030
3936,Air India,Delhi,cochin,10/08/2025,18:30,1h 39m,,Business,17.0,48714.36,2100
3937,Air India,MUMBAI,Hyderabad,11/17/2025,2:00,1h 55m,1 stop,Eco,51.0,4922.54,620
3938,SpiceJet,Mumbai,cochin,12-Sep-2025,16:45,,2+ stops,BUSINESS,32.0,16969.94,860
3939,SpiceJet,Chennai,Bangalore,18/03/2025,23:45,4h 0m,1 Stop,economy,10.0,2490.31,290
3940,Go Air,Bangalore,HYDERABAD,04-Feb-2025,14:15,3h 2m,Non Stop,Eco,26.0,3360.18,500
3941,Spice Jet,Delhi,Hyderabad,16-Jul-2025,4:30,3h 4m,Non Stop,BUSINESS,48.0,24619.51,1260
3942,IndiGo,Kolkata,Delhi,07/06/2025,17:30,1h 43m,non-stop,BUSINESS,25.0,22259.39,1300
3943,Spice Jet,delhi,Kolkata,07/04/2025,22:00,1h 15m,1 Stop,Economy,34.0,8522.63,1300
3944,Air India,Bangalore,Mumbai,25-Apr-2025,10:15,1h 33m,non-stop,Biz,26.0,15101.69,840
3945,indigo,Chenai,Hyderabad,05/12/2025,19:00,1h 38m,non-stop,BUSINESS,53.0,9392.12,515
3946,Air India,delhi,Delhi,2025-01-02,14:45,1h 55m,1 stop,Business,49.0,21410.9,1030
3947,,Bangalore,Cochin,11/10/2025,5:45,7h 51m,,Biz,53.0,8549.72,360
3948,AirAsia,Chenai,HYDERABAD,07/22/2025,6:15,1h 23m,2 stops,Economy,7.0,4004.34,515
3949,Air India,Hyderabad,cochin,27/02/2025,3:15,2h 34m,non-stop,BUSINESS,60.0,13407.04,700
3950,Go Air,MUMBAI,Cochin,27-Jul-2025,17:00,7h 49m,non-stop,economy,9.0,6926.38,860
3951,indigo,Kolkata,cochin,01/23/2025,1:30,2h 34m,,Business,45.0,37892.25,1900
3952,AirAsia,Banglore,Kolkata,2025-03-29,9:00,4h 40m,Non Stop,Biz,9.0,29899.36,1560
3953,AIR INDIA,Mumbai,HYDERABAD,18/10/2025,3:15,4h 9m,2 stops,BUSINESS,21.0,14216.03,620
3954,AirAsia,Delhi,HYDERABAD,04-Jul-2025,3:00,1h 13m,non-stop,Biz,56.0,19790.15,1260
3955,Spice Jet,Delhi,HYDERABAD,11/07/2025,18:45,4h 49m,non-stop,economy,33.0,8051.39,1260
3956,Air India,Mumbai,Hyderabad,25/12/2025,12:15,2h 59m,,Business,1.0,15409.36,620
3957,IndiGo,Hyderabad,Cochin,25-Jan-2025,2:45,0h 47m,1 Stop,Economy,24.0,5231.35,700
3958,Air India,Chennai,Hyderabad,09-Jan-2025,2:00,1h 8m,1 Stop,economy,50.0,4335.07,515
3959,Spice Jet,delhi,Hyderabad,08-Aug-2025,14:00,1h 18m,,Biz,32.0,25370.28,1260
3960,Air India,Mumbai,Chennai,26-Nov-2025,14:45,2h 42m,,economy,15.0,7062.89,1030
3961,AIR INDIA,Delhi,Cochin,2025-11-02,23:30,2h 30m,2+ stops,BUSINESS,40.0,50395.7,2100
3962,Vistara,Hyderabad,Chennai,16-Mar-2025,3:00,1h 37m,2+ stops,Economy,45.0,4130.2,515
3963,,Mumbai,Bangalore,09/14/2025,15:15,2h 2m,1 stop,Business,28.0,16743.6,840
3964,GoAir,Chenai,Kolkata,11-Sep-2025,22:15,1h 59m,non-stop,Business,18.0,24815.74,1360
3965,indigo,Chenai,Bangalore,11-Nov-2025,7:00,1h 32m,non-stop,Biz,25.0,5933.65,290
3966,SpiceJet,Kolkata,Delhi,2025-01-12,20:15,1h 1m,,,60.0,21648.52,1300
3967,Air India,Chenai,Chennai,09/09/2025,10:00,2h 44m,1 stop,Business,41.0,22912.79,1030
3968,indigo,Bangalore,Mumbai,2025-09-23,23:15,1h 39m,2+ stops,Economy,57.0,5669.58,840
3969,Air India,Chennai,Mumbai,29-Oct-2025,0:15,3h 2m,2 stops,BUSINESS,13.0,25993.77,1030
3970,indigo,Hyderabad,Bangalore,2025-01-03,8:45,3h 21m,2+ stops,Economy,14.0,5047.15,500
3971,GoAir,Banglore,Mumbai,2025-06-08,3:15,2h 46m,1 Stop,economy,21.0,5515.64,840
3972,indigo,Banglore,Chennai,02/16/2025,0:30,1h 35m,1 Stop,,8.0,2474.97,290
3973,Vistara,MUMBAI,Delhi,09-May-2025,22:15,4h 12m,2 stops,Economy,47.0,7979.77,1150
3974,indigo,Mumbai,Hyderabad,05-May-2025,5:30,4h 7m,Non Stop,BUSINESS,17.0,13004.51,620
3975,indigo,Kolkata,Bangalore,2025-04-18,20:30,6h 58m,2 stops,BUSINESS,56.0,33104.18,1560
3976,Spice Jet,Chenai,Bangalore,2025-07-15,21:15,4h 17m,,BUSINESS,54.0,6191.03,290
3977,Vistara,Mumbai,Kolkata,07/05/2025,4:30,3h 18m,1 stop,Business,4.0,41362.32,1650
3978,Go Air,Kolkata,HYDERABAD,24/03/2025,1:45,1h 53m,1 stop,BUSINESS,35.0,,1190
3979,indigo,MUMBAI,Cochin,22-Mar-2025,9:00,3h 15m,1 stop,Biz,41.0,20363.18,860
3980,SpiceJet,Chenai,HYDERABAD,2025-02-12,0:30,5h 37m,2 stops,BUSINESS,42.0,12015.92,515
3981,SpiceJet,Chenai,cochin,2025-03-18,7:00,3h 36m,2 stops,Eco,60.0,3587.87,500
3982,AirAsia,Delhi,Bangalore,30-Jul-2025,19:45,3h 19m,non-stop,Eco,46.0,9460.4,1740
3983,IndiGo,Bangalore,Mumbai,11/25/2025,5:45,4h 0m,2 stops,economy,59.0,5993.87,840
3984,AirAsia,Kolkata,cochin,14/05/2025,2:45,4h 42m,non-stop,Eco,47.0,10711.37,1900
3985,AIR INDIA,Kolkata,Hyderabad,18/07/2025,19:45,3h 56m,Non Stop,Economy,58.0,8612.04,1190
3986,Spice Jet,delhi,Hyderabad,01/28/2025,20:30,3h 11m,,BUSINESS,2.0,25080.22,1260
3987,AIR INDIA,Banglore,Bangalore,2025-05-16,21:45,3h 10m,,Eco,31.0,8104.48,1030
3988,AIR INDIA,Kolkata,Bangalore,16/01/2025,1:30,3h 25m,2 stops,Eco,24.0,13432.67,1560
3989,Vistara,MUMBAI,Hyderabad,2025-01-29,20:00,1h 52m,2 stops,Economy,32.0,5331.94,620
3990,Spice Jet,Kolkata,Chennai,2025-03-29,6:00,2h 17m,1 Stop,Eco,39.0,8574.06,1360
3991,Vistara,Chennai,HYDERABAD,2025-04-15,7:30,,,Eco,60.0,4331.84,515
3992,Go Air,Hyderabad,Bangalore,01/06/2025,5:45,2h 1m,2 stops,Business,31.0,9202.7,500
3993,indigo,Hyderabad,cochin,26-May-2025,16:45,2h 1m,1 Stop,Eco,22.0,5239.23,700
3994,AirAsia,delhi,Hyderabad,18/08/2025,2:00,2h 19m,1 Stop,Economy,30.0,8211.52,1260
3995,indigo,Mumbai,Chennai,25-Aug-2025,7:30,1h 49m,2+ stops,Economy,42.0,7837.55,1030
3996,Spice Jet,Banglore,Bangalore,29-Dec-2025,20:30,3h 41m,2 stops,Eco,60.0,7080.25,1030
3997,,Kolkata,Bangalore,2025-03-04,5:30,2h 13m,Non Stop,Business,53.0,30210.07,1560
3998,Vistara,MUMBAI,Mumbai,02/21/2025,1:00,2h 22m,1 stop,Economy,11.0,8764.17,1030
3999,Spice Jet,Hyderabad,cochin,11/04/2025,4:15,2h 47m,2 stops,Eco,48.0,4918.59,700
4000,SpiceJet,Banglore,Delhi,2025-11-29,5:45,2h 52m,,Eco,21.0,11812.32,1740
4001,SpiceJet,Delhi,Kolkata,06/01/2025,6:30,1h 11m,1 Stop,,22.0,8675.76,1300
4002,AirAsia,Delhi,Bangalore,04/13/2025,19:00,3h 59m,2 stops,Biz,12.0,37472.07,1740
4003,indigo,MUMBAI,Bangalore,18-Dec-2025,17:00,5h 41m,2+ stops,Eco,3.0,7193.29,840
4004,AirAsia,delhi,cochin,05/21/2025,9:15,0h 59m,,,57.0,12944.83,2100
4005,Vistara,Mumbai,cochin,2025-05-25,2:15,2h 31m,Non Stop,BUSINESS,28.0,19524.24,860
4006,indigo,Mumbai,Hyderabad,13/11/2025,14:30,3h 16m,1 Stop,Business,37.0,12626.74,620
4007,SpiceJet,Banglore,Delhi,12/21/2025,15:30,1h 41m,2 stops,BUSINESS,42.0,35892.3,1740
4008,Air India,Delhi,Mumbai,2025-05-06,6:15,1h 46m,2 stops,Economy,49.0,8438.12,1150
4009,GoAir,Chennai,Cochin,01/02/2025,10:30,4h 31m,2 stops,Biz,16.0,11429.07,500
4010,Air India,delhi,Kolkata,2025-07-02,8:15,2h 19m,Non Stop,Economy,35.0,9659.54,1300
4011,GoAir,Delhi,Hyderabad,28/05/2025,1:30,3h 4m,1 Stop,Biz,49.0,22484.11,1260
4012,Spice Jet,Banglore,cochin,2025-09-12,15:30,2h 10m,2 stops,Eco,13.0,3116.36,360
4013,AirAsia,Chennai,Bangalore,05/11/2025,16:00,3h 16m,,BUSINESS,10.0,6417.09,290
4014,Vistara,delhi,Bangalore,09/12/2025,13:45,7h 7m,2+ stops,Eco,39.0,16064.68,1740
4015,SpiceJet,Kolkata,HYDERABAD,31-Oct-2025,21:00,6h 22m,2+ stops,Eco,28.0,9822.48,1190
4016,AirAsia,Delhi,Chennai,10/04/2025,3:30,3h 21m,Non Stop,Business,37.0,31969.7,1760
4017,indigo,Kolkata,Bangalore,23-Jun-2025,5:00,3h 55m,2 stops,economy,58.0,10152.87,1560
4018,AirAsia,Mumbai,Kolkata,22-Oct-2025,1:00,6h 19m,Non Stop,BUSINESS,17.0,35577.51,1650
4019,,delhi,Delhi,09/09/2025,13:00,7h 19m,Non Stop,Economy,41.0,6835.64,1030
4020,Vistara,Chennai,Mumbai,2025-12-05,13:30,1h 54m,2+ stops,Eco,4.0,10168.26,1030
4021,AIR INDIA,Kolkata,Delhi,25-Jun-2025,5:30,4h 42m,,Economy,18.0,10883.29,1300
4022,indigo,Banglore,Chennai,02/16/2025,0:30,1h 35m,1 Stop,,8.0,2340.57,290
4023,Spice Jet,MUMBAI,Kolkata,2025-04-06,8:15,3h 30m,2 stops,Eco,19.0,12010.63,1650
4024,Vistara,Kolkata,Hyderabad,07/13/2025,13:45,2h 39m,1 Stop,Eco,9.0,10099.28,1190
4025,IndiGo,Delhi,Hyderabad,11-Jun-2025,22:45,,non-stop,Eco,43.0,9182.36,1260
4026,Go Air,delhi,Bangalore,05/06/2025,3:00,1h 48m,1 Stop,economy,13.0,11498.11,1740
4027,SpiceJet,MUMBAI,Hyderabad,20-Oct-2025,21:45,3h 5m,non-stop,Eco,46.0,4166.89,620
4028,indigo,Chennai,Kolkata,12/09/2025,5:45,0h 51m,1 stop,BUSINESS,10.0,25596.32,1360
4029,AIR INDIA,Chenai,Kolkata,12/07/2025,2:00,4h 20m,1 stop,Economy,33.0,11724.11,1360
4030,indigo,Bangalore,HYDERABAD,11/20/2025,18:45,5h 15m,2 stops,BUSINESS,17.0,,500
4031,indigo,Delhi,Mumbai,31/03/2025,13:00,9h 7m,1 Stop,Eco,46.0,8776.17,1150
4032,AirAsia,Kolkata,Bangalore,2025-04-16,0:15,5h 45m,1 stop,Economy,23.0,10506.9,1560
4033,Go Air,Delhi,Mumbai,03/17/2025,19:30,4h 1m,non-stop,Eco,57.0,7067.95,1150
4034,GoAir,Bangalore,Delhi,11/01/2025,3:30,1h 53m,2 stops,Eco,38.0,,1740
4035,AirAsia,MUMBAI,Cochin,23/09/2025,10:00,0h 55m,2 stops,Biz,35.0,18353.5,860
4036,SpiceJet,Chenai,Chennai,2025-10-04,18:15,0h 46m,,Business,51.0,19535.44,1030
4037,indigo,Mumbai,cochin,2025-06-15,0:30,1h 28m,Non Stop,BUSINESS,16.0,18633.55,860
4038,indigo,delhi,Bangalore,21/12/2025,11:15,1h 40m,2 stops,Economy,32.0,13010.77,1740
4039,IndiGo,delhi,Bangalore,2025-02-01,11:15,5h 5m,Non Stop,,56.0,11985.94,1740
4040,GoAir,Chennai,Bangalore,09/08/2025,4:15,2h 31m,2+ stops,economy,44.0,2357.47,290
4041,Vistara,Mumbai,cochin,09/10/2025,2:00,2h 16m,,Economy,18.0,7747.29,860
4042,Go Air,Banglore,Bangalore,2025-10-06,23:30,7h 56m,1 Stop,Economy,15.0,8324.35,1030
4043,AIR INDIA,Banglore,Mumbai,26/03/2025,23:15,3h 36m,2 stops,economy,9.0,7921.49,840
4044,AirAsia,Chenai,Hyderabad,28-Feb-2025,12:30,1h 36m,2 stops,Eco,51.0,3390.79,515
4045,AIR INDIA,Chenai,Kolkata,2025-08-22,18:15,5h 4m,,BUSINESS,42.0,29548.06,1360
4046,Go Air,Delhi,Cochin,2025-07-13,7:30,1h 11m,1 stop,Economy,13.0,14558.11,2100
4047,SpiceJet,Kolkata,Delhi,04-Jul-2025,10:00,3h 30m,Non Stop,Economy,22.0,8115.88,1300
4048,indigo,MUMBAI,Chennai,13-Sep-2025,10:00,5h 30m,,economy,1.0,9170.62,1030
4049,GoAir,Mumbai,HYDERABAD,2025-02-12,11:45,3h 34m,1 stop,Economy,58.0,4228.36,620
4050,IndiGo,Kolkata,cochin,01/15/2025,3:30,5h 24m,Non Stop,BUSINESS,54.0,36181.15,1900
4051,indigo,Bangalore,Cochin,19-Jun-2025,22:30,5h 23m,2 stops,Biz,23.0,8307.3,360
4052,Air India,Bangalore,cochin,27-Aug-2025,13:00,3h 20m,1 Stop,Business,23.0,8006.09,360
4053,AirAsia,delhi,HYDERABAD,12-Jan-2025,8:45,1h 6m,1 stop,economy,7.0,8301.04,1260
4054,Go Air,Banglore,Kolkata,06-Dec-2025,10:45,1h 43m,Non Stop,Biz,48.0,,1560
4055,Vistara,Delhi,Chennai,10/22/2025,20:15,2h 8m,1 stop,economy,60.0,13343.12,1760
4056,indigo,Hyderabad,Mumbai,03/01/2025,5:00,0h 43m,non-stop,economy,29.0,4446.71,620
4057,GoAir,Chennai,Mumbai,11/04/2025,7:45,6h 0m,1 stop,Eco,28.0,7549.98,1030
4058,SpiceJet,Mumbai,cochin,04/25/2025,12:30,4h 40m,Non Stop,BUSINESS,27.0,16514.55,860
4059,Spice Jet,Chennai,Mumbai,2025-05-18,10:00,3h 8m,,Eco,17.0,7704.92,1030
4060,Vistara,delhi,HYDERABAD,23-Dec-2025,13:00,5h 17m,,Economy,5.0,12040.94,1260
4061,Go Air,Banglore,cochin,21-Sep-2025,19:30,3h 6m,,Economy,18.0,3039.51,360
4062,SpiceJet,Hyderabad,Cochin,06/29/2025,11:15,2h 8m,non-stop,Eco,17.0,5211.63,700
4063,Air India,Banglore,Delhi,2025-05-07,3:45,2h 1m,non-stop,Eco,54.0,12143.67,1740
4064,Vistara,delhi,Kolkata,02/02/2025,11:00,2h 53m,1 Stop,Biz,2.0,29737.85,1300
4065,Air India,Chennai,HYDERABAD,28-Oct-2025,23:15,3h 37m,1 Stop,Biz,11.0,11809.35,515
4066,GoAir,MUMBAI,Delhi,2025-01-11,23:45,2h 30m,1 Stop,Eco,19.0,8248.21,1150
4067,Spice Jet,delhi,cochin,10/07/2025,17:30,1h 30m,,Economy,32.0,13958.71,2100
4068,indigo,Hyderabad,Kolkata,14-Oct-2025,3:00,4h 2m,non-stop,Business,1.0,26529.98,1190
4069,Spice Jet,Hyderabad,Chennai,31/10/2025,1:45,2h 22m,Non Stop,BUSINESS,7.0,11768.82,515
4070,IndiGo,Banglore,HYDERABAD,2025-03-07,11:45,1h 33m,2+ stops,,25.0,12210.28,500
4071,Vistara,Banglore,Kolkata,15-Oct-2025,4:00,4h 21m,1 Stop,Eco,48.0,12921.8,1560
4072,AirAsia,Chenai,Hyderabad,2025-03-02,1:45,2h 15m,2 stops,Business,45.0,,515
4073,AIR INDIA,Bangalore,Hyderabad,26-Jun-2025,12:00,5h 18m,1 Stop,BUSINESS,12.0,11771.42,500
4074,Vistara,Chennai,Kolkata,10/29/2025,18:15,3h 23m,,Economy,24.0,11121.17,1360
4075,Air India,Delhi,Cochin,17-Mar-2025,19:45,4h 28m,1 stop,Economy,21.0,15760.06,2100
4076,SpiceJet,delhi,Cochin,21/07/2025,21:15,0h 54m,1 Stop,Biz,4.0,48315.99,2100
4077,SpiceJet,Mumbai,Kolkata,04-Sep-2025,11:30,3h 4m,,Economy,3.0,12630.2,1650
4078,SpiceJet,Delhi,cochin,11/01/2025,2:30,2h 31m,1 Stop,Economy,20.0,14962.84,2100
4079,AIR INDIA,Mumbai,Cochin,2025-02-15,6:15,4h 3m,1 Stop,Biz,48.0,20127.2,860
4080,AIR INDIA,Kolkata,cochin,13/04/2025,4:00,,Non Stop,Biz,12.0,37739.51,1900
4081,Air India,Banglore,Bangalore,02/04/2025,11:30,0h 51m,Non Stop,BUSINESS,12.0,24077.22,1030
4082,AIR INDIA,Banglore,Mumbai,17-Nov-2025,13:30,8h 11m,2 stops,Business,21.0,19248.87,840
4083,,Kolkata,HYDERABAD,04/03/2025,12:00,1h 23m,Non Stop,Biz,46.0,22707.75,1190
4084,AirAsia,Banglore,Cochin,2025-11-04,11:00,4h 44m,non-stop,BUSINESS,33.0,6872.9,360
4085,AIR INDIA,Mumbai,Cochin,26-Feb-2025,19:30,0h 31m,non-stop,BUSINESS,6.0,20530.81,860
4086,Air India,delhi,Hyderabad,24-Sep-2025,10:00,4h 8m,non-stop,BUSINESS,21.0,28389.18,1260
4087,AirAsia,Kolkata,Hyderabad,2025-03-06,13:00,0h 44m,Non Stop,BUSINESS,53.0,21638.28,1190
4088,Spice Jet,Delhi,HYDERABAD,04/03/2025,6:00,1h 12m,,Biz,59.0,22135.28,1260
4089,Spice Jet,Hyderabad,Chennai,03-Mar-2025,3:00,7h 7m,,Eco,43.0,4314.11,515
4090,GoAir,MUMBAI,HYDERABAD,16/07/2025,1:30,3h 12m,non-stop,,29.0,4385.11,620
4091,indigo,Kolkata,HYDERABAD,2025-03-31,7:15,4h 21m,Non Stop,Eco,27.0,7676.7,1190
4092,AirAsia,Banglore,Kolkata,15-Dec-2025,19:45,1h 16m,1 stop,Eco,52.0,8883.65,1560
4093,indigo,delhi,HYDERABAD,01/13/2025,6:30,3h 1m,,Biz,45.0,25084.5,1260
4094,,Hyderabad,Cochin,25/11/2025,15:15,3h 15m,Non Stop,Business,38.0,14931.77,700
4095,Spice Jet,MUMBAI,Mumbai,2025-11-07,10:30,2h 56m,1 stop,Eco,26.0,7501.55,1030
4096,AIR INDIA,Delhi,cochin,23-Jun-2025,9:30,1h 1m,,Eco,35.0,14555.47,2100
4097,Spice Jet,Mumbai,Chennai,09/05/2025,9:30,4h 19m,1 stop,Eco,60.0,6739.97,1030
4098,IndiGo,Chennai,cochin,15/05/2025,4:00,2h 0m,1 Stop,Eco,7.0,4581.77,500
4099,indigo,Banglore,Delhi,06/11/2025,19:00,3h 38m,1 stop,Eco,13.0,13135.66,1740
4100,IndiGo,Hyderabad,Chennai,01/16/2025,15:15,3h 24m,1 Stop,Business,9.0,11518.04,515
4101,GoAir,Chennai,Mumbai,09/03/2025,2:00,1h 45m,1 Stop,economy,22.0,7331.84,1030
4102,Go Air,Mumbai,Delhi,2025-04-24,1:15,3h 38m,Non Stop,Eco,2.0,8506.63,1150
4103,GoAir,Chennai,Hyderabad,20-Sep-2025,8:45,4h 38m,Non Stop,economy,37.0,3659.51,515
4104,indigo,Chennai,Cochin,08/03/2025,11:45,2h 41m,,Economy,56.0,3798.82,500
4105,Go Air,Chennai,Kolkata,2025-05-19,5:15,2h 16m,1 stop,Biz,40.0,25188.78,1360
4106,AIR INDIA,Bangalore,Hyderabad,01-Apr-2025,19:45,1h 24m,Non Stop,Biz,28.0,11529.65,500
4107,AIR INDIA,Hyderabad,HYDERABAD,25-Jan-2025,11:15,1h 5m,1 Stop,Business,54.0,21892.53,1030
4108,AirAsia,delhi,Kolkata,2025-06-20,6:30,4h 9m,1 stop,BUSINESS,33.0,25144.0,1300
4109,Go Air,Bangalore,Delhi,05/06/2025,18:45,6h 19m,2+ stops,economy,11.0,12867.76,1740
4110,AirAsia,Hyderabad,Delhi,01-Oct-2025,20:30,4h 24m,1 stop,economy,39.0,7822.19,1260
4111,AIR INDIA,delhi,Chennai,29/09/2025,3:30,3h 13m,,Eco,28.0,14398.1,1760
4112,AirAsia,Delhi,Cochin,06/01/2025,21:00,2h 32m,,Biz,52.0,36729.81,2100
4113,SpiceJet,Chennai,Hyderabad,02-Aug-2025,15:15,2h 31m,1 Stop,economy,14.0,4059.18,515
4114,indigo,Kolkata,cochin,2025-02-15,1:45,3h 53m,1 stop,BUSINESS,7.0,41271.57,1900
4115,AIR INDIA,Bangalore,Chennai,07/26/2025,20:30,0h 53m,non-stop,Business,5.0,7294.0,290
4116,IndiGo,Banglore,cochin,18/01/2025,9:45,,non-stop,Eco,60.0,2467.6,360
4117,Spice Jet,MUMBAI,cochin,2025-10-15,8:45,3h 36m,non-stop,Economy,48.0,5629.79,860
4118,Spice Jet,Chenai,cochin,19-Mar-2025,0:45,2h 27m,,Economy,46.0,3766.99,500
4119,Vistara,Delhi,Cochin,2025-12-21,0:30,2h 30m,Non Stop,economy,20.0,17451.38,2100
4120,SpiceJet,Banglore,Chennai,10/12/2025,21:00,2h 50m,,BUSINESS,58.0,5561.31,290
4121,Go Air,Chenai,HYDERABAD,02/01/2025,13:45,2h 22m,2+ stops,Biz,35.0,12299.34,515
4122,Air India,delhi,Chennai,2025-02-08,15:30,1h 22m,2+ stops,Eco,14.0,15411.59,1760
4123,GoAir,Chennai,Kolkata,25-Feb-2025,12:30,2h 17m,Non Stop,Business,19.0,24415.84,1360
4124,Air India,Chenai,Cochin,02/01/2025,20:00,2h 17m,1 stop,Eco,46.0,4095.73,500
4125,GoAir,Bangalore,Kolkata,08/09/2025,13:30,3h 7m,2 stops,Eco,,10645.78,1560
4126,GoAir,Chenai,Cochin,11/08/2025,16:15,2h 57m,Non Stop,Economy,28.0,3690.52,500
4127,GoAir,Kolkata,HYDERABAD,14/04/2025,7:30,5h 15m,non-stop,Eco,37.0,7824.2,1190
4128,AIR INDIA,delhi,HYDERABAD,20/03/2025,11:45,3h 51m,,economy,54.0,9347.27,1260
4129,SpiceJet,Delhi,Mumbai,09/29/2025,13:00,1h 32m,Non Stop,Eco,59.0,6604.05,1150
4130,Go Air,MUMBAI,Bangalore,26/10/2025,14:45,5h 13m,Non Stop,BUSINESS,48.0,16220.34,840
4131,IndiGo,MUMBAI,Mumbai,10/08/2025,14:45,1h 42m,1 Stop,economy,44.0,6695.52,1030
4132,Air India,Delhi,Chennai,01/07/2025,3:45,2h 20m,non-stop,economy,39.0,11768.12,1760
4133,Air India,MUMBAI,Mumbai,19/06/2025,7:30,1h 37m,2+ stops,Biz,11.0,27069.9,1030
4134,AIR INDIA,Banglore,cochin,31/12/2025,9:00,1h 39m,non-stop,Biz,14.0,9192.68,360
4135,GoAir,Chenai,HYDERABAD,21/10/2025,17:00,4h 47m,,BUSINESS,26.0,10407.05,515
4136,SpiceJet,Chenai,Chennai,12/07/2025,6:00,8h 21m,,Eco,9.0,8439.51,1030
4137,,Chenai,HYDERABAD,16/10/2025,9:15,2h 5m,1 Stop,Economy,45.0,4082.36,515
4138,Go Air,Chenai,cochin,2025-09-19,11:30,4h 40m,1 stop,Biz,18.0,11057.54,500
4139,indigo,delhi,Kolkata,09/12/2025,9:00,2h 27m,,Business,6.0,28368.59,1300
4140,Spice Jet,Kolkata,Bangalore,15/12/2025,16:45,1h 45m,1 Stop,economy,46.0,9451.36,1560
4141,Go Air,MUMBAI,Delhi,04/15/2025,8:00,1h 34m,1 stop,Biz,21.0,19854.27,1150
4142,IndiGo,Bangalore,Cochin,11/08/2025,5:45,1h 24m,2 stops,Eco,30.0,2919.02,360
4143,AirAsia,Delhi,Mumbai,2025-06-14,17:00,1h 10m,1 stop,Biz,44.0,22250.26,1150
4144,IndiGo,Chenai,Chennai,22/09/2025,9:00,2h 47m,,economy,6.0,7486.8,1030
4145,IndiGo,Banglore,Bangalore,01/23/2025,20:15,2h 36m,2+ stops,Biz,4.0,26139.52,1030
4146,Go Air,Banglore,HYDERABAD,09-Dec-2025,7:45,2h 49m,Non Stop,BUSINESS,20.0,9336.93,500
4147,Spice Jet,Hyderabad,HYDERABAD,22-Feb-2025,21:30,4h 20m,2 stops,Business,56.0,20219.92,1030
4148,indigo,Chennai,cochin,28-Sep-2025,16:45,2h 59m,non-stop,economy,42.0,3861.3,500
4149,GoAir,Banglore,Delhi,2025-10-14,13:30,1h 57m,1 Stop,Biz,52.0,30366.75,1740
4150,Go Air,Chenai,Hyderabad,2025-08-25,2:15,2h 35m,2 stops,Business,7.0,11513.7,515
4151,Vistara,Chennai,HYDERABAD,21/02/2025,16:00,2h 59m,2 stops,Business,36.0,12357.98,515
4152,Go Air,Mumbai,Delhi,08/05/2025,23:00,2h 13m,2 stops,Economy,36.0,8308.39,1150
4153,SpiceJet,Bangalore,Hyderabad,02-Dec-2025,19:00,3h 50m,1 Stop,Economy,19.0,4019.03,500
4154,Go Air,Chenai,Chennai,09/01/2025,8:15,,2 stops,Biz,15.0,21931.92,1030
4155,SpiceJet,Delhi,HYDERABAD,2025-04-03,4:15,1h 49m,non-stop,Eco,33.0,8967.52,1260
4156,AirAsia,Hyderabad,Cochin,2025-02-10,11:15,2h 45m,non-stop,Economy,43.0,4672.36,700
4157,Spice Jet,Chenai,Cochin,30/04/2025,19:00,2h 6m,2+ stops,Biz,16.0,10973.53,500
4158,GoAir,Chennai,HYDERABAD,02/03/2025,11:30,3h 14m,1 stop,economy,53.0,3611.88,515
4159,AirAsia,Hyderabad,Bangalore,13/05/2025,11:00,2h 50m,2 stops,Eco,34.0,3684.2,500
4160,AIR INDIA,Banglore,cochin,03/22/2025,14:00,,2+ stops,Eco,28.0,3318.83,360
4161,Air India,Banglore,Kolkata,29-Apr-2025,23:45,1h 9m,,Economy,15.0,14240.0,1560
4162,SpiceJet,Delhi,Hyderabad,17-Nov-2025,23:15,1h 37m,Non Stop,Economy,42.0,8166.59,1260
4163,IndiGo,Mumbai,Bangalore,2025-07-30,5:30,4h 3m,1 Stop,Eco,15.0,5807.67,840
4164,Go Air,Hyderabad,Bangalore,2025-03-08,7:00,0h 49m,Non Stop,economy,10.0,3439.7,500
4165,indigo,MUMBAI,Bangalore,22/12/2025,23:00,1h 25m,,Economy,4.0,5792.9,840
4166,AirAsia,Delhi,Cochin,10/27/2025,16:15,1h 0m,non-stop,Economy,33.0,12372.28,2100
4167,GoAir,Chenai,cochin,2025-03-18,21:30,0h 55m,non-stop,Economy,37.0,2940.43,500
4168,Air India,delhi,Delhi,07/22/2025,20:00,2h 18m,1 stop,Economy,52.0,7224.01,1030
4169,SpiceJet,delhi,Cochin,03/20/2025,20:00,2h 11m,non-stop,,47.0,11729.17,2100
4170,AIR INDIA,Delhi,Mumbai,04/22/2025,19:15,1h 51m,,Biz,12.0,27792.32,1150
4171,AirAsia,Hyderabad,cochin,02/15/2025,9:00,3h 8m,,Eco,24.0,4932.37,700
4172,AirAsia,Chenai,Hyderabad,03/10/2025,8:15,2h 19m,,Business,14.0,10592.69,515
4173,indigo,Bangalore,HYDERABAD,2025-06-23,4:30,,1 stop,Biz,57.0,9854.69,500
4174,indigo,Hyderabad,Bangalore,10/07/2025,8:30,3h 7m,Non Stop,BUSINESS,57.0,8828.96,500
4175,Vistara,Chenai,Delhi,01/31/2025,4:15,2h 16m,Non Stop,Business,53.0,37835.12,1760
4176,AIR INDIA,Hyderabad,Delhi,03/04/2025,6:00,1h 19m,,BUSINESS,,31555.4,1260
4177,AIR INDIA,MUMBAI,HYDERABAD,2025-04-26,13:15,2h 34m,Non Stop,economy,5.0,5312.31,620
4178,Go Air,MUMBAI,HYDERABAD,17-Dec-2025,21:30,4h 45m,2+ stops,Business,20.0,13539.45,620
4179,SpiceJet,Bangalore,Cochin,26-Jul-2025,3:45,3h 0m,2+ stops,Biz,36.0,7345.27,360
4180,Vistara,Chenai,HYDERABAD,24-Apr-2025,6:00,2h 28m,non-stop,BUSINESS,35.0,11021.48,515
4181,SpiceJet,Hyderabad,cochin,09/08/2025,3:15,4h 4m,2+ stops,economy,36.0,5643.56,700
4182,Go Air,Chenai,Delhi,25/07/2025,10:15,1h 19m,1 Stop,Economy,44.0,11865.09,1760
4183,GoAir,Bangalore,Cochin,09-Jun-2025,13:30,4h 41m,Non Stop,BUSINESS,49.0,7028.59,360
4184,Vistara,Bangalore,HYDERABAD,08/28/2025,18:15,4h 24m,,BUSINESS,55.0,11906.36,500
4185,Spice Jet,MUMBAI,Delhi,06/13/2025,11:45,3h 14m,2 stops,economy,40.0,8483.7,1150
4186,AirAsia,Chennai,Cochin,04/03/2025,6:15,4h 20m,non-stop,Business,8.0,10331.84,500
4187,SpiceJet,delhi,HYDERABAD,07-Mar-2025,1:00,2h 47m,2+ stops,Eco,55.0,8450.25,1260
4188,GoAir,Chennai,Bangalore,05/25/2025,22:30,4h 17m,1 stop,Business,4.0,6653.04,290
4189,Vistara,Hyderabad,Bangalore,2025-07-05,14:30,3h 42m,2 stops,Biz,8.0,12630.31,500
4190,GoAir,Mumbai,cochin,2025-08-07,22:45,1h 16m,,,19.0,6025.35,860
4191,Air India,Bangalore,Mumbai,19/06/2025,13:15,1h 15m,1 stop,economy,5.0,7151.9,840
4192,Air India,Banglore,Kolkata,09-Apr-2025,2:15,2h 20m,2+ stops,Biz,56.0,38874.39,1560
4193,IndiGo,Chenai,Delhi,2025-01-30,19:00,2h 4m,2 stops,Economy,8.0,12683.77,1760
4194,Spice Jet,Delhi,Cochin,04/23/2025,13:45,1h 17m,non-stop,Biz,48.0,38677.8,2100
4195,GoAir,Banglore,cochin,25-Sep-2025,20:00,,2+ stops,economy,7.0,3314.0,360
4196,Go Air,delhi,Mumbai,29-Nov-2025,4:00,4h 3m,Non Stop,Business,23.0,23028.72,1150
4197,Air India,delhi,cochin,2025-10-27,3:15,2h 46m,Non Stop,Biz,5.0,50485.46,2100
4198,indigo,Bangalore,cochin,01/16/2025,11:15,3h 50m,2 stops,Economy,36.0,3253.22,360
4199,Vistara,Banglore,Hyderabad,30-Jun-2025,18:45,1h 18m,2 stops,Eco,30.0,4723.91,500
4200,IndiGo,Kolkata,Chennai,24/09/2025,14:45,1h 35m,,Economy,45.0,8718.35,1360
4201,Spice Jet,Mumbai,Cochin,10/16/2025,20:30,1h 45m,1 stop,BUSINESS,56.0,14654.09,860
4202,AirAsia,Banglore,Bangalore,2025-09-01,22:45,6h 1m,1 Stop,Business,46.0,18977.0,1030
4203,SpiceJet,Kolkata,HYDERABAD,2025-09-04,11:00,2h 37m,1 Stop,Biz,59.0,19005.84,1190
4204,Air India,Delhi,Cochin,11/02/2025,17:30,1h 26m,2+ stops,Eco,12.0,19406.06,2100
4205,AIR INDIA,delhi,cochin,2025-05-28,23:45,2h 0m,2 stops,BUSINESS,58.0,48530.59,2100
4206,Air India,Chenai,Chennai,2025-09-11,8:00,2h 21m,Non Stop,economy,36.0,7441.31,1030
4207,indigo,Kolkata,Cochin,2025-03-23,11:45,2h 51m,non-stop,Economy,4.0,13537.2,1900
4208,IndiGo,Kolkata,Chennai,2025-09-27,18:00,5h 5m,,economy,35.0,9854.78,1360
4209,indigo,Bangalore,Kolkata,16/04/2025,20:00,3h 50m,,BUSINESS,41.0,31733.42,1560
4210,AIR INDIA,Delhi,Bangalore,2025-04-20,21:15,2h 32m,1 Stop,economy,51.0,12698.37,1740
4211,indigo,Bangalore,Delhi,06/21/2025,7:00,2h 57m,2+ stops,Biz,21.0,41594.35,1740
4212,Spice Jet,Chennai,cochin,2025-07-22,18:45,2h 23m,2 stops,Eco,17.0,3953.86,500
4213,AirAsia,Banglore,Mumbai,05/15/2025,23:00,2h 51m,1 Stop,Biz,2.0,18199.48,840
4214,indigo,Bangalore,cochin,2025-04-16,1:15,6h 27m,1 stop,Business,42.0,8205.09,360
4215,AirAsia,Kolkata,Mumbai,21/07/2025,19:45,2h 55m,Non Stop,economy,,9874.69,1650
4216,Go Air,Mumbai,Hyderabad,07/18/2025,7:15,2h 21m,,Economy,10.0,5014.48,620
4217,Go Air,Kolkata,Cochin,17/12/2025,23:15,4h 5m,1 Stop,Business,43.0,32674.3,1900
4218,GoAir,Banglore,Delhi,05/06/2025,22:45,1h 32m,Non Stop,Eco,37.0,10730.96,1740
4219,AIR INDIA,Banglore,Bangalore,02/04/2025,19:15,0h 49m,1 Stop,Eco,59.0,7768.66,1030
4220,AirAsia,Bangalore,Hyderabad,23-Feb-2025,2:30,1h 33m,1 stop,Eco,27.0,3361.38,500
4221,Air India,delhi,Bangalore,06/10/2025,12:45,,1 stop,BUSINESS,26.0,40348.72,1740
4222,Spice Jet,Delhi,Mumbai,2025-12-10,10:45,3h 0m,,Economy,9.0,8716.72,1150
4223,indigo,Chennai,Mumbai,2025-09-02,17:45,,1 Stop,Economy,52.0,6771.09,1030
4224,IndiGo,Kolkata,Cochin,11-Oct-2025,20:30,3h 57m,2 stops,Business,41.0,39857.76,1900
4225,Air India,delhi,Delhi,08-Jan-2025,7:00,2h 17m,1 stop,economy,7.0,8482.33,1030
4226,SpiceJet,MUMBAI,cochin,07/12/2025,11:45,1h 53m,,Business,60.0,15287.37,860
4227,Spice Jet,Banglore,Cochin,19-Sep-2025,20:15,1h 1m,2 stops,BUSINESS,1.0,9403.8,360
4228,SpiceJet,Chennai,Hyderabad,2025-03-21,9:30,2h 52m,1 stop,Eco,,3697.75,515
4229,Spice Jet,delhi,Kolkata,02-Jul-2025,11:15,2h 19m,Non Stop,economy,8.0,9593.51,1300
4230,Vistara,Mumbai,Chennai,05/22/2025,21:30,1h 9m,Non Stop,Eco,2.0,8302.56,1030
4231,indigo,Banglore,Cochin,03/01/2025,17:15,1h 58m,,Biz,39.0,7150.03,360
4232,AirAsia,Chenai,Kolkata,2025-04-02,9:00,4h 15m,non-stop,Biz,52.0,23359.99,1360
4233,Spice Jet,Banglore,Cochin,12/28/2025,3:45,3h 13m,non-stop,economy,52.0,2768.01,360
4234,GoAir,Chenai,Hyderabad,05/19/2025,11:45,2h 14m,Non Stop,Business,11.0,10935.25,515
4235,GoAir,Delhi,HYDERABAD,12/09/2025,15:15,1h 15m,Non Stop,Eco,8.0,9311.64,1260
4236,IndiGo,delhi,Bangalore,15-Jun-2025,7:00,1h 11m,2 stops,Economy,54.0,14078.72,1740
4237,Vistara,Banglore,Cochin,19/12/2025,22:15,3h 28m,1 stop,Business,36.0,8846.76,360
4238,Vistara,Mumbai,Bangalore,05/13/2025,10:00,1h 8m,1 stop,BUSINESS,49.0,17913.69,840
4239,AirAsia,Hyderabad,cochin,2025-08-22,1:00,7h 15m,2 stops,Biz,21.0,15133.12,700
4240,AirAsia,Hyderabad,Bangalore,28/01/2025,10:15,8h 9m,non-stop,Economy,13.0,4022.41,500
4241,Vistara,MUMBAI,Bangalore,07/28/2025,16:30,4h 21m,,,4.0,7974.55,840
4242,AIR INDIA,Bangalore,Mumbai,23/01/2025,4:30,2h 55m,1 Stop,Eco,28.0,6243.28,840
4243,Air India,Hyderabad,Chennai,01-May-2025,5:00,1h 45m,non-stop,Biz,50.0,12269.52,515
4244,SpiceJet,Bangalore,Hyderabad,02/21/2025,14:15,,1 stop,BUSINESS,26.0,10801.01,500
4245,Spice Jet,Hyderabad,HYDERABAD,30-Jul-2025,21:00,3h 51m,Non Stop,BUSINESS,40.0,17340.74,1030
4246,Air India,MUMBAI,cochin,08/08/2025,22:45,1h 7m,2+ stops,economy,4.0,7431.55,860
4247,AIR INDIA,delhi,Chennai,11/01/2025,8:30,1h 41m,1 Stop,Biz,29.0,41438.49,1760
4248,Spice Jet,Mumbai,HYDERABAD,16/03/2025,15:00,0h 44m,1 Stop,Business,11.0,13968.1,620
4249,indigo,Hyderabad,Cochin,2025-10-01,13:00,,,Eco,26.0,4896.75,700
4250,indigo,Chennai,Delhi,2025-05-09,17:45,1h 41m,2+ stops,Economy,43.0,13578.96,1760
4251,Go Air,Delhi,Hyderabad,2025-12-06,7:30,3h 49m,2+ stops,economy,55.0,,1260
4252,AIR INDIA,Kolkata,Delhi,28/11/2025,17:00,3h 7m,2+ stops,Biz,26.0,31991.06,1300
4253,Vistara,Bangalore,cochin,02/01/2025,17:30,3h 2m,non-stop,Economy,56.0,3194.55,360
4254,Air India,Banglore,HYDERABAD,18/08/2025,3:45,2h 4m,1 stop,economy,44.0,3875.2,500
4255,Go Air,Bangalore,Cochin,09/20/2025,14:30,2h 21m,non-stop,Eco,8.0,2553.36,360
4256,AirAsia,Hyderabad,Bangalore,29-Mar-2025,16:45,2h 56m,1 Stop,Eco,59.0,3397.01,500
4257,AIR INDIA,delhi,cochin,05-Aug-2025,10:00,4h 59m,1 Stop,BUSINESS,25.0,46125.89,2100
4258,AirAsia,Hyderabad,Cochin,2025-04-17,0:00,1h 37m,non-stop,Eco,2.0,5040.18,700
4259,Go Air,Mumbai,Chennai,15-Oct-2025,6:00,1h 21m,1 Stop,BUSINESS,40.0,18458.66,1030
4260,AIR INDIA,Kolkata,Bangalore,2025-03-18,7:00,1h 6m,1 stop,,9.0,11970.53,1560
4261,Go Air,Hyderabad,Mumbai,24-Mar-2025,4:45,4h 15m,2 stops,economy,46.0,4029.32,620
4262,SpiceJet,Chenai,Chennai,12/27/2025,0:15,1h 0m,2+ stops,Business,38.0,21894.64,1030
4263,Spice Jet,Delhi,cochin,05-Nov-2025,23:00,0h 57m,non-stop,,33.0,13170.18,2100
4264,indigo,Banglore,Cochin,05-Dec-2025,1:30,4h 55m,non-stop,Eco,59.0,2676.95,360
4265,indigo,Chenai,HYDERABAD,09/23/2025,18:45,5h 12m,Non Stop,economy,,4157.39,515
4266,Air India,Mumbai,Kolkata,31-Aug-2025,9:45,2h 7m,Non Stop,economy,10.0,13546.11,1650
4267,IndiGo,MUMBAI,Chennai,23/06/2025,11:00,5h 17m,1 stop,Eco,9.0,8089.19,1030
4268,GoAir,Kolkata,cochin,2025-11-24,2:15,2h 37m,1 stop,economy,33.0,12686.39,1900
4269,Vistara,MUMBAI,cochin,2025-11-05,20:00,1h 43m,non-stop,Biz,50.0,18585.59,860
4270,Go Air,Bangalore,Chennai,01/10/2025,13:15,1h 34m,1 stop,Biz,31.0,5500.49,290
4271,Vistara,Kolkata,HYDERABAD,2025-04-20,15:30,3h 53m,2+ stops,BUSINESS,45.0,32665.43,1190
4272,Spice Jet,Chennai,Cochin,01-Sep-2025,16:15,2h 7m,1 stop,BUSINESS,10.0,10435.58,500
4273,GoAir,MUMBAI,Hyderabad,2025-07-03,19:00,3h 15m,non-stop,Biz,36.0,12152.36,620
4274,Spice Jet,Chennai,Mumbai,11/21/2025,3:45,3h 46m,2 stops,Business,5.0,24038.89,1030
4275,IndiGo,Bangalore,Delhi,02/24/2025,17:45,1h 31m,Non Stop,Economy,43.0,11287.1,1740
4276,IndiGo,Hyderabad,Chennai,05/15/2025,9:15,,non-stop,Business,2.0,11724.92,515
4277,indigo,Delhi,Kolkata,2025-12-22,15:30,2h 43m,2 stops,Economy,32.0,9877.74,1300
4278,AIR INDIA,delhi,Cochin,2025-12-17,6:00,3h 4m,1 Stop,economy,11.0,15426.15,2100
4279,AIR INDIA,delhi,Chennai,27-Feb-2025,22:15,2h 28m,2+ stops,Economy,47.0,13666.77,1760
4280,SpiceJet,Chennai,Hyderabad,03-Jan-2025,2:45,1h 18m,2+ stops,Business,35.0,10726.27,515
4281,AIR INDIA,Bangalore,Kolkata,20/03/2025,1:15,4h 34m,2 stops,Eco,46.0,11828.82,1560
4282,GoAir,Hyderabad,Kolkata,2025-10-15,2:15,7h 6m,non-stop,Business,47.0,19919.23,1190
4283,SpiceJet,Hyderabad,Chennai,11/27/2025,14:15,3h 55m,non-stop,Eco,22.0,4159.47,515
4284,Spice Jet,Chennai,Bangalore,10/29/2025,8:30,,non-stop,Biz,29.0,6366.33,290
4285,indigo,Bangalore,Delhi,2025-12-09,20:30,2h 37m,2+ stops,Economy,46.0,13610.47,1740
4286,Vistara,Delhi,Hyderabad,27-Feb-2025,1:45,2h 34m,non-stop,Economy,55.0,9792.32,1260
4287,AirAsia,MUMBAI,Chennai,18-Aug-2025,9:30,0h 51m,,Business,35.0,,1030
4288,Air India,Chennai,Cochin,29/10/2025,10:30,4h 38m,,Economy,35.0,,500
4289,GoAir,Hyderabad,HYDERABAD,2025-03-18,8:15,3h 42m,non-stop,Business,59.0,,1030
4290,Spice Jet,Chennai,Bangalore,14/12/2025,22:30,2h 6m,2 stops,BUSINESS,36.0,6498.79,290
4291,Vistara,Delhi,Mumbai,2025-02-23,0:45,1h 47m,Non Stop,Business,16.0,27041.75,1150
4292,indigo,Mumbai,Kolkata,2025-01-02,20:30,1h 31m,2+ stops,Business,20.0,37987.81,1650
4293,AirAsia,Delhi,cochin,12/21/2025,10:15,0h 51m,1 stop,Economy,53.0,,2100
4294,SpiceJet,MUMBAI,Hyderabad,20/08/2025,21:15,5h 13m,2+ stops,,50.0,13456.46,620
4295,Air India,Bangalore,Kolkata,04/06/2025,13:30,3h 53m,Non Stop,Business,18.0,33020.89,1560
4296,GoAir,Banglore,Kolkata,15/08/2025,4:30,1h 0m,2+ stops,BUSINESS,38.0,30653.88,1560
4297,Vistara,Kolkata,cochin,12/27/2025,15:15,1h 52m,non-stop,Business,44.0,42244.78,1900
4298,AIR INDIA,MUMBAI,HYDERABAD,2025-04-11,2:45,1h 25m,Non Stop,Business,57.0,13347.47,620
4299,SpiceJet,delhi,Cochin,2025-01-22,1:15,5h 24m,2+ stops,BUSINESS,25.0,47312.84,2100
4300,IndiGo,Mumbai,Hyderabad,10-May-2025,8:45,3h 7m,Non Stop,economy,10.0,5381.95,620
4301,Vistara,Bangalore,Chennai,01-Apr-2025,1:00,3h 48m,1 stop,Biz,38.0,7827.5,290
4302,AIR INDIA,Bangalore,Hyderabad,2025-07-28,3:30,0h 45m,,economy,33.0,4106.93,500
4303,indigo,Kolkata,HYDERABAD,2025-02-16,0:00,3h 28m,2+ stops,Business,44.0,,1190
4304,AirAsia,Banglore,Bangalore,15-May-2025,11:30,0h 52m,1 stop,Economy,6.0,6546.9,1030
4305,Air India,delhi,Hyderabad,08/07/2025,11:00,2h 43m,Non Stop,BUSINESS,17.0,27517.37,1260
4306,IndiGo,Mumbai,Delhi,2025-09-28,13:00,6h 58m,Non Stop,Biz,15.0,25497.48,1150
4307,Air India,Delhi,Kolkata,23/01/2025,10:45,2h 13m,non-stop,Eco,7.0,11358.32,1300
4308,IndiGo,Bangalore,HYDERABAD,09-Aug-2025,23:15,1h 44m,1 Stop,Eco,14.0,4097.25,500
4309,Vistara,Hyderabad,Cochin,11/11/2025,18:15,4h 58m,2+ stops,economy,44.0,6758.7,700
4310,,MUMBAI,Cochin,2025-12-27,11:45,1h 27m,non-stop,economy,8.0,6275.22,860
4311,AirAsia,Kolkata,HYDERABAD,08-Sep-2025,1:00,,2 stops,economy,28.0,8541.03,1190
4312,Air India,Chenai,Delhi,2025-12-12,12:00,2h 10m,1 Stop,Eco,16.0,14649.32,1760
4313,Air India,Mumbai,Cochin,10/30/2025,22:45,1h 33m,non-stop,Business,44.0,15803.77,860
4314,,Banglore,Hyderabad,2025-12-11,1:30,2h 14m,non-stop,Business,4.0,10713.97,500
4315,Go Air,Banglore,Kolkata,15-May-2025,3:30,8h 15m,,Business,60.0,29918.46,1560
4316,AirAsia,Banglore,Delhi,04/30/2025,16:15,6h 59m,,Economy,11.0,12364.51,1740
4317,Spice Jet,Kolkata,Mumbai,16-Feb-2025,5:00,1h 21m,non-stop,BUSINESS,54.0,27027.47,1650
4318,GoAir,Mumbai,Chennai,12/10/2025,15:45,1h 36m,non-stop,Eco,6.0,6061.33,1030
4319,indigo,Bangalore,Delhi,06/28/2025,20:45,2h 39m,2+ stops,Eco,51.0,12403.02,1740
4320,indigo,MUMBAI,Cochin,07-Jan-2025,19:30,1h 53m,Non Stop,Eco,59.0,5594.35,860
4321,,delhi,Kolkata,14/11/2025,4:30,1h 52m,,Eco,55.0,8252.57,1300
4322,Vistara,Chenai,cochin,16/05/2025,10:15,1h 46m,,Biz,4.0,12845.08,500
4323,indigo,MUMBAI,Bangalore,2025-01-08,1:15,2h 46m,1 Stop,Eco,58.0,5997.76,840
4324,IndiGo,Bangalore,Cochin,12/08/2025,12:00,2h 5m,,Eco,46.0,2926.2,360
4325,Vistara,Delhi,Cochin,07/10/2025,0:30,1h 25m,2+ stops,BUSINESS,41.0,43955.14,2100
4326,Vistara,Hyderabad,Kolkata,2025-05-31,11:15,3h 8m,2+ stops,Biz,46.0,26647.03,1190
4327,Go Air,Hyderabad,Mumbai,23/07/2025,17:15,2h 44m,Non Stop,Eco,53.0,,620
4328,indigo,Delhi,HYDERABAD,01/22/2025,16:45,2h 31m,1 stop,Economy,42.0,,1260
4329,AIR INDIA,delhi,Kolkata,03/24/2025,7:45,2h 54m,1 stop,Business,2.0,32464.74,1300
4330,AIR INDIA,Banglore,Kolkata,21/03/2025,7:00,4h 26m,1 stop,BUSINESS,50.0,34257.52,1560
4331,Spice Jet,delhi,HYDERABAD,2025-04-14,1:00,6h 22m,Non Stop,Business,47.0,22698.32,1260
4332,IndiGo,Banglore,cochin,11-Dec-2025,23:00,5h 49m,Non Stop,Economy,17.0,3172.03,360
4333,AIR INDIA,Kolkata,Bangalore,27-Jun-2025,14:30,2h 34m,non-stop,Biz,9.0,33920.77,1560
4334,Air India,Banglore,cochin,2025-01-08,21:15,4h 13m,1 stop,Biz,7.0,9549.92,360
4335,Go Air,MUMBAI,HYDERABAD,16-Jun-2025,0:00,4h 39m,2 stops,economy,42.0,4408.86,620
4336,GoAir,Delhi,Mumbai,04/10/2025,18:15,1h 52m,Non Stop,,52.0,7370.16,1150
4337,IndiGo,Mumbai,HYDERABAD,06/09/2025,22:30,3h 59m,non-stop,Economy,15.0,4914.74,620
4338,AIR INDIA,Bangalore,Cochin,21-Jun-2025,9:15,4h 47m,,,37.0,8498.92,360
4339,Air India,MUMBAI,cochin,02/04/2025,5:45,1h 25m,Non Stop,BUSINESS,47.0,17071.18,860
4340,Vistara,MUMBAI,cochin,26-Oct-2025,11:00,2h 30m,2+ stops,economy,52.0,6628.48,860
4341,Go Air,delhi,Bangalore,18-Apr-2025,7:00,2h 3m,2 stops,Biz,1.0,36356.76,1740
4342,Vistara,Delhi,Mumbai,2025-02-23,0:45,1h 47m,Non Stop,Business,16.0,26150.05,1150
4343,indigo,Bangalore,Delhi,08/05/2025,15:00,5h 33m,1 Stop,Business,13.0,32699.2,1740
4344,Go Air,Banglore,HYDERABAD,2025-08-24,20:15,3h 26m,non-stop,BUSINESS,44.0,9243.49,500
4345,AIR INDIA,Chennai,Kolkata,09-Jul-2025,21:30,1h 30m,2 stops,economy,19.0,11816.93,1360
4346,IndiGo,delhi,Delhi,27-Dec-2025,11:00,2h 25m,2 stops,Eco,4.0,8643.36,1030
4347,Vistara,Chenai,cochin,26-Apr-2025,18:15,2h 35m,,Business,47.0,11109.5,500
4348,Spice Jet,delhi,Kolkata,04-Aug-2025,16:00,4h 20m,2 stops,Biz,33.0,26932.52,1300
4349,Spice Jet,Delhi,Cochin,2025-04-05,0:00,3h 0m,1 Stop,economy,7.0,14539.11,2100
4350,Air India,Mumbai,Kolkata,2025-10-06,15:30,2h 8m,,BUSINESS,15.0,38853.77,1650
4351,Air India,delhi,Bangalore,17/08/2025,10:00,2h 36m,non-stop,Eco,19.0,14386.5,1740
4352,AirAsia,Mumbai,Kolkata,23/01/2025,0:30,9h 58m,2 stops,Biz,7.0,36969.07,1650
4353,indigo,Hyderabad,Mumbai,09/12/2025,11:30,2h 33m,,Biz,6.0,14493.65,620
4354,IndiGo,delhi,Mumbai,05/08/2025,12:45,,2+ stops,Economy,46.0,8451.98,1150
4355,indigo,Delhi,Mumbai,25-Sep-2025,13:30,5h 0m,2 stops,Eco,22.0,9511.45,1150
4356,Spice Jet,Chenai,Hyderabad,01/02/2025,16:15,1h 24m,2+ stops,BUSINESS,30.0,10151.32,515
4357,SpiceJet,delhi,Hyderabad,16/10/2025,13:00,1h 48m,1 Stop,Business,31.0,24532.76,1260
4358,Vistara,Bangalore,HYDERABAD,12-Feb-2025,19:30,2h 27m,,economy,45.0,4309.01,500
4359,Go Air,Bangalore,HYDERABAD,26/09/2025,5:15,2h 24m,1 Stop,economy,43.0,3711.62,500
4360,IndiGo,MUMBAI,HYDERABAD,11/12/2025,14:15,1h 37m,2+ stops,Biz,10.0,15587.91,620
4361,indigo,delhi,Cochin,06/16/2025,14:45,,,Business,20.0,45763.85,2100
4362,Vistara,Hyderabad,Cochin,2025-06-20,2:45,1h 3m,,Biz,7.0,17254.78,700
4363,AirAsia,Mumbai,Cochin,06/02/2025,17:30,1h 49m,2 stops,economy,10.0,6460.26,860
4364,Air India,Chenai,Mumbai,11/08/2025,0:45,1h 22m,2 stops,Biz,4.0,24408.35,1030
4365,indigo,Chennai,Cochin,28-Apr-2025,10:15,1h 1m,1 stop,Economy,35.0,3545.83,500
4366,GoAir,Banglore,Chennai,01-Aug-2025,23:15,1h 48m,1 stop,BUSINESS,55.0,5605.34,290
4367,AIR INDIA,Chenai,Hyderabad,13-Oct-2025,2:00,1h 57m,Non Stop,,26.0,4169.48,515
4368,Go Air,Mumbai,Cochin,11/06/2025,9:30,1h 46m,1 Stop,BUSINESS,49.0,14223.54,860
4369,Spice Jet,Chenai,Mumbai,29-Aug-2025,2:45,6h 58m,2+ stops,Eco,35.0,8284.07,1030
4370,IndiGo,Mumbai,cochin,2025-03-25,21:15,6h 3m,2+ stops,economy,4.0,8013.59,860
4371,AirAsia,Bangalore,Delhi,16/12/2025,1:45,2h 16m,1 stop,,22.0,11362.73,1740
4372,IndiGo,Delhi,Bangalore,03/23/2025,6:00,3h 8m,,Business,49.0,,1740
4373,Go Air,Banglore,Hyderabad,08/09/2025,17:30,5h 0m,non-stop,BUSINESS,47.0,9033.94,500
4374,Vistara,Delhi,Hyderabad,10-Dec-2025,23:45,1h 27m,non-stop,Business,19.0,28303.22,1260
4375,Air India,Banglore,Hyderabad,17-Dec-2025,12:00,1h 57m,2+ stops,,26.0,4394.79,500
4376,Go Air,Banglore,Bangalore,06/12/2025,16:45,4h 10m,1 Stop,Business,37.0,19818.83,1030
4377,AIR INDIA,Chennai,Bangalore,2025-04-29,22:30,0h 52m,,Business,51.0,6275.59,290
4378,Go Air,Delhi,cochin,05/09/2025,21:15,,1 stop,economy,44.0,12415.73,2100
4379,Go Air,Delhi,Bangalore,2025-11-26,6:30,2h 51m,1 Stop,BUSINESS,15.0,33927.22,1740
4380,AirAsia,Delhi,Bangalore,04/21/2025,14:15,2h 40m,2 stops,Economy,43.0,11211.41,1740
4381,Vistara,Mumbai,Kolkata,06-Apr-2025,7:15,1h 7m,2 stops,economy,10.0,15324.92,1650
4382,SpiceJet,Hyderabad,Kolkata,18-Sep-2025,17:45,1h 14m,2+ stops,BUSINESS,32.0,28779.64,1190
4383,AirAsia,delhi,Chennai,18-Dec-2025,11:15,1h 21m,non-stop,Biz,48.0,32331.95,1760
4384,Go Air,Mumbai,Delhi,2025-08-01,9:45,1h 44m,2 stops,BUSINESS,36.0,21857.43,1150
4385,IndiGo,Mumbai,Delhi,23-Sep-2025,19:45,3h 58m,1 Stop,Biz,37.0,22762.85,1150
4386,Vistara,Hyderabad,cochin,31-Oct-2025,2:30,3h 6m,2+ stops,Biz,58.0,16506.4,700
4387,Go Air,Chennai,cochin,13-Apr-2025,9:15,3h 5m,non-stop,Business,22.0,10932.55,500
4388,AIR INDIA,Mumbai,Kolkata,02-May-2025,1:00,5h 14m,,economy,6.0,13591.44,1650
4389,IndiGo,Kolkata,Bangalore,22-Mar-2025,14:00,5h 14m,2 stops,Biz,19.0,32319.35,1560
4390,SpiceJet,Banglore,Kolkata,07/22/2025,21:15,3h 31m,,Economy,14.0,10828.73,1560
4391,AirAsia,Bangalore,Hyderabad,2025-05-17,14:45,4h 6m,2 stops,Eco,51.0,3831.44,500
4392,GoAir,Chennai,Kolkata,21/03/2025,4:15,0h 58m,,,17.0,9699.36,1360
4393,SpiceJet,Bangalore,Cochin,29/07/2025,8:45,3h 57m,1 stop,Biz,48.0,7205.99,360
4394,SpiceJet,Banglore,Kolkata,2025-06-02,17:15,1h 39m,,Eco,54.0,10286.58,1560
4395,indigo,Banglore,Bangalore,2025-12-23,17:15,2h 45m,Non Stop,BUSINESS,46.0,17133.74,1030
4396,GoAir,Bangalore,Hyderabad,2025-05-12,11:00,0h 54m,Non Stop,economy,52.0,3231.47,500
4397,IndiGo,MUMBAI,Bangalore,06/25/2025,9:45,3h 36m,2+ stops,Biz,30.0,20300.05,840
4398,AIR INDIA,Bangalore,Kolkata,05/03/2025,13:30,3h 44m,2 stops,Business,3.0,37353.03,1560
4399,AirAsia,Kolkata,cochin,01/07/2025,0:30,2h 15m,1 Stop,BUSINESS,40.0,32836.22,1900
4400,Spice Jet,Kolkata,Chennai,28-May-2025,14:30,4h 23m,1 Stop,Eco,33.0,8369.53,1360
4401,SpiceJet,Hyderabad,Bangalore,17-Dec-2025,23:00,2h 0m,1 Stop,economy,24.0,4111.45,500
4402,IndiGo,Bangalore,Hyderabad,04/08/2025,6:15,5h 2m,2 stops,BUSINESS,44.0,10531.76,500
4403,SpiceJet,Hyderabad,HYDERABAD,08/06/2025,14:30,0h 51m,2+ stops,economy,26.0,7804.54,1030
4404,,Bangalore,Cochin,2025-08-19,23:00,1h 22m,1 Stop,BUSINESS,23.0,8206.72,360
4405,Air India,Banglore,Chennai,22/11/2025,20:45,1h 17m,1 stop,BUSINESS,26.0,7505.49,290
4406,Air India,Chennai,cochin,27-Nov-2025,12:45,2h 43m,2+ stops,,55.0,,500
4407,indigo,Mumbai,Delhi,02-Oct-2025,14:00,3h 34m,2 stops,Economy,4.0,9075.47,1150
4408,AIR INDIA,Banglore,Cochin,12/19/2025,15:30,2h 38m,non-stop,BUSINESS,,8223.27,360
4409,Spice Jet,MUMBAI,Hyderabad,06/29/2025,15:15,1h 54m,1 stop,Economy,18.0,4957.48,620
4410,IndiGo,Hyderabad,Cochin,26/10/2025,18:15,4h 15m,,Economy,17.0,5553.89,700
4411,IndiGo,Mumbai,HYDERABAD,07-Dec-2025,18:00,2h 46m,2+ stops,Business,57.0,12540.94,620
4412,Air India,delhi,Hyderabad,23-Jun-2025,6:45,3h 0m,,Economy,3.0,9560.84,1260
4413,AirAsia,delhi,Bangalore,2025-10-11,0:00,3h 30m,,Eco,2.0,11227.98,1740
4414,Go Air,delhi,Bangalore,13/02/2025,1:45,1h 26m,1 stop,,13.0,12600.5,1740
4415,Vistara,Banglore,Chennai,30-Jul-2025,20:30,1h 36m,Non Stop,Biz,38.0,6521.84,290
4416,AirAsia,Mumbai,Chennai,2025-12-29,15:00,3h 54m,non-stop,economy,47.0,6170.01,1030
4417,Air India,delhi,Delhi,2025-03-10,9:45,3h 41m,2 stops,Economy,8.0,8627.74,1030
4418,Go Air,Kolkata,Delhi,26/12/2025,6:15,,,Business,21.0,26111.84,1300
4419,,Kolkata,Hyderabad,23-Sep-2025,18:30,1h 42m,non-stop,economy,23.0,8238.94,1190
4420,IndiGo,Hyderabad,Delhi,2025-12-21,3:30,2h 29m,Non Stop,Business,38.0,24269.53,1260
4421,,Mumbai,Kolkata,02/10/2025,8:45,6h 3m,1 Stop,Economy,55.0,12235.04,1650
4422,Spice Jet,Kolkata,Cochin,09/06/2025,20:45,5h 42m,Non Stop,Biz,47.0,37731.33,1900
4423,GoAir,Chennai,Delhi,06-Oct-2025,2:45,2h 17m,1 Stop,Biz,14.0,32085.09,1760
4424,AIR INDIA,Chenai,cochin,05/20/2025,6:30,1h 52m,non-stop,Economy,10.0,4249.41,500
4425,IndiGo,Delhi,Hyderabad,2025-03-12,2:15,5h 30m,non-stop,Eco,14.0,8934.95,1260
4426,IndiGo,Bangalore,Delhi,25-May-2025,4:45,4h 57m,2 stops,Business,1.0,40291.15,1740
4427,SpiceJet,Banglore,Delhi,09-Jul-2025,2:30,2h 39m,Non Stop,Biz,12.0,35191.72,1740
4428,Go Air,Kolkata,Chennai,12/02/2025,2:45,2h 41m,2 stops,Economy,44.0,9066.62,1360
4429,IndiGo,MUMBAI,Bangalore,11/05/2025,15:00,2h 34m,non-stop,economy,60.0,5621.17,840
4430,AirAsia,Bangalore,Mumbai,2025-04-17,11:15,2h 40m,,BUSINESS,14.0,17370.44,840
4431,indigo,Hyderabad,Chennai,01/14/2025,16:30,2h 14m,Non Stop,Eco,55.0,3674.67,515
4432,GoAir,Chennai,Delhi,10/16/2025,9:45,3h 19m,non-stop,Eco,41.0,10527.51,1760
4433,Go Air,Kolkata,Delhi,18/04/2025,12:30,1h 45m,2+ stops,Eco,16.0,9382.96,1300
4434,Spice Jet,Hyderabad,Cochin,2025-08-15,0:00,,non-stop,economy,22.0,4485.51,700
4435,SpiceJet,Banglore,Cochin,04/14/2025,14:00,1h 21m,2 stops,Eco,37.0,2643.27,360
4436,Go Air,delhi,HYDERABAD,17/07/2025,1:45,,Non Stop,Biz,55.0,24565.94,1260
4437,indigo,MUMBAI,Cochin,2025-09-02,3:45,7h 25m,2 stops,Biz,15.0,19137.3,860
4438,Vistara,Delhi,HYDERABAD,2025-07-25,19:45,4h 45m,Non Stop,Biz,29.0,26426.78,1260
4439,AirAsia,Bangalore,Kolkata,2025-09-24,9:15,1h 21m,2 stops,Economy,6.0,11277.06,1560
4440,AIR INDIA,MUMBAI,HYDERABAD,04/07/2025,15:15,2h 46m,,economy,11.0,5302.71,620
4441,GoAir,Hyderabad,Delhi,2025-02-26,7:15,2h 31m,,Biz,39.0,23649.34,1260
4442,Go Air,delhi,Hyderabad,05/03/2025,19:30,2h 45m,1 Stop,Biz,6.0,28342.67,1260
4443,Spice Jet,Delhi,Chennai,09/08/2025,19:15,1h 9m,non-stop,Business,36.0,33715.32,1760
4444,indigo,MUMBAI,Hyderabad,12-Mar-2025,18:00,5h 22m,,BUSINESS,60.0,12023.79,620
4445,Vistara,Bangalore,HYDERABAD,2025-01-30,17:45,1h 52m,2 stops,economy,14.0,4491.92,500
4446,Go Air,Delhi,Bangalore,12-May-2025,6:15,,1 Stop,Business,7.0,34854.08,1740
4447,indigo,Hyderabad,Kolkata,11-Jun-2025,17:00,3h 28m,Non Stop,Economy,9.0,9280.72,1190
4448,Go Air,Hyderabad,Mumbai,2025-12-30,4:30,1h 22m,1 stop,BUSINESS,47.0,11449.66,620
4449,Air India,Bangalore,Delhi,24-Aug-2025,19:15,1h 37m,1 Stop,Business,10.0,36650.34,1740
4450,Go Air,Chenai,Kolkata,07/12/2025,8:30,5h 49m,non-stop,Eco,40.0,8815.5,1360
4451,Spice Jet,Mumbai,Kolkata,2025-01-28,8:30,2h 59m,2+ stops,economy,18.0,11403.23,1650
4452,indigo,Banglore,HYDERABAD,2025-06-09,18:15,3h 55m,1 Stop,Business,52.0,11600.9,500
4453,AirAsia,Hyderabad,Kolkata,27-Oct-2025,14:00,5h 46m,Non Stop,Biz,4.0,21958.67,1190
4454,IndiGo,Delhi,Cochin,10/12/2025,6:00,2h 10m,,Economy,6.0,15615.41,2100
4455,AIR INDIA,Bangalore,Mumbai,24-Jul-2025,0:30,1h 11m,,Biz,30.0,19274.28,840
4456,Spice Jet,delhi,cochin,08/11/2025,3:00,3h 34m,non-stop,Biz,33.0,38730.59,2100
4457,Vistara,Banglore,Mumbai,09/04/2025,2:30,3h 2m,1 stop,Biz,53.0,18290.65,840
4458,AirAsia,delhi,cochin,12/22/2025,14:45,1h 37m,Non Stop,Economy,58.0,12126.38,2100
4459,Go Air,Banglore,HYDERABAD,20/05/2025,17:30,2h 21m,1 stop,economy,29.0,4007.92,500
4460,indigo,Mumbai,Kolkata,14-Mar-2025,8:15,2h 34m,Non Stop,Economy,50.0,11194.31,1650
4461,SpiceJet,Delhi,Bangalore,22-May-2025,6:15,1h 7m,1 Stop,Economy,43.0,12266.38,1740
4462,Go Air,delhi,HYDERABAD,01/25/2025,17:30,4h 49m,,Business,41.0,22497.49,1260
4463,GoAir,Banglore,Bangalore,2025-06-22,13:00,1h 55m,Non Stop,economy,56.0,6381.62,1030
4464,Air India,Hyderabad,Chennai,10/17/2025,7:45,7h 37m,2+ stops,Eco,14.0,5318.51,515
4465,AirAsia,delhi,Delhi,07/06/2025,0:45,2h 36m,Non Stop,Biz,5.0,20366.88,1030
4466,AirAsia,Kolkata,Cochin,22-Oct-2025,11:45,2h 41m,Non Stop,Biz,39.0,35978.41,1900
4467,Spice Jet,Delhi,Cochin,27-Jul-2025,11:45,4h 0m,2+ stops,economy,11.0,16001.76,2100
4468,AirAsia,Chennai,Kolkata,14-May-2025,6:15,0h 52m,1 Stop,Business,49.0,23547.51,1360
4469,indigo,Hyderabad,Kolkata,03/08/2025,5:30,2h 34m,non-stop,Eco,30.0,8552.61,1190
4470,Air India,Chennai,Kolkata,09/17/2025,13:15,5h 5m,non-stop,BUSINESS,60.0,24270.64,1360
4471,indigo,MUMBAI,Kolkata,04/25/2025,0:30,,1 Stop,Eco,44.0,11321.74,1650
4472,SpiceJet,MUMBAI,Hyderabad,15-Dec-2025,8:15,5h 35m,2 stops,Eco,58.0,4613.72,620
4473,SpiceJet,Bangalore,HYDERABAD,2025-05-13,11:45,3h 51m,1 Stop,Eco,59.0,3407.99,500
4474,IndiGo,Hyderabad,Delhi,29/11/2025,16:30,5h 33m,,Business,60.0,26025.8,1260
4475,Air India,Chenai,cochin,07/03/2025,8:00,3h 21m,,Eco,60.0,3708.36,500
4476,Go Air,Chennai,Mumbai,12/21/2025,2:00,2h 32m,non-stop,BUSINESS,13.0,20010.38,1030
4477,indigo,Bangalore,Hyderabad,07/07/2025,13:15,2h 55m,1 stop,Business,38.0,10747.5,500
4478,AIR INDIA,Delhi,Cochin,12/20/2025,5:45,1h 32m,1 Stop,Biz,22.0,51828.68,2100
4479,Go Air,delhi,cochin,27-Aug-2025,7:45,3h 39m,1 stop,Economy,55.0,13022.74,2100
4480,Air India,Banglore,HYDERABAD,05/08/2025,21:00,2h 26m,Non Stop,Biz,32.0,11648.47,500
4481,AIR INDIA,Mumbai,Chennai,05-May-2025,23:30,5h 43m,2+ stops,Biz,31.0,26563.08,1030
4482,Spice Jet,Mumbai,Chennai,23/12/2025,10:30,1h 34m,Non Stop,Business,52.0,18586.88,1030
4483,Spice Jet,Kolkata,Mumbai,15/02/2025,4:45,2h 7m,1 Stop,Eco,7.0,11079.95,1650
4484,indigo,Bangalore,Mumbai,26-Sep-2025,11:30,,2+ stops,economy,5.0,6539.38,840
4485,GoAir,Delhi,Chennai,2025-12-02,6:15,2h 42m,2 stops,Biz,18.0,36911.26,1760
4486,IndiGo,Hyderabad,Mumbai,23/07/2025,15:00,2h 7m,2 stops,Biz,12.0,13911.83,620
4487,SpiceJet,Chennai,Cochin,08/23/2025,13:30,1h 16m,2 stops,Biz,41.0,10802.91,500
4488,SpiceJet,Mumbai,cochin,07-Oct-2025,22:45,1h 43m,1 stop,Business,55.0,16743.49,860
4489,Spice Jet,Chenai,Bangalore,28/03/2025,12:45,2h 24m,2+ stops,Biz,51.0,,290
4490,Vistara,delhi,Hyderabad,07/17/2025,7:45,1h 4m,2 stops,Eco,47.0,9266.93,1260
4491,AIR INDIA,Kolkata,Cochin,19/04/2025,21:45,1h 27m,2+ stops,Biz,17.0,49197.12,1900
4492,GoAir,Delhi,Kolkata,02/10/2025,5:45,4h 40m,,Business,12.0,25078.2,1300
4493,Air India,Chennai,cochin,22-Jul-2025,4:15,1h 40m,Non Stop,Economy,40.0,3682.34,500
4494,GoAir,Bangalore,cochin,29-Sep-2025,1:45,2h 12m,1 Stop,Economy,46.0,2502.61,360
4495,GoAir,MUMBAI,Cochin,05-Jul-2025,8:00,1h 16m,,Biz,12.0,17451.87,860
4496,Vistara,Kolkata,HYDERABAD,26/06/2025,10:45,1h 51m,Non Stop,Biz,19.0,29303.7,1190
4497,GoAir,Chennai,Bangalore,08/01/2025,4:45,0h 48m,,Business,15.0,6101.57,290
4498,AIR INDIA,Hyderabad,Bangalore,17/01/2025,12:00,3h 43m,2 stops,BUSINESS,30.0,11833.06,500
4499,GoAir,Bangalore,Hyderabad,2025-01-24,7:45,1h 13m,2 stops,Business,,9382.06,500
4500,AIR INDIA,Hyderabad,HYDERABAD,29-Dec-2025,23:00,6h 5m,1 stop,Eco,20.0,8918.7,1030
4501,indigo,Kolkata,Hyderabad,05/06/2025,21:15,4h 5m,2 stops,Business,27.0,25068.74,1190
4502,Go Air,Banglore,Hyderabad,2025-04-15,3:00,1h 10m,Non Stop,Economy,52.0,3258.27,500
4503,,Bangalore,HYDERABAD,11-Feb-2025,13:00,4h 45m,1 stop,Economy,42.0,3920.17,500
4504,Air India,Mumbai,Bangalore,16-Aug-2025,13:15,1h 38m,2 stops,economy,44.0,6972.22,840
4505,AirAsia,Delhi,Chennai,20/05/2025,11:45,2h 13m,Non Stop,BUSINESS,48.0,29728.3,1760
4506,Spice Jet,Chennai,HYDERABAD,22-Jul-2025,21:45,3h 42m,,BUSINESS,14.0,11040.11,515
4507,SpiceJet,Bangalore,HYDERABAD,2025-09-08,17:00,2h 27m,1 Stop,Economy,3.0,4097.57,500
4508,Go Air,Banglore,Chennai,2025-04-13,22:45,1h 37m,1 stop,Business,29.0,6717.78,290
4509,Vistara,Mumbai,cochin,06-Oct-2025,8:15,2h 8m,1 Stop,Business,1.0,22951.7,860
4510,Go Air,MUMBAI,Chennai,17/11/2025,14:45,3h 2m,,Eco,5.0,7503.42,1030
4511,IndiGo,Chennai,Cochin,2025-12-03,17:00,2h 6m,2+ stops,economy,14.0,4338.22,500
4512,Air India,Bangalore,Hyderabad,10-May-2025,12:45,1h 14m,Non Stop,economy,59.0,3519.77,500
4513,Spice Jet,delhi,Cochin,2025-08-06,20:00,1h 7m,,Eco,40.0,12856.08,2100
4514,IndiGo,MUMBAI,Hyderabad,03/14/2025,19:30,3h 43m,,economy,53.0,4425.24,620
4515,Spice Jet,Hyderabad,cochin,10/12/2025,14:00,3h 40m,1 stop,economy,25.0,4969.44,700
4516,GoAir,MUMBAI,Bangalore,17-Jul-2025,18:15,2h 31m,Non Stop,BUSINESS,48.0,15658.51,840
4517,Air India,Mumbai,Bangalore,2025-09-26,21:00,5h 4m,1 Stop,economy,2.0,6931.3,840
4518,IndiGo,Chennai,Bangalore,10-Sep-2025,20:15,2h 2m,2 stops,Economy,56.0,2565.91,290
4519,IndiGo,Chenai,Cochin,07/14/2025,0:30,2h 30m,Non Stop,Business,34.0,10660.77,500
4520,SpiceJet,Chenai,Chennai,03/11/2025,18:30,2h 41m,,Economy,20.0,7395.5,1030
4521,IndiGo,Banglore,Kolkata,27-Mar-2025,14:30,6h 24m,2+ stops,Business,12.0,37310.41,1560
4522,GoAir,Banglore,Cochin,07/10/2025,19:30,0h 51m,1 stop,Economy,7.0,2689.91,360
4523,SpiceJet,delhi,Chennai,05/06/2025,7:15,1h 53m,1 Stop,BUSINESS,55.0,32889.55,1760
4524,GoAir,MUMBAI,Mumbai,24/02/2025,7:15,2h 56m,2 stops,Biz,34.0,22155.2,1030
4525,indigo,Chenai,Cochin,03/01/2025,16:00,5h 27m,1 stop,Economy,49.0,3833.59,500
4526,Vistara,Mumbai,Hyderabad,24-Aug-2025,0:00,1h 43m,non-stop,Business,,12759.28,620
4527,Air India,Kolkata,Hyderabad,14/09/2025,19:30,8h 29m,,Biz,44.0,27484.71,1190
4528,Spice Jet,Chennai,Kolkata,2025-01-25,15:45,2h 32m,2+ stops,Business,17.0,30891.83,1360
4529,AIR INDIA,Chenai,Cochin,2025-05-05,0:15,2h 43m,2 stops,economy,4.0,4330.85,500
4530,indigo,delhi,Cochin,06/05/2025,8:00,1h 28m,1 Stop,BUSINESS,52.0,39056.78,2100
4531,Spice Jet,MUMBAI,Bangalore,2025-11-13,5:00,1h 3m,1 Stop,Business,36.0,15610.72,840
4532,SpiceJet,Bangalore,cochin,12-Sep-2025,4:00,2h 38m,1 stop,Biz,24.0,7306.24,360
4533,IndiGo,Mumbai,Hyderabad,2025-10-24,8:45,6h 14m,Non Stop,Economy,38.0,4706.8,620
4534,AirAsia,Chenai,Hyderabad,2025-10-19,21:00,1h 48m,Non Stop,Biz,26.0,9475.48,515
4535,,Banglore,Delhi,08/03/2025,1:30,1h 32m,Non Stop,Biz,36.0,32659.45,1740
4536,AIR INDIA,Chennai,Delhi,2025-02-16,21:30,2h 44m,,Biz,46.0,36056.83,1760
4537,SpiceJet,Hyderabad,Kolkata,21-Apr-2025,23:30,0h 53m,non-stop,Eco,51.0,7218.67,1190
4538,GoAir,Bangalore,Cochin,2025-03-03,15:30,1h 23m,Non Stop,Biz,,7036.87,360
4539,Spice Jet,Mumbai,HYDERABAD,2025-02-12,9:15,2h 6m,2+ stops,Business,8.0,14100.19,620
4540,Spice Jet,Chenai,Hyderabad,2025-12-01,2:15,2h 5m,1 stop,Biz,50.0,10630.9,515
4541,IndiGo,Banglore,Mumbai,17/05/2025,4:00,2h 5m,2 stops,Business,33.0,18833.92,840
4542,Spice Jet,Chenai,Cochin,23-Apr-2025,15:45,2h 57m,2 stops,economy,60.0,3297.53,500
4543,Spice Jet,Hyderabad,Mumbai,2025-01-26,17:15,3h 32m,2+ stops,Eco,9.0,5380.2,620
4544,Vistara,Delhi,Cochin,2025-01-28,10:30,2h 50m,2+ stops,Biz,26.0,55424.21,2100
4545,AIR INDIA,MUMBAI,Kolkata,10/25/2025,20:00,3h 31m,1 stop,Business,15.0,37626.79,1650
4546,indigo,Delhi,Chennai,25/02/2025,0:00,2h 14m,1 Stop,,46.0,31833.26,1760
4547,GoAir,Kolkata,Cochin,21-May-2025,9:45,1h 45m,1 Stop,Eco,30.0,12513.26,1900
4548,SpiceJet,MUMBAI,Chennai,2025-11-09,15:30,,Non Stop,Economy,60.0,6394.67,1030
4549,Vistara,Kolkata,Bangalore,2025-12-13,8:45,7h 59m,1 Stop,Biz,2.0,36911.94,1560
4550,Go Air,Hyderabad,Kolkata,2025-04-11,7:15,1h 18m,2+ stops,Eco,27.0,7918.05,1190
4551,SpiceJet,Delhi,Mumbai,02/28/2025,10:15,4h 17m,,Eco,59.0,7489.97,1150
4552,SpiceJet,Mumbai,Delhi,2025-12-06,10:15,7h 32m,2+ stops,Economy,57.0,8340.1,1150
4553,AirAsia,Banglore,Kolkata,14-Oct-2025,2:30,1h 57m,1 Stop,Business,12.0,29893.54,1560
4554,Air India,Chenai,Delhi,04/03/2025,4:00,0h 49m,1 Stop,economy,29.0,13306.46,1760
4555,SpiceJet,Mumbai,Bangalore,12/08/2025,1:30,1h 37m,2 stops,Business,47.0,15582.29,840
4556,Spice Jet,Chenai,Cochin,2025-01-31,14:45,2h 47m,2 stops,Eco,11.0,3980.52,500
4557,SpiceJet,delhi,Bangalore,28-Dec-2025,13:00,5h 19m,Non Stop,BUSINESS,32.0,34061.49,1740
4558,SpiceJet,Chennai,Hyderabad,26-Aug-2025,14:30,3h 41m,Non Stop,Eco,36.0,3673.07,515
4559,GoAir,delhi,Mumbai,20-Dec-2025,14:00,4h 40m,,Biz,5.0,21709.45,1150
4560,AIR INDIA,Bangalore,Delhi,08/07/2025,17:30,5h 31m,2 stops,BUSINESS,51.0,37539.63,1740
4561,Go Air,delhi,Hyderabad,01/16/2025,0:15,3h 32m,1 Stop,,41.0,7820.85,1260
4562,Vistara,Chennai,Mumbai,13-Sep-2025,19:45,3h 39m,1 Stop,BUSINESS,19.0,25370.45,1030
4563,GoAir,Banglore,Chennai,02-Aug-2025,11:00,7h 41m,2+ stops,BUSINESS,20.0,7272.68,290
4564,SpiceJet,Kolkata,Cochin,06-Feb-2025,13:30,3h 6m,Non Stop,economy,31.0,11098.08,1900
4565,AIR INDIA,Chennai,Cochin,11/17/2025,1:45,8h 57m,1 stop,Biz,43.0,12289.73,500
4566,AIR INDIA,Chenai,cochin,2025-03-12,8:45,2h 4m,1 stop,Eco,23.0,3939.44,500
4567,Vistara,MUMBAI,Bangalore,2025-05-01,8:15,3h 27m,1 stop,Business,13.0,22719.23,840
4568,GoAir,Bangalore,cochin,20/10/2025,14:45,3h 55m,,Biz,9.0,7864.04,360
4569,IndiGo,delhi,Kolkata,20-Dec-2025,10:00,3h 40m,2+ stops,Eco,51.0,8970.46,1300
4570,Spice Jet,Hyderabad,HYDERABAD,26-Jan-2025,16:15,2h 49m,,BUSINESS,41.0,18612.57,1030
4571,Spice Jet,delhi,cochin,05/06/2025,8:15,4h 19m,2 stops,Eco,35.0,14994.61,2100
4572,GoAir,Chenai,Cochin,10/17/2025,20:00,5h 1m,1 stop,Business,20.0,10274.23,500
4573,Vistara,delhi,Delhi,2025-05-29,1:45,1h 58m,,Biz,16.0,24868.95,1030
4574,indigo,Bangalore,Delhi,12/11/2025,19:15,0h 45m,Non Stop,economy,58.0,11892.94,1740
4575,indigo,Hyderabad,cochin,18/05/2025,17:30,2h 6m,1 stop,Biz,32.0,14117.3,700
4576,GoAir,MUMBAI,Hyderabad,2025-01-13,2:00,1h 16m,Non Stop,BUSINESS,29.0,11773.74,620
4577,Air India,delhi,Chennai,16-Jun-2025,4:45,6h 18m,1 Stop,Business,16.0,44833.66,1760
4578,GoAir,Bangalore,HYDERABAD,02/11/2025,15:00,3h 17m,2 stops,BUSINESS,58.0,9905.24,500
4579,Vistara,Banglore,Cochin,31-Mar-2025,8:45,4h 20m,,BUSINESS,9.0,8501.17,360
4580,AIR INDIA,Bangalore,Chennai,2025-11-07,11:00,2h 31m,non-stop,Eco,25.0,2654.64,290
4581,indigo,Bangalore,Mumbai,10/23/2025,11:15,5h 50m,1 stop,Economy,,6083.0,840
4582,,MUMBAI,Hyderabad,15/04/2025,19:00,1h 26m,1 Stop,Eco,53.0,4740.53,620
4583,indigo,Delhi,Hyderabad,2025-11-06,17:00,5h 15m,2+ stops,BUSINESS,8.0,28997.5,1260
4584,Air India,Chenai,Bangalore,09/06/2025,17:00,2h 53m,2 stops,Business,4.0,9084.1,290
4585,Air India,Bangalore,Cochin,2025-08-04,14:45,1h 42m,2 stops,,32.0,3463.07,360
4586,SpiceJet,delhi,cochin,06/09/2025,18:45,2h 51m,1 Stop,Eco,20.0,13844.74,2100
4587,Air India,Delhi,Chennai,24-Sep-2025,4:45,5h 4m,1 stop,Business,58.0,36742.14,1760
4588,GoAir,Mumbai,Chennai,2025-12-22,16:45,4h 25m,Non Stop,Business,39.0,19858.59,1030
4589,Air India,Mumbai,Hyderabad,10-Mar-2025,18:45,1h 51m,2 stops,Biz,40.0,15041.28,620
4590,Go Air,delhi,Cochin,2025-03-26,7:00,2h 10m,2+ stops,Biz,29.0,45248.83,2100
4591,GoAir,Mumbai,Hyderabad,2025-10-07,13:30,1h 16m,1 Stop,Economy,32.0,4630.01,620
4592,GoAir,Bangalore,HYDERABAD,20-Oct-2025,13:30,2h 1m,1 stop,Business,2.0,10644.45,500
4593,Go Air,delhi,Mumbai,06/07/2025,13:45,2h 44m,2 stops,Biz,21.0,23431.02,1150
4594,SpiceJet,delhi,Kolkata,2025-12-29,19:15,2h 34m,1 stop,Economy,55.0,8190.03,1300
4595,IndiGo,Mumbai,Chennai,08-Jul-2025,8:30,1h 46m,non-stop,Eco,41.0,7323.46,1030
4596,GoAir,Hyderabad,Mumbai,2025-05-04,7:15,1h 36m,,Economy,40.0,4342.81,620
4597,AirAsia,Banglore,Bangalore,2025-02-26,21:00,2h 56m,1 stop,BUSINESS,38.0,19459.45,1030
4598,Air India,Delhi,Cochin,15-Mar-2025,10:45,1h 1m,2+ stops,,8.0,19088.84,2100
4599,AirAsia,Banglore,Chennai,2025-04-11,13:45,4h 0m,1 stop,Business,23.0,5338.66,290
4600,GoAir,Hyderabad,Chennai,02-Aug-2025,17:15,5h 58m,2+ stops,BUSINESS,32.0,11629.79,515
4601,Vistara,Chenai,cochin,06/10/2025,11:45,1h 53m,1 stop,Economy,17.0,4464.94,500
4602,indigo,Delhi,Chennai,06/11/2025,6:30,3h 8m,non-stop,Eco,4.0,14180.19,1760
4603,GoAir,Chenai,HYDERABAD,04/18/2025,15:30,2h 43m,1 Stop,Business,1.0,10101.63,515
4604,IndiGo,MUMBAI,Mumbai,24/03/2025,3:15,1h 3m,1 Stop,BUSINESS,53.0,22031.72,1030
4605,AIR INDIA,Hyderabad,HYDERABAD,05-Apr-2025,17:00,0h 49m,1 stop,Eco,10.0,8405.82,1030
4606,Vistara,delhi,Chennai,10-Nov-2025,14:00,2h 23m,1 stop,Economy,36.0,14140.35,1760
4607,AirAsia,MUMBAI,Mumbai,2025-05-08,21:00,3h 23m,,Business,35.0,21265.63,1030
4608,Spice Jet,Bangalore,Kolkata,2025-03-26,10:15,4h 31m,2+ stops,economy,34.0,11948.56,1560
4609,indigo,Banglore,Mumbai,06/01/2025,14:00,2h 58m,,Biz,23.0,18529.42,840
4610,Spice Jet,Hyderabad,Cochin,21/04/2025,16:15,4h 52m,1 Stop,Business,40.0,14173.77,700
4611,Spice Jet,Chennai,Hyderabad,15/06/2025,13:00,1h 34m,2 stops,Eco,29.0,3798.29,515
4612,Go Air,Chennai,Kolkata,31/12/2025,13:30,1h 37m,1 stop,Biz,13.0,27517.29,1360
4613,Vistara,Bangalore,HYDERABAD,2025-12-17,4:30,0h 49m,,Eco,46.0,3833.7,500
4614,indigo,Mumbai,Cochin,10/14/2025,17:00,3h 19m,2+ stops,Biz,31.0,19617.77,860
4615,SpiceJet,Kolkata,HYDERABAD,08-Oct-2025,23:45,2h 15m,,Business,23.0,20723.18,1190
4616,GoAir,Banglore,cochin,2025-09-26,21:45,0h 40m,2+ stops,Eco,56.0,2708.83,360
4617,SpiceJet,MUMBAI,Kolkata,01-Nov-2025,13:30,1h 31m,2+ stops,economy,41.0,11607.72,1650
4618,IndiGo,Kolkata,cochin,2025-02-09,18:15,1h 59m,1 Stop,BUSINESS,44.0,37141.81,1900
4619,Air India,Bangalore,Delhi,2025-05-24,17:15,5h 3m,2+ stops,Biz,47.0,41152.91,1740
4620,indigo,Hyderabad,Delhi,22-Oct-2025,13:30,4h 23m,Non Stop,Biz,14.0,24200.38,1260
4621,IndiGo,Bangalore,Kolkata,25-Nov-2025,6:00,1h 1m,non-stop,Business,58.0,31925.67,1560
4622,Air India,MUMBAI,Mumbai,2025-12-11,11:30,2h 25m,non-stop,economy,19.0,7937.11,1030
4623,Air India,delhi,Mumbai,2025-05-01,21:45,4h 8m,1 stop,BUSINESS,60.0,23797.44,1150
4624,Vistara,Kolkata,HYDERABAD,2025-10-03,7:30,3h 10m,1 stop,economy,31.0,9083.67,1190
4625,Vistara,Kolkata,Mumbai,03/06/2025,12:30,2h 32m,non-stop,economy,36.0,12405.63,1650
4626,Spice Jet,Mumbai,Hyderabad,12/07/2025,5:00,1h 37m,,Economy,16.0,4982.27,620
4627,GoAir,MUMBAI,Delhi,19/04/2025,8:15,2h 52m,1 Stop,Eco,27.0,8392.23,1150
4628,indigo,Chennai,Cochin,06-Mar-2025,5:15,4h 25m,2 stops,Economy,53.0,4215.23,500
4629,Vistara,MUMBAI,Cochin,31/10/2025,14:00,3h 53m,,BUSINESS,16.0,21825.14,860
4630,indigo,Bangalore,Mumbai,20/03/2025,17:15,5h 23m,,BUSINESS,18.0,18150.21,840
4631,AirAsia,Kolkata,Bangalore,27-Jul-2025,5:30,4h 32m,Non Stop,economy,50.0,8543.96,1560
4632,Go Air,MUMBAI,Delhi,2025-08-10,20:00,6h 52m,1 stop,Biz,10.0,23736.58,1150
4633,indigo,MUMBAI,Chennai,28/11/2025,8:00,1h 46m,2+ stops,Business,34.0,22789.59,1030
4634,indigo,MUMBAI,Cochin,14-Mar-2025,2:00,3h 18m,1 stop,Eco,58.0,6372.31,860
4635,Vistara,delhi,Mumbai,11/27/2025,12:15,2h 1m,1 stop,economy,54.0,8837.18,1150
4636,indigo,Delhi,Bangalore,17-Nov-2025,23:30,1h 50m,Non Stop,Biz,13.0,39674.11,1740
4637,IndiGo,Chenai,Kolkata,2025-05-31,2:15,3h 28m,non-stop,Business,51.0,27574.89,1360
4638,GoAir,MUMBAI,Cochin,03/02/2025,11:30,4h 5m,non-stop,Business,34.0,15717.69,860
4639,Vistara,Kolkata,HYDERABAD,02/10/2025,23:45,4h 42m,2+ stops,Biz,11.0,28489.36,1190
4640,Vistara,Bangalore,Mumbai,26/09/2025,20:45,4h 53m,non-stop,Economy,54.0,6996.41,840
4641,Spice Jet,Delhi,Mumbai,17/12/2025,1:15,1h 21m,Non Stop,Biz,32.0,23482.75,1150
4642,SpiceJet,Chenai,Bangalore,08/26/2025,8:30,2h 43m,1 stop,BUSINESS,53.0,5332.8,290
4643,Vistara,Bangalore,Delhi,08/02/2025,19:30,4h 12m,Non Stop,Economy,3.0,15642.66,1740
4644,indigo,Bangalore,Mumbai,13-Apr-2025,12:15,3h 4m,non-stop,Business,55.0,16260.75,840
4645,AIR INDIA,Kolkata,cochin,26-Aug-2025,18:45,1h 43m,Non Stop,Biz,34.0,40633.02,1900
4646,SpiceJet,MUMBAI,Kolkata,2025-01-15,12:30,3h 8m,2+ stops,economy,36.0,,1650
4647,AIR INDIA,Kolkata,Mumbai,05/29/2025,0:30,6h 11m,2 stops,Economy,31.0,14587.25,1650
4648,IndiGo,Chenai,Cochin,2025-02-19,16:00,3h 41m,Non Stop,Eco,39.0,3942.27,500
4649,GoAir,MUMBAI,Cochin,2025-05-14,16:30,5h 40m,1 Stop,Economy,21.0,6566.26,860
4650,Spice Jet,Delhi,Chennai,08/09/2025,3:30,1h 18m,,,52.0,11537.01,1760
4651,AIR INDIA,Chenai,Chennai,18-Nov-2025,4:45,6h 53m,non-stop,BUSINESS,31.0,22114.34,1030
4652,indigo,Kolkata,Hyderabad,11/10/2025,11:30,1h 36m,2 stops,Eco,6.0,9429.6,1190
4653,Go Air,Banglore,Bangalore,03/21/2025,7:00,5h 46m,2+ stops,Eco,55.0,7012.28,1030
4654,Spice Jet,Kolkata,Delhi,2025-07-10,1:15,1h 32m,2 stops,Biz,29.0,26358.22,1300
4655,SpiceJet,delhi,Bangalore,02-Sep-2025,2:45,2h 53m,2 stops,Economy,48.0,11474.7,1740
4656,AirAsia,MUMBAI,Cochin,2025-06-02,17:15,5h 19m,1 stop,Eco,49.0,5545.37,860
4657,Vistara,Mumbai,Hyderabad,2025-09-09,6:15,3h 25m,,BUSINESS,20.0,15334.86,620
4658,AirAsia,Mumbai,Bangalore,06/12/2025,23:15,0h 56m,,economy,46.0,5193.74,840
4659,Vistara,Kolkata,cochin,15-Nov-2025,4:30,3h 10m,2 stops,Eco,,16202.11,1900
4660,Go Air,Bangalore,Cochin,12/18/2025,11:15,2h 7m,2 stops,BUSINESS,60.0,6348.21,360
4661,indigo,MUMBAI,Kolkata,10/18/2025,6:15,2h 4m,non-stop,,55.0,10436.53,1650
4662,indigo,MUMBAI,Cochin,05-Apr-2025,22:00,3h 38m,,BUSINESS,9.0,19404.08,860
4663,Go Air,Chenai,Delhi,2025-03-19,13:15,2h 36m,,Business,10.0,35244.58,1760
4664,indigo,Hyderabad,Delhi,30/06/2025,11:45,2h 30m,1 Stop,BUSINESS,15.0,,1260
4665,Vistara,Banglore,Hyderabad,15/02/2025,17:30,1h 0m,2+ stops,Economy,59.0,3790.15,500
4666,SpiceJet,Hyderabad,Bangalore,31/01/2025,1:00,2h 16m,non-stop,Biz,16.0,10373.33,500
4667,IndiGo,MUMBAI,Cochin,27/08/2025,11:45,5h 12m,2 stops,Eco,55.0,6700.9,860
4668,AirAsia,delhi,Delhi,07-Jul-2025,14:15,2h 21m,non-stop,economy,42.0,6535.31,1030
4669,AIR INDIA,Chennai,Kolkata,06/24/2025,10:45,2h 1m,1 stop,BUSINESS,28.0,32650.97,1360
4670,SpiceJet,Hyderabad,HYDERABAD,16/10/2025,11:45,1h 25m,2+ stops,economy,20.0,7959.31,1030
4671,Spice Jet,Banglore,Bangalore,06/20/2025,11:00,0h 56m,,BUSINESS,60.0,19301.98,1030
4672,AIR INDIA,delhi,Delhi,24-Nov-2025,9:30,2h 6m,1 stop,Biz,47.0,22410.73,1030
4673,AIR INDIA,Bangalore,Mumbai,2025-04-14,9:15,5h 3m,non-stop,Business,17.0,19954.7,840
4674,AIR INDIA,Chenai,cochin,06-Nov-2025,7:00,3h 20m,2+ stops,Business,11.0,11975.67,500
4675,Air India,MUMBAI,Hyderabad,16-Feb-2025,5:45,2h 28m,,Business,27.0,13568.89,620
4676,AirAsia,Bangalore,Kolkata,24/07/2025,10:00,0h 59m,,Business,58.0,29493.78,1560
4677,AIR INDIA,Hyderabad,Bangalore,04/19/2025,14:15,6h 15m,2+ stops,Eco,33.0,4101.0,500
4678,AirAsia,Delhi,Bangalore,20/11/2025,7:30,1h 23m,2 stops,Biz,58.0,31043.95,1740
4679,Vistara,delhi,Delhi,13/01/2025,14:45,1h 26m,non-stop,Economy,49.0,8083.73,1030
4680,IndiGo,Chennai,Kolkata,22-Aug-2025,13:15,4h 1m,2+ stops,BUSINESS,58.0,28426.55,1360
4681,IndiGo,Kolkata,Cochin,07/18/2025,12:30,1h 31m,2 stops,BUSINESS,22.0,40918.58,1900
4682,AirAsia,Delhi,Bangalore,2025-05-25,17:00,2h 40m,non-stop,Eco,14.0,11293.17,1740
4683,AirAsia,delhi,HYDERABAD,2025-12-18,23:00,3h 23m,,Business,31.0,23260.8,1260
4684,IndiGo,Chennai,Hyderabad,07/29/2025,9:45,1h 46m,,Eco,19.0,4066.24,515
4685,AIR INDIA,Kolkata,cochin,24/07/2025,11:45,,Non Stop,Biz,43.0,37889.48,1900
4686,GoAir,MUMBAI,Kolkata,05/05/2025,18:15,2h 32m,,Biz,37.0,33442.94,1650
4687,Air India,Hyderabad,HYDERABAD,22/10/2025,8:15,3h 53m,1 Stop,Business,4.0,27202.75,1030
4688,Air India,delhi,Delhi,06/07/2025,5:45,4h 37m,1 Stop,Eco,45.0,7913.76,1030
4689,AirAsia,delhi,Hyderabad,01-Feb-2025,8:45,2h 41m,1 Stop,Eco,32.0,7538.42,1260
4690,SpiceJet,Banglore,Kolkata,2025-08-10,19:30,1h 13m,2 stops,,22.0,31744.47,1560
4691,AIR INDIA,Chenai,Bangalore,03/22/2025,14:00,1h 28m,non-stop,Biz,8.0,6846.15,290
4692,,Chennai,HYDERABAD,25/08/2025,15:45,4h 42m,2+ stops,economy,53.0,4407.04,515
4693,AIR INDIA,Delhi,Chennai,10/07/2025,6:45,1h 56m,non-stop,Eco,59.0,11167.61,1760
4694,Spice Jet,MUMBAI,Bangalore,2025-04-16,17:00,1h 33m,2 stops,Eco,25.0,5894.71,840
4695,Air India,Chennai,HYDERABAD,06/08/2025,10:45,4h 50m,2 stops,Eco,19.0,4940.34,515
4696,SpiceJet,Chenai,Kolkata,10/16/2025,10:15,0h 45m,1 stop,Eco,51.0,9148.45,1360
4697,Vistara,Hyderabad,Delhi,09-Oct-2025,5:15,1h 10m,1 Stop,Economy,43.0,9317.04,1260
4698,GoAir,Chenai,Hyderabad,10/29/2025,12:00,1h 23m,1 Stop,Biz,46.0,9002.66,515
4699,indigo,Mumbai,Kolkata,2025-01-27,6:00,3h 35m,non-stop,BUSINESS,5.0,42131.87,1650
4700,AirAsia,Chenai,Bangalore,12/07/2025,14:45,2h 12m,2 stops,economy,16.0,2516.73,290
4701,AIR INDIA,Chenai,Mumbai,17/12/2025,12:30,7h 58m,2+ stops,economy,31.0,9077.22,1030
4702,Spice Jet,Kolkata,Delhi,22-Jun-2025,18:00,1h 58m,2 stops,Economy,3.0,10425.2,1300
4703,AIR INDIA,Banglore,HYDERABAD,27/02/2025,8:30,,1 Stop,Economy,53.0,3855.15,500
4704,indigo,Banglore,Bangalore,2025-07-03,22:30,3h 39m,,Economy,51.0,7610.87,1030
4705,SpiceJet,Bangalore,Hyderabad,2025-10-03,2:15,3h 16m,Non Stop,Business,22.0,10188.72,500
4706,Vistara,Delhi,Bangalore,2025-05-25,16:15,1h 10m,,Economy,43.0,13293.04,1740
4707,indigo,Hyderabad,HYDERABAD,06/28/2025,1:15,3h 59m,2+ stops,Eco,34.0,8137.58,1030
4708,Air India,Hyderabad,HYDERABAD,25-Jul-2025,1:30,5h 43m,,BUSINESS,33.0,21374.37,1030
4709,indigo,Kolkata,Chennai,04-Apr-2025,3:15,2h 11m,2 stops,Business,2.0,35493.51,1360
4710,Air India,delhi,Kolkata,14/11/2025,11:45,4h 4m,Non Stop,Economy,13.0,9672.17,1300
4711,AirAsia,Hyderabad,cochin,29/04/2025,9:15,2h 32m,2 stops,BUSINESS,28.0,12902.32,700
4712,IndiGo,Banglore,Mumbai,03/26/2025,15:00,2h 28m,1 Stop,Biz,27.0,17632.04,840
4713,Spice Jet,MUMBAI,Cochin,09-Jan-2025,4:30,2h 45m,non-stop,Business,51.0,14722.74,860
4714,IndiGo,MUMBAI,Hyderabad,2025-10-25,23:45,1h 38m,1 stop,Biz,25.0,13265.94,620
4715,indigo,Banglore,Chennai,29/06/2025,7:00,1h 13m,,Biz,32.0,6555.93,290
4716,Air India,Mumbai,Bangalore,2025-02-17,18:00,4h 22m,non-stop,economy,48.0,6682.22,840
4717,AIR INDIA,MUMBAI,Kolkata,27-May-2025,18:45,5h 1m,2+ stops,Eco,51.0,13832.76,1650
4718,AirAsia,Delhi,Bangalore,09/02/2025,21:00,5h 14m,non-stop,economy,4.0,11504.13,1740
4719,Vistara,Chennai,Hyderabad,11-Dec-2025,4:45,0h 58m,Non Stop,Biz,48.0,11149.74,515
4720,,Bangalore,Delhi,2025-07-11,17:30,0h 39m,2+ stops,Business,3.0,42985.79,1740
4721,Go Air,Chenai,Cochin,11/08/2025,9:00,4h 0m,1 Stop,Eco,28.0,3425.11,500
4722,Air India,Chennai,cochin,12/02/2025,0:15,2h 54m,,economy,34.0,4327.65,500
4723,Air India,MUMBAI,Kolkata,11/26/2025,18:00,2h 1m,2+ stops,economy,52.0,11755.32,1650
4724,GoAir,Delhi,Kolkata,24/02/2025,6:45,1h 10m,,economy,17.0,10030.86,1300
4725,AIR INDIA,Banglore,Chennai,04/19/2025,8:30,7h 21m,2 stops,BUSINESS,52.0,7052.05,290
4726,Air India,Banglore,Chennai,18/12/2025,14:00,2h 22m,,Economy,49.0,2487.17,290
4727,Air India,Banglore,Cochin,01/03/2025,15:30,3h 46m,1 stop,economy,33.0,3097.75,360
4728,IndiGo,Kolkata,Mumbai,07/19/2025,4:30,1h 7m,2 stops,Economy,7.0,12393.9,1650
4729,Go Air,MUMBAI,Bangalore,08/10/2025,1:00,1h 43m,2 stops,Eco,28.0,6849.94,840
4730,GoAir,Banglore,Hyderabad,12-Feb-2025,23:45,1h 3m,,Eco,35.0,3699.82,500
4731,AIR INDIA,Mumbai,Chennai,16/03/2025,2:15,1h 21m,non-stop,BUSINESS,45.0,19337.57,1030
4732,AIR INDIA,Bangalore,cochin,2025-12-20,13:45,2h 13m,2 stops,BUSINESS,51.0,9056.97,360
4733,Air India,Mumbai,HYDERABAD,08/01/2025,13:45,2h 27m,,Economy,44.0,5244.29,620
4734,AIR INDIA,Kolkata,HYDERABAD,25-Nov-2025,3:15,0h 49m,1 stop,Economy,7.0,9523.02,1190
4735,Go Air,Mumbai,Hyderabad,11/02/2025,11:30,3h 0m,1 Stop,economy,,4566.67,620
4736,AirAsia,Chennai,Hyderabad,10/09/2025,23:15,2h 15m,2 stops,Economy,43.0,3658.6,515
4737,Spice Jet,Chennai,HYDERABAD,02/04/2025,11:15,6h 57m,2+ stops,economy,17.0,5212.2,515
4738,AIR INDIA,Banglore,Chennai,2025-07-15,10:00,2h 31m,1 Stop,economy,17.0,2587.27,290
4739,IndiGo,Delhi,HYDERABAD,05/11/2025,21:30,2h 23m,,economy,55.0,8581.23,1260
4740,SpiceJet,Banglore,Mumbai,08/31/2025,22:30,3h 4m,Non Stop,economy,40.0,5480.29,840
4741,AIR INDIA,Mumbai,Cochin,21-Oct-2025,15:45,2h 52m,Non Stop,Business,22.0,17508.74,860
4742,SpiceJet,Bangalore,Mumbai,06/02/2025,2:00,2h 26m,1 Stop,BUSINESS,15.0,19834.35,840
4743,GoAir,Chennai,Delhi,08/10/2025,10:30,1h 23m,,Economy,1.0,11592.68,1760
4744,indigo,Mumbai,Bangalore,10/03/2025,20:00,1h 19m,2 stops,Business,44.0,17897.18,840
4745,AIR INDIA,delhi,Cochin,17-Feb-2025,1:30,3h 13m,1 stop,Economy,18.0,14843.99,2100
4746,,Chenai,cochin,29-Nov-2025,1:00,2h 31m,,economy,46.0,3676.48,500
4747,Vistara,Kolkata,Chennai,17/08/2025,5:00,2h 34m,2+ stops,economy,32.0,12046.28,1360
4748,Vistara,MUMBAI,Kolkata,27/01/2025,23:15,2h 30m,Non Stop,economy,35.0,11803.6,1650
4749,AIR INDIA,Delhi,Chennai,21-Dec-2025,4:15,0h 50m,2 stops,BUSINESS,41.0,41168.09,1760
4750,AirAsia,Bangalore,Kolkata,07/11/2025,8:00,4h 13m,Non Stop,Eco,53.0,9104.52,1560
4751,Go Air,Chenai,Hyderabad,2025-06-01,6:30,2h 31m,1 stop,Eco,25.0,4084.11,515
4752,Go Air,Banglore,Kolkata,01/19/2025,12:45,,1 Stop,Biz,38.0,32144.68,1560
4753,IndiGo,MUMBAI,Delhi,07-Jul-2025,10:45,3h 31m,non-stop,Eco,52.0,7386.09,1150
4754,AIR INDIA,Kolkata,Delhi,2025-09-28,13:00,2h 15m,Non Stop,Business,1.0,30360.28,1300
4755,SpiceJet,Banglore,Chennai,2025-01-22,2:30,5h 13m,2+ stops,Biz,47.0,6663.52,290
4756,indigo,Bangalore,Hyderabad,07/20/2025,17:30,1h 56m,2+ stops,economy,55.0,4048.64,500
4757,Air India,Banglore,Delhi,2025-08-31,16:30,3h 48m,2+ stops,Eco,51.0,13770.25,1740
4758,IndiGo,delhi,Cochin,08-Feb-2025,17:45,1h 46m,non-stop,Biz,33.0,41765.58,2100
4759,AirAsia,Hyderabad,Bangalore,11/04/2025,10:15,1h 51m,non-stop,Business,55.0,8535.0,500
4760,Vistara,Chenai,HYDERABAD,15-Apr-2025,17:30,1h 33m,2+ stops,Economy,27.0,4762.59,515
4761,Vistara,Bangalore,Chennai,2025-08-01,8:15,3h 16m,Non Stop,BUSINESS,59.0,6932.3,290
4762,indigo,Chenai,Bangalore,14-Jan-2025,22:30,2h 49m,,Economy,5.0,2747.87,290
4763,AIR INDIA,Kolkata,Delhi,31-Mar-2025,5:30,5h 51m,2+ stops,Biz,34.0,33055.72,1300
4764,Go Air,Kolkata,Mumbai,2025-04-23,4:15,1h 49m,2 stops,Biz,6.0,36957.93,1650
4765,AIR INDIA,delhi,Cochin,11/24/2025,15:45,4h 58m,2 stops,Business,56.0,45330.41,2100
4766,Spice Jet,Mumbai,Cochin,17-Feb-2025,2:00,3h 21m,2 stops,Eco,2.0,6978.89,860
4767,AirAsia,MUMBAI,Bangalore,09/07/2025,10:30,6h 1m,1 Stop,Economy,25.0,5658.73,840
4768,Spice Jet,MUMBAI,Cochin,2025-02-20,23:00,2h 38m,1 Stop,Economy,30.0,6558.06,860
4769,Vistara,Hyderabad,Mumbai,20-Jul-2025,22:15,3h 26m,Non Stop,Economy,6.0,4518.19,620
4770,GoAir,Chennai,Mumbai,04/09/2025,2:00,5h 39m,2 stops,Business,33.0,20987.99,1030
4771,Vistara,Kolkata,Chennai,02/23/2025,9:45,4h 37m,2 stops,BUSINESS,19.0,36594.61,1360
4772,Vistara,Delhi,Mumbai,25-Aug-2025,18:45,3h 21m,non-stop,Biz,36.0,23347.4,1150
4773,Air India,Bangalore,Delhi,2025-08-18,4:00,4h 25m,2+ stops,economy,50.0,14184.54,1740
4774,AirAsia,delhi,Cochin,2025-01-03,4:15,7h 33m,non-stop,Business,9.0,38536.95,2100
4775,Go Air,Banglore,cochin,11-Aug-2025,3:15,2h 21m,non-stop,Eco,1.0,2786.31,360
4776,Air India,Kolkata,cochin,05-Dec-2025,12:00,1h 45m,non-stop,BUSINESS,4.0,46045.25,1900
4777,Spice Jet,Delhi,Cochin,2025-01-13,15:15,7h 7m,2 stops,Economy,9.0,16147.17,2100
4778,Spice Jet,Banglore,cochin,30-Jan-2025,15:00,1h 44m,,,28.0,2440.4,360
4779,IndiGo,Chenai,cochin,26/04/2025,4:15,2h 0m,,Biz,50.0,9546.55,500
4780,Go Air,Chenai,HYDERABAD,26-Nov-2025,11:15,3h 17m,,Business,60.0,10138.56,515
4781,GoAir,Delhi,Chennai,2025-02-17,7:45,2h 24m,,Business,40.0,34017.27,1760
4782,,Banglore,Chennai,15-Jul-2025,14:45,5h 25m,non-stop,Biz,51.0,,290
4783,Vistara,Mumbai,HYDERABAD,04/07/2025,8:45,1h 59m,1 Stop,Business,36.0,15913.37,620
4784,AIR INDIA,Hyderabad,Cochin,09/09/2025,7:00,1h 34m,1 stop,economy,10.0,5745.19,700
4785,Vistara,Kolkata,Mumbai,2025-02-17,7:00,2h 22m,non-stop,Economy,42.0,14001.6,1650
4786,,Bangalore,Chennai,02/06/2025,20:00,1h 28m,,economy,44.0,2314.47,290
4787,indigo,Chenai,cochin,2025-05-17,22:00,6h 7m,2 stops,Biz,55.0,10158.43,500
4788,Air India,Hyderabad,HYDERABAD,29/11/2025,9:45,2h 6m,Non Stop,BUSINESS,38.0,20978.16,1030
4789,AIR INDIA,Chenai,cochin,29/07/2025,14:00,2h 49m,2+ stops,BUSINESS,38.0,10623.58,500
4790,indigo,Bangalore,cochin,2025-09-18,4:30,3h 41m,2+ stops,Eco,13.0,3730.33,360
4791,AirAsia,Kolkata,Chennai,05/18/2025,19:45,2h 41m,1 stop,Biz,35.0,27682.72,1360
4792,Air India,MUMBAI,HYDERABAD,03/12/2025,9:00,1h 11m,1 Stop,Biz,40.0,12894.26,620
4793,Go Air,Chennai,Hyderabad,21-Aug-2025,16:00,3h 18m,2+ stops,,7.0,4291.26,515
4794,indigo,Delhi,Mumbai,2025-10-07,12:15,2h 1m,2+ stops,Business,17.0,27135.06,1150
4795,GoAir,Mumbai,HYDERABAD,2025-11-10,10:15,7h 2m,non-stop,Economy,17.0,4535.09,620
4796,AirAsia,Mumbai,cochin,08-Jan-2025,4:00,2h 25m,,,19.0,5315.28,860
4797,GoAir,Banglore,cochin,23/08/2025,1:45,4h 24m,1 Stop,Economy,36.0,2882.99,360
4798,AirAsia,Delhi,Hyderabad,2025-06-01,22:15,2h 16m,,economy,2.0,8654.84,1260
4799,Air India,Banglore,Bangalore,28-May-2025,1:30,0h 56m,1 Stop,Business,26.0,22870.31,1030
4800,IndiGo,Chennai,Bangalore,07-Nov-2025,4:00,2h 46m,non-stop,Eco,51.0,2340.34,290
4801,GoAir,Kolkata,cochin,22-Jul-2025,9:30,1h 40m,Non Stop,Business,58.0,35201.07,1900
4802,AirAsia,Banglore,Hyderabad,10/29/2025,8:45,1h 7m,2 stops,BUSINESS,28.0,9867.81,500
4803,IndiGo,Chennai,Delhi,05/05/2025,18:45,2h 12m,2+ stops,Economy,43.0,13202.01,1760
4804,AIR INDIA,Kolkata,Hyderabad,09/09/2025,9:15,2h 10m,2+ stops,economy,41.0,10143.48,1190
4805,IndiGo,Chennai,Mumbai,2025-02-04,3:00,1h 8m,non-stop,BUSINESS,19.0,21900.65,1030
4806,AIR INDIA,Mumbai,Hyderabad,09/28/2025,22:45,3h 46m,2+ stops,Biz,17.0,15465.19,620
4807,Go Air,Chenai,Chennai,28/07/2025,10:15,1h 53m,,economy,,7029.99,1030
4808,Go Air,Chenai,Delhi,28-Dec-2025,10:45,5h 39m,2 stops,economy,19.0,13223.97,1760
4809,Go Air,Bangalore,Kolkata,2025-05-12,5:30,3h 44m,2 stops,economy,58.0,9467.18,1560
4810,Air India,Chenai,Cochin,19/08/2025,13:45,2h 43m,Non Stop,BUSINESS,42.0,11578.84,500
4811,Spice Jet,Mumbai,Bangalore,10/14/2025,12:45,2h 22m,2 stops,economy,31.0,6688.54,840
4812,Spice Jet,delhi,Hyderabad,05-Jan-2025,3:45,1h 11m,2+ stops,Biz,47.0,24670.08,1260
4813,Spice Jet,MUMBAI,Mumbai,08-Mar-2025,16:15,5h 29m,Non Stop,Economy,48.0,6928.95,1030
4814,AIR INDIA,Bangalore,cochin,2025-12-01,19:00,4h 15m,2 stops,Biz,17.0,9625.47,360
4815,GoAir,Bangalore,Cochin,2025-01-11,5:45,3h 6m,,Economy,22.0,2796.36,360
4816,AirAsia,Bangalore,Cochin,07/02/2025,21:00,6h 16m,2 stops,Biz,45.0,7696.6,360
4817,Go Air,Bangalore,Chennai,02/23/2025,21:15,2h 19m,1 Stop,Eco,46.0,,290
4818,AirAsia,Delhi,Hyderabad,02/23/2025,19:00,3h 12m,Non Stop,BUSINESS,42.0,20131.42,1260
4819,SpiceJet,Chenai,Mumbai,2025-04-16,1:30,4h 37m,1 Stop,Eco,18.0,7806.53,1030
4820,AIR INDIA,Chennai,Kolkata,2025-03-17,4:00,1h 53m,,Biz,12.0,29934.03,1360
4821,indigo,MUMBAI,Bangalore,08-Jul-2025,22:45,4h 4m,non-stop,Economy,32.0,,840
4822,AIR INDIA,Delhi,HYDERABAD,2025-06-01,17:45,1h 18m,2+ stops,Biz,54.0,27536.56,1260
4823,SpiceJet,Chenai,Delhi,2025-05-27,15:15,1h 16m,,Biz,22.0,35080.36,1760
4824,Air India,MUMBAI,Mumbai,2025-12-03,18:45,4h 15m,1 stop,Biz,53.0,23832.68,1030
4825,GoAir,Chennai,Bangalore,2025-12-09,20:45,3h 30m,1 Stop,Business,1.0,6754.85,290
4826,indigo,Bangalore,Delhi,2025-11-28,2:30,3h 10m,1 Stop,Economy,51.0,11001.0,1740
4827,GoAir,Banglore,HYDERABAD,17/03/2025,11:45,1h 12m,Non Stop,Eco,16.0,3324.23,500
4828,AIR INDIA,Chenai,Cochin,2025-09-14,14:15,3h 3m,1 stop,Eco,5.0,4330.92,500
4829,Vistara,Chennai,cochin,06/22/2025,17:15,4h 12m,1 stop,economy,21.0,4681.8,500
4830,indigo,Banglore,Cochin,07/21/2025,13:30,1h 1m,1 stop,BUSINESS,2.0,8493.61,360
4831,Vistara,Delhi,Chennai,10/11/2025,11:30,2h 7m,,BUSINESS,38.0,37966.53,1760
4832,SpiceJet,Mumbai,HYDERABAD,03/03/2025,1:45,1h 1m,2+ stops,economy,36.0,4338.19,620
4833,,MUMBAI,Mumbai,10/16/2025,4:00,7h 6m,2+ stops,Eco,11.0,9109.25,1030
4834,GoAir,Chenai,Mumbai,2025-11-23,18:15,1h 24m,non-stop,Eco,27.0,6642.61,1030
4835,Go Air,Bangalore,Delhi,03-Jun-2025,15:30,2h 45m,2 stops,economy,19.0,14011.45,1740
4836,AirAsia,Banglore,Chennai,10/25/2025,15:00,2h 10m,2 stops,Biz,47.0,5801.75,290
4837,GoAir,Kolkata,Chennai,12-Jan-2025,5:30,5h 21m,1 Stop,BUSINESS,18.0,30541.8,1360
4838,IndiGo,Banglore,Hyderabad,08/12/2025,1:30,4h 34m,2 stops,Business,50.0,10031.18,500
4839,SpiceJet,Kolkata,Delhi,27/05/2025,8:15,2h 14m,,economy,52.0,7610.54,1300
4840,GoAir,Delhi,Bangalore,18/04/2025,0:30,2h 24m,2 stops,economy,39.0,10950.32,1740
4841,Go Air,delhi,Mumbai,14-Aug-2025,12:30,4h 50m,2+ stops,Eco,15.0,9615.39,1150
4842,Vistara,MUMBAI,Cochin,08-Apr-2025,23:15,9h 15m,,economy,19.0,8719.23,860
4843,Vistara,Chennai,cochin,03/10/2025,18:15,3h 8m,1 stop,Economy,60.0,3875.85,500
4844,AirAsia,MUMBAI,Mumbai,2025-08-09,9:30,2h 11m,,economy,58.0,,1030
4845,Go Air,Kolkata,Chennai,2025-11-23,9:15,2h 34m,1 Stop,Business,10.0,25909.67,1360
4846,Spice Jet,Chenai,Mumbai,2025-08-03,10:45,2h 12m,Non Stop,Eco,2.0,6563.59,1030
4847,Go Air,Hyderabad,Kolkata,03/01/2025,12:45,4h 51m,2+ stops,Economy,24.0,9451.14,1190
4848,GoAir,delhi,Delhi,19/06/2025,0:00,4h 23m,2+ stops,Business,21.0,22829.02,1030
4849,IndiGo,Chenai,Chennai,05/02/2025,13:15,5h 34m,non-stop,economy,37.0,7385.56,1030
4850,GoAir,delhi,Chennai,2025-08-22,2:00,1h 8m,1 Stop,Business,29.0,31168.63,1760
4851,Air India,Bangalore,Delhi,03/24/2025,6:30,2h 17m,,Biz,59.0,,1740
4852,Spice Jet,Kolkata,Mumbai,06/04/2025,20:00,1h 47m,non-stop,Eco,21.0,10609.0,1650
4853,AirAsia,MUMBAI,Mumbai,15-Feb-2025,22:45,1h 19m,1 stop,Economy,17.0,7176.73,1030
4854,Spice Jet,Hyderabad,Chennai,2025-02-26,17:00,4h 28m,Non Stop,BUSINESS,59.0,8678.58,515
4855,IndiGo,delhi,Bangalore,05/05/2025,11:30,6h 55m,1 Stop,Economy,26.0,12770.92,1740
4856,Spice Jet,MUMBAI,Delhi,08/30/2025,10:00,3h 55m,1 stop,economy,52.0,7773.95,1150
4857,indigo,MUMBAI,Chennai,22-Jun-2025,14:30,1h 53m,1 stop,Biz,52.0,20680.31,1030
4858,Vistara,Kolkata,Chennai,01/04/2025,21:45,1h 22m,non-stop,BUSINESS,44.0,29400.44,1360
4859,SpiceJet,delhi,Hyderabad,11/02/2025,1:45,4h 17m,1 stop,Business,31.0,25879.17,1260
4860,Vistara,Bangalore,cochin,09/28/2025,1:15,1h 35m,,economy,34.0,2928.18,360
4861,Spice Jet,Chennai,HYDERABAD,20/01/2025,4:00,4h 11m,,Business,44.0,10416.44,515
4862,AIR INDIA,Kolkata,Mumbai,26/08/2025,11:30,1h 39m,2 stops,Business,2.0,41751.41,1650
4863,IndiGo,Bangalore,Chennai,11/03/2025,19:30,1h 34m,2+ stops,Biz,11.0,7310.35,290
4864,Go Air,Chennai,Mumbai,01/03/2025,3:15,2h 46m,,Eco,28.0,7135.95,1030
4865,AirAsia,Bangalore,Cochin,05/12/2025,19:45,1h 40m,1 stop,Biz,44.0,6290.2,360
4866,GoAir,Mumbai,Kolkata,06/22/2025,5:00,1h 46m,1 stop,Economy,48.0,9577.86,1650
4867,AirAsia,delhi,Mumbai,2025-10-29,6:30,0h 49m,,Biz,36.0,18398.25,1150
4868,indigo,delhi,Chennai,11/21/2025,5:15,1h 38m,2+ stops,Business,1.0,44838.22,1760
4869,AIR INDIA,Delhi,Bangalore,2025-05-12,2:15,3h 12m,Non Stop,economy,45.0,12957.08,1740
4870,AirAsia,Delhi,cochin,2025-12-27,19:45,1h 52m,1 stop,,40.0,40055.1,2100
4871,indigo,Chenai,Bangalore,05/23/2025,2:45,2h 13m,2+ stops,economy,,2673.97,290
4872,GoAir,Chenai,Hyderabad,2025-04-09,23:00,1h 26m,2 stops,Business,35.0,9159.86,515
4873,AirAsia,Chenai,cochin,07/29/2025,4:00,2h 41m,1 Stop,Economy,20.0,3448.69,500
4874,GoAir,Bangalore,HYDERABAD,17/11/2025,8:00,3h 16m,1 Stop,Eco,10.0,3960.47,500
4875,Spice Jet,Mumbai,Bangalore,01/09/2025,6:00,3h 53m,,Biz,5.0,18257.35,840
4876,Go Air,Kolkata,Cochin,07/06/2025,17:00,2h 42m,1 Stop,economy,42.0,12030.89,1900
4877,SpiceJet,MUMBAI,Kolkata,14/11/2025,9:15,3h 28m,1 Stop,Eco,16.0,11970.28,1650
4878,Spice Jet,Chenai,Mumbai,07-Jun-2025,21:30,2h 37m,Non Stop,economy,47.0,6613.59,1030
4879,GoAir,Chenai,Bangalore,09/11/2025,21:45,1h 15m,1 Stop,BUSINESS,11.0,6249.76,290
4880,Vistara,Chennai,Mumbai,12/05/2025,17:00,2h 6m,2 stops,Biz,48.0,22994.1,1030
4881,Vistara,Hyderabad,Chennai,11/13/2025,17:45,5h 49m,2 stops,Biz,45.0,13366.83,515
4882,,Hyderabad,Kolkata,15-Nov-2025,4:15,1h 45m,1 Stop,Economy,22.0,8516.92,1190
4883,Air India,MUMBAI,Mumbai,11-Sep-2025,17:15,1h 23m,non-stop,economy,46.0,6765.69,1030
4884,Vistara,Bangalore,cochin,11/06/2025,2:30,0h 40m,1 Stop,Business,52.0,7725.02,360
4885,AIR INDIA,Hyderabad,Chennai,16-Sep-2025,6:45,7h 2m,1 Stop,Biz,39.0,11776.26,515
4886,indigo,Mumbai,Chennai,2025-08-27,14:45,3h 6m,1 Stop,Eco,11.0,8434.67,1030
4887,AirAsia,MUMBAI,Bangalore,2025-06-16,12:30,1h 33m,non-stop,BUSINESS,52.0,14311.21,840
4888,indigo,MUMBAI,Delhi,09/12/2025,10:15,9h 20m,2+ stops,Business,,26424.04,1150
4889,AirAsia,Mumbai,Kolkata,28/06/2025,23:30,6h 44m,2+ stops,Biz,40.0,30563.14,1650
4890,IndiGo,Delhi,Cochin,04-Jul-2025,22:15,5h 13m,1 Stop,economy,8.0,16716.42,2100
4891,Air India,Mumbai,Hyderabad,25/07/2025,23:15,7h 19m,non-stop,Business,24.0,13727.66,620
4892,Vistara,delhi,Cochin,11/16/2025,9:15,1h 26m,1 Stop,economy,20.0,16817.64,2100
4893,AirAsia,Chennai,HYDERABAD,16/09/2025,10:00,4h 53m,non-stop,Business,39.0,10432.56,515
4894,indigo,Banglore,cochin,2025-04-25,19:00,3h 43m,non-stop,Eco,22.0,3106.25,360
4895,indigo,Mumbai,Cochin,2025-04-21,15:00,2h 16m,1 Stop,Business,,16340.73,860
4896,Go Air,MUMBAI,Mumbai,2025-05-21,15:15,3h 56m,2+ stops,Biz,45.0,18840.17,1030
4897,Air India,Banglore,HYDERABAD,08/22/2025,2:45,4h 7m,1 Stop,Economy,38.0,4236.85,500
4898,Go Air,MUMBAI,Bangalore,2025-03-12,20:15,1h 59m,,BUSINESS,54.0,,840
4899,indigo,Mumbai,Bangalore,08/02/2025,5:00,2h 44m,1 Stop,Economy,51.0,6159.2,840
4900,GoAir,Delhi,Cochin,06/06/2025,14:30,2h 31m,2+ stops,Eco,34.0,14874.95,2100
4901,indigo,Bangalore,Mumbai,23/07/2025,14:00,2h 4m,2+ stops,Biz,44.0,18627.46,840
4902,Air India,Chenai,Mumbai,25/03/2025,19:30,1h 36m,Non Stop,Business,32.0,21184.55,1030
4903,Vistara,Hyderabad,Delhi,04-Jun-2025,5:15,0h 45m,1 Stop,Biz,49.0,30662.27,1260
4904,IndiGo,Hyderabad,HYDERABAD,01/11/2025,3:15,3h 23m,2 stops,economy,43.0,8963.82,1030
4905,Go Air,Chennai,Bangalore,2025-08-01,5:45,2h 21m,non-stop,BUSINESS,24.0,5765.88,290
4906,GoAir,Bangalore,Hyderabad,11-Jan-2025,6:15,2h 8m,,Eco,34.0,3684.9,500
4907,Spice Jet,delhi,Cochin,2025-07-26,2:45,1h 35m,2 stops,economy,20.0,15116.82,2100
4908,SpiceJet,Chenai,HYDERABAD,15-Sep-2025,17:30,2h 20m,1 Stop,Economy,43.0,3649.78,515
4909,Spice Jet,Kolkata,cochin,07-Jul-2025,21:15,1h 48m,Non Stop,Business,15.0,35448.89,1900
4910,Spice Jet,Mumbai,Delhi,19-Jun-2025,8:15,,,BUSINESS,15.0,22319.18,1150
4911,AirAsia,Hyderabad,Delhi,13-Aug-2025,2:15,2h 24m,2+ stops,Economy,36.0,8170.64,1260
4912,Air India,Chenai,Cochin,2025-01-19,9:00,4h 20m,2+ stops,Economy,22.0,4875.86,500
4913,GoAir,Delhi,Kolkata,2025-11-24,10:15,1h 26m,1 stop,economy,19.0,8637.34,1300
4914,IndiGo,Hyderabad,Bangalore,2025-02-06,19:45,4h 45m,,Business,34.0,9162.73,500
4915,,Hyderabad,Cochin,07/16/2025,19:00,3h 13m,2 stops,Biz,60.0,14678.61,700
4916,SpiceJet,Banglore,Bangalore,12/14/2025,4:30,1h 41m,,BUSINESS,31.0,20384.97,1030
4917,SpiceJet,Delhi,HYDERABAD,15-Sep-2025,10:15,2h 19m,Non Stop,BUSINESS,6.0,27580.35,1260
4918,Air India,Kolkata,cochin,2025-02-21,22:30,2h 24m,,Biz,38.0,42567.2,1900
4919,Go Air,Delhi,Bangalore,25-Nov-2025,22:00,2h 17m,1 stop,economy,5.0,11208.03,1740
4920,,Hyderabad,Bangalore,2025-03-24,12:15,4h 10m,non-stop,Biz,56.0,8451.27,500
4921,Vistara,Kolkata,Mumbai,2025-03-14,22:00,3h 49m,2 stops,Eco,7.0,13993.26,1650
4922,AirAsia,Banglore,Kolkata,25/01/2025,19:00,2h 42m,,Business,27.0,28432.3,1560
4923,SpiceJet,Banglore,Kolkata,04/03/2025,12:45,5h 31m,,BUSINESS,10.0,34685.6,1560
4924,AirAsia,Mumbai,cochin,2025-11-17,2:00,1h 22m,non-stop,Business,21.0,15950.05,860
4925,GoAir,Chenai,Delhi,03/06/2025,10:30,2h 36m,,,48.0,11897.43,1760
4926,GoAir,Chenai,Hyderabad,24-Oct-2025,8:45,0h 48m,non-stop,BUSINESS,1.0,9658.48,515
4927,AIR INDIA,MUMBAI,Bangalore,06/28/2025,22:45,1h 32m,non-stop,economy,40.0,6539.29,840
4928,AirAsia,Mumbai,Hyderabad,08/23/2025,20:30,3h 43m,2+ stops,Eco,40.0,4836.53,620
4929,Spice Jet,Chennai,Kolkata,11/25/2025,0:30,1h 30m,non-stop,Economy,41.0,7560.67,1360
4930,SpiceJet,Hyderabad,Bangalore,10/20/2025,16:30,6h 22m,,Business,41.0,11107.16,500
4931,Spice Jet,Chenai,HYDERABAD,05/09/2025,19:15,2h 31m,non-stop,Biz,44.0,9783.77,515
4932,AIR INDIA,Banglore,Delhi,10/02/2025,23:30,4h 33m,non-stop,BUSINESS,20.0,39474.89,1740
4933,Go Air,Banglore,cochin,2025-08-13,10:00,1h 52m,non-stop,Biz,23.0,6766.47,360
4934,indigo,Chenai,Hyderabad,2025-06-09,17:15,4h 19m,,Eco,28.0,4522.48,515
4935,Spice Jet,Kolkata,Bangalore,2025-03-31,12:15,3h 4m,Non Stop,Economy,13.0,9934.29,1560
4936,Spice Jet,delhi,Hyderabad,2025-03-03,6:00,4h 17m,2+ stops,Business,21.0,29371.57,1260
4937,AirAsia,Bangalore,Hyderabad,09-Apr-2025,2:00,1h 14m,non-stop,economy,54.0,3287.36,500
4938,Air India,Mumbai,HYDERABAD,15-Sep-2025,9:00,2h 58m,2 stops,Economy,50.0,4755.82,620
4939,indigo,Mumbai,cochin,01/03/2025,22:00,6h 20m,Non Stop,Biz,44.0,19097.5,860
4940,GoAir,Delhi,Hyderabad,06/30/2025,14:30,4h 28m,2 stops,economy,25.0,9270.77,1260
4941,Vistara,Kolkata,HYDERABAD,31-Dec-2025,22:45,3h 7m,2 stops,Economy,17.0,10802.77,1190
4942,SpiceJet,Bangalore,HYDERABAD,04-Jan-2025,14:45,2h 27m,1 stop,Business,43.0,8978.74,500
4943,GoAir,Delhi,Kolkata,2025-07-19,9:45,2h 1m,1 Stop,Biz,28.0,28604.26,1300
4944,SpiceJet,Chenai,HYDERABAD,08/16/2025,22:00,0h 39m,2 stops,Biz,41.0,9708.36,515
4945,Spice Jet,Banglore,Delhi,30-Oct-2025,19:30,1h 45m,non-stop,Biz,25.0,35357.46,1740
4946,indigo,Hyderabad,cochin,2025-01-30,2:00,2h 5m,non-stop,Business,11.0,14023.09,700
4947,AIR INDIA,Bangalore,cochin,2025-05-23,5:00,1h 15m,1 Stop,Business,7.0,8533.01,360
4948,indigo,Banglore,HYDERABAD,07/30/2025,1:15,5h 17m,1 stop,Business,10.0,12112.05,500
4949,Spice Jet,Delhi,HYDERABAD,11-Sep-2025,3:45,1h 50m,1 Stop,BUSINESS,27.0,26735.73,1260
4950,Air India,Mumbai,Cochin,09/03/2025,20:30,3h 42m,Non Stop,economy,15.0,6402.9,860
4951,Spice Jet,MUMBAI,HYDERABAD,18-Apr-2025,0:30,0h 42m,2+ stops,economy,60.0,4632.05,620
4952,AirAsia,Mumbai,Hyderabad,04/20/2025,1:00,0h 58m,Non Stop,Eco,49.0,4058.43,620
4953,indigo,delhi,cochin,15-Jul-2025,22:45,,1 stop,Eco,41.0,13820.6,2100
4954,,Delhi,Mumbai,2025-06-17,21:45,1h 7m,2+ stops,Biz,29.0,28552.51,1150
4955,SpiceJet,Kolkata,Hyderabad,05-Feb-2025,9:45,2h 35m,Non Stop,BUSINESS,12.0,21706.15,1190
4956,Air India,Chennai,Cochin,05/20/2025,2:45,2h 29m,1 stop,BUSINESS,24.0,11310.88,500
4957,IndiGo,Bangalore,Mumbai,19-Aug-2025,7:15,1h 21m,non-stop,BUSINESS,14.0,18107.43,840
4958,indigo,Delhi,cochin,17/06/2025,5:00,4h 32m,non-stop,Eco,6.0,14537.96,2100
4959,AirAsia,Delhi,Kolkata,14-Mar-2025,14:45,,1 stop,,30.0,8709.09,1300
4960,AirAsia,delhi,cochin,2025-04-20,19:15,2h 48m,2 stops,Biz,56.0,38602.69,2100
4961,IndiGo,Bangalore,cochin,27-Jun-2025,5:30,1h 58m,1 stop,economy,48.0,2757.65,360
4962,Vistara,Banglore,Kolkata,09/01/2025,21:30,4h 42m,2+ stops,Biz,41.0,40345.6,1560
4963,AIR INDIA,Kolkata,Hyderabad,2025-07-08,20:15,6h 10m,1 Stop,Business,30.0,,1190
4964,AirAsia,Bangalore,HYDERABAD,01/14/2025,16:45,2h 55m,,BUSINESS,20.0,10155.39,500
4965,Air India,Bangalore,Chennai,2025-12-23,1:00,3h 53m,2+ stops,Business,16.0,8407.41,290
4966,AirAsia,Mumbai,HYDERABAD,08/10/2025,12:00,5h 0m,,Economy,39.0,4653.34,620
4967,indigo,Hyderabad,Cochin,05/29/2025,1:15,3h 16m,Non Stop,Biz,59.0,13828.08,700
4968,AIR INDIA,Chennai,Hyderabad,20-Feb-2025,7:15,1h 43m,,Economy,29.0,3947.37,515
4969,Air India,Banglore,Mumbai,07/01/2025,12:45,1h 34m,non-stop,Economy,8.0,6918.02,840
4970,AIR INDIA,MUMBAI,Bangalore,03/22/2025,17:30,1h 38m,2 stops,Biz,57.0,17411.15,840
4971,SpiceJet,MUMBAI,Cochin,03/23/2025,20:45,1h 15m,Non Stop,economy,1.0,5682.38,860
4972,Air India,delhi,cochin,05/17/2025,20:45,2h 39m,1 stop,Eco,24.0,16198.17,2100
4973,AirAsia,Mumbai,Bangalore,19/01/2025,11:45,1h 23m,1 stop,Eco,15.0,5464.53,840
4974,Go Air,Chennai,Bangalore,30/07/2025,9:45,1h 30m,,BUSINESS,21.0,6363.29,290
4975,AirAsia,Banglore,Mumbai,12/03/2025,21:00,1h 15m,non-stop,BUSINESS,42.0,15448.66,840
4976,indigo,MUMBAI,Bangalore,08-Oct-2025,13:30,2h 43m,2 stops,Eco,34.0,5704.91,840
4977,Go Air,Delhi,Kolkata,08/08/2025,15:30,1h 40m,,Economy,22.0,8427.37,1300
4978,indigo,Kolkata,Chennai,07/03/2025,10:15,3h 35m,Non Stop,Business,31.0,24822.88,1360
4979,Vistara,Mumbai,HYDERABAD,2025-02-24,3:15,4h 29m,2+ stops,BUSINESS,19.0,16147.53,620
4980,AirAsia,Hyderabad,cochin,07/11/2025,1:45,6h 43m,1 stop,BUSINESS,22.0,14463.75,700
4981,AIR INDIA,Hyderabad,cochin,26-Dec-2025,10:45,,1 Stop,economy,19.0,5703.76,700
4982,GoAir,Banglore,Cochin,10/10/2025,2:15,0h 43m,,Economy,59.0,2357.03,360
4983,Go Air,MUMBAI,Bangalore,12/05/2025,7:30,3h 6m,2 stops,Economy,55.0,6185.82,840
4984,SpiceJet,Chennai,Cochin,12/02/2025,13:00,4h 30m,,Business,7.0,9507.98,500
4985,SpiceJet,Mumbai,Kolkata,25-Jul-2025,8:00,1h 49m,1 Stop,Biz,52.0,32902.38,1650
4986,Air India,Delhi,Mumbai,05/01/2025,5:00,1h 55m,Non Stop,BUSINESS,16.0,24911.97,1150
4987,IndiGo,Mumbai,Kolkata,03/02/2025,16:15,2h 41m,Non Stop,Economy,41.0,10927.85,1650
4988,SpiceJet,Banglore,Bangalore,09/14/2025,21:15,1h 10m,1 stop,,53.0,6432.35,1030
4989,Spice Jet,delhi,Hyderabad,06/09/2025,11:30,2h 15m,2+ stops,BUSINESS,18.0,30605.17,1260
4990,Air India,Chennai,Hyderabad,18/02/2025,0:30,0h 45m,1 Stop,Business,33.0,10790.06,515
4991,Spice Jet,Delhi,Bangalore,27-Jan-2025,13:00,1h 33m,Non Stop,economy,31.0,11201.75,1740
4992,GoAir,delhi,cochin,24-Sep-2025,3:15,2h 10m,Non Stop,Economy,34.0,13515.09,2100
4993,AirAsia,Chennai,Bangalore,15-Jan-2025,4:00,2h 17m,2+ stops,Biz,47.0,5437.37,290
4994,indigo,MUMBAI,Hyderabad,11/24/2025,16:00,2h 7m,1 Stop,economy,26.0,4485.86,620
4995,Air India,Kolkata,Hyderabad,12/06/2025,9:15,3h 26m,,Economy,38.0,9091.0,1190
4996,Go Air,Chennai,Bangalore,2025-04-29,15:45,2h 30m,,Eco,13.0,2298.79,290
4997,SpiceJet,delhi,Chennai,2025-02-06,10:30,8h 35m,1 Stop,BUSINESS,22.0,34315.98,1760
4998,AirAsia,Hyderabad,Kolkata,07/24/2025,22:00,,non-stop,BUSINESS,19.0,21739.68,1190
4999,Vistara,Chennai,Delhi,01-Jan-2025,17:15,2h 12m,,,34.0,42018.09,1760
5000,,Hyderabad,Chennai,18/12/2025,6:45,2h 57m,,Biz,14.0,11325.21,515
5001,Vistara,Mumbai,Delhi,07/23/2025,13:00,2h 55m,,economy,11.0,10432.94,1150
5002,SpiceJet,delhi,Mumbai,2025-02-26,8:30,1h 15m,Non Stop,Economy,43.0,6839.77,1150
5003,Vistara,delhi,Mumbai,2025-10-28,9:30,,,Biz,39.0,24326.99,1150
5004,AIR INDIA,Bangalore,Kolkata,23-Nov-2025,17:00,2h 51m,2 stops,Eco,57.0,,1560
5005,Spice Jet,Chenai,Bangalore,12/07/2025,14:30,3h 24m,1 Stop,Eco,1.0,2509.49,290
5006,Air India,Chennai,Delhi,2025-10-04,10:00,2h 31m,2 stops,Eco,47.0,12360.81,1760
5007,Air India,Mumbai,Delhi,12/02/2025,4:45,2h 25m,Non Stop,Economy,58.0,7152.81,1150
5008,Spice Jet,Kolkata,Chennai,08-Sep-2025,7:00,7h 22m,2+ stops,Economy,36.0,11037.35,1360
5009,indigo,Delhi,Mumbai,2025-06-13,18:45,2h 43m,2 stops,Economy,30.0,8537.4,1150
5010,Air India,delhi,Chennai,12/07/2025,23:00,5h 25m,2+ stops,economy,39.0,14299.9,1760
5011,Air India,Banglore,Mumbai,14/09/2025,4:30,7h 10m,,Eco,59.0,6560.44,840
5012,SpiceJet,Kolkata,HYDERABAD,17/03/2025,7:45,1h 58m,2+ stops,economy,22.0,9575.48,1190
5013,GoAir,Delhi,Hyderabad,2025-02-19,20:15,4h 25m,Non Stop,Business,52.0,22029.73,1260
5014,Vistara,Hyderabad,Bangalore,07/08/2025,10:00,5h 10m,1 Stop,Business,26.0,14082.98,500
5015,Spice Jet,MUMBAI,Cochin,14/01/2025,6:45,3h 2m,2+ stops,Business,5.0,20152.32,860
5016,indigo,delhi,Mumbai,2025-04-12,7:45,1h 36m,non-stop,BUSINESS,25.0,24774.8,1150
5017,IndiGo,Chenai,HYDERABAD,10/08/2025,19:30,0h 51m,non-stop,Biz,31.0,10930.24,515
5018,SpiceJet,Mumbai,Cochin,04/21/2025,23:45,0h 59m,non-stop,Business,2.0,17588.3,860
5019,GoAir,Mumbai,Chennai,09/20/2025,9:30,1h 0m,1 Stop,economy,8.0,7049.15,1030
5020,indigo,Delhi,Mumbai,2025-02-07,16:45,3h 22m,Non Stop,Business,23.0,24043.75,1150
5021,AirAsia,MUMBAI,Cochin,20-Apr-2025,8:00,0h 54m,,BUSINESS,,16720.29,860
5022,AirAsia,Delhi,Bangalore,08/03/2025,14:45,4h 8m,2 stops,BUSINESS,12.0,34565.07,1740
5023,SpiceJet,Bangalore,HYDERABAD,15-Dec-2025,16:15,3h 47m,2 stops,Economy,30.0,4040.01,500
5024,Spice Jet,Hyderabad,Chennai,09/10/2025,23:30,5h 57m,1 Stop,BUSINESS,48.0,11110.26,515
5025,SpiceJet,Kolkata,Mumbai,17/01/2025,0:15,1h 46m,1 Stop,BUSINESS,58.0,33831.67,1650
5026,Go Air,Hyderabad,Cochin,21/08/2025,11:00,1h 30m,,Economy,13.0,5325.48,700
5027,Vistara,Hyderabad,Cochin,25/07/2025,15:45,1h 31m,1 stop,Eco,14.0,6675.09,700
5028,AirAsia,Banglore,cochin,22-Nov-2025,22:00,4h 28m,2 stops,BUSINESS,25.0,7409.09,360
5029,AirAsia,Chenai,Chennai,30-May-2025,22:15,2h 16m,1 Stop,economy,41.0,6899.92,1030
5030,Go Air,MUMBAI,Cochin,11/07/2025,21:15,2h 35m,2+ stops,Economy,56.0,6501.31,860
5031,Vistara,delhi,Bangalore,28/01/2025,22:30,1h 10m,,Economy,41.0,12579.01,1740
5032,GoAir,Kolkata,Hyderabad,06/18/2025,16:30,1h 37m,2 stops,BUSINESS,36.0,23005.44,1190
5033,Air India,MUMBAI,cochin,07/07/2025,19:30,0h 58m,2+ stops,economy,28.0,8053.3,860
5034,AirAsia,MUMBAI,Cochin,03/14/2025,21:45,1h 31m,1 stop,Eco,5.0,5708.96,860
5035,Air India,Kolkata,cochin,17/08/2025,22:45,4h 25m,,BUSINESS,10.0,41433.05,1900
5036,AirAsia,Mumbai,Kolkata,19-Oct-2025,23:00,4h 12m,2 stops,,39.0,11981.45,1650
5037,Spice Jet,Bangalore,Delhi,09/26/2025,1:30,1h 57m,non-stop,Biz,60.0,32371.75,1740
5038,Spice Jet,Hyderabad,Mumbai,2025-10-10,4:45,5h 46m,1 Stop,Economy,59.0,4613.19,620
5039,GoAir,Kolkata,HYDERABAD,20/05/2025,7:45,2h 21m,1 stop,BUSINESS,55.0,21555.0,1190
5040,Vistara,Mumbai,Kolkata,08/03/2025,12:45,0h 38m,Non Stop,Business,47.0,33973.74,1650
5041,Spice Jet,delhi,Bangalore,11/28/2025,23:45,7h 54m,Non Stop,BUSINESS,53.0,31893.91,1740
5042,AirAsia,Kolkata,Cochin,2025-02-06,12:15,1h 36m,1 stop,economy,38.0,12969.77,1900
5043,SpiceJet,delhi,Cochin,20-Oct-2025,19:30,3h 40m,non-stop,Biz,23.0,41079.22,2100
5044,SpiceJet,MUMBAI,Bangalore,07/29/2025,9:00,1h 22m,1 stop,Biz,3.0,20310.55,840
5045,AirAsia,Bangalore,Hyderabad,04/10/2025,18:00,,,economy,34.0,3281.94,500
5046,Air India,delhi,Hyderabad,15/06/2025,9:30,6h 19m,,Economy,23.0,10309.1,1260
5047,Air India,delhi,cochin,11/17/2025,0:45,4h 0m,2 stops,BUSINESS,53.0,45035.0,2100
5048,AIR INDIA,Bangalore,Hyderabad,12-Feb-2025,17:30,0h 54m,,BUSINESS,16.0,11080.97,500
5049,SpiceJet,Chennai,cochin,21/01/2025,9:15,5h 35m,1 Stop,Biz,44.0,,500
5050,AirAsia,delhi,Delhi,18/01/2025,13:45,2h 12m,1 Stop,Economy,37.0,6852.22,1030
5051,Go Air,delhi,Hyderabad,23/05/2025,2:00,1h 5m,2+ stops,Business,5.0,29149.87,1260
5052,GoAir,MUMBAI,Cochin,2025-01-03,11:00,3h 35m,1 Stop,Economy,45.0,6596.47,860
5053,Go Air,Mumbai,cochin,01/27/2025,4:15,2h 9m,2 stops,BUSINESS,8.0,19125.58,860
5054,Spice Jet,Chenai,Bangalore,2025-09-11,10:30,1h 33m,,Economy,28.0,2465.36,290
5055,AIR INDIA,Hyderabad,Bangalore,20-Jul-2025,3:15,6h 3m,,BUSINESS,50.0,11324.86,500
5056,AIR INDIA,Hyderabad,Chennai,06/28/2025,20:15,2h 45m,non-stop,Eco,54.0,4312.77,515
5057,IndiGo,Chenai,Hyderabad,11/12/2025,3:15,2h 19m,non-stop,Business,22.0,12364.24,515
5058,SpiceJet,Chennai,Cochin,28-Dec-2025,20:00,4h 2m,2 stops,economy,32.0,4131.53,500
5059,AIR INDIA,delhi,Delhi,09/08/2025,11:45,1h 11m,1 stop,Biz,11.0,22928.04,1030
5060,indigo,Delhi,Bangalore,05-Apr-2025,21:45,3h 59m,1 Stop,Eco,,12111.3,1740
5061,GoAir,MUMBAI,Kolkata,06/03/2025,4:00,3h 58m,Non Stop,Biz,52.0,29403.52,1650
5062,SpiceJet,Chenai,Delhi,2025-12-20,9:30,2h 1m,2+ stops,BUSINESS,35.0,38194.13,1760
5063,SpiceJet,MUMBAI,Chennai,07/10/2025,2:15,0h 39m,1 Stop,BUSINESS,24.0,21593.9,1030
5064,AIR INDIA,Bangalore,Cochin,2025-06-25,18:00,2h 46m,2 stops,BUSINESS,32.0,9034.28,360
5065,indigo,Hyderabad,Chennai,31-Jan-2025,18:30,1h 18m,,economy,49.0,3727.67,515
5066,indigo,Hyderabad,Delhi,10/18/2025,17:45,3h 39m,1 Stop,Economy,57.0,8246.04,1260
5067,AirAsia,Delhi,Bangalore,21-Jun-2025,3:00,9h 58m,2 stops,Business,47.0,33890.2,1740
5068,GoAir,Bangalore,Cochin,02/17/2025,10:30,2h 23m,1 stop,economy,13.0,3204.08,360
5069,Go Air,Kolkata,Chennai,17-May-2025,0:45,2h 47m,non-stop,Economy,52.0,8802.55,1360
5070,SpiceJet,Mumbai,Chennai,08/02/2025,1:00,1h 8m,2 stops,Eco,39.0,7408.34,1030
5071,Air India,Banglore,Delhi,28-Dec-2025,14:45,4h 28m,,Business,9.0,43990.85,1740
5072,GoAir,Hyderabad,cochin,04/16/2025,11:45,1h 25m,non-stop,Biz,29.0,12914.7,700
5073,SpiceJet,Bangalore,cochin,11/30/2025,21:00,3h 7m,Non Stop,Biz,22.0,7185.75,360
5074,,Chennai,Delhi,05/01/2025,12:45,5h 55m,2+ stops,Eco,50.0,12561.11,1760
5075,Vistara,Delhi,Chennai,10/23/2025,4:30,2h 15m,,Business,13.0,42460.71,1760
5076,Spice Jet,Hyderabad,Bangalore,21/08/2025,0:45,1h 40m,non-stop,Economy,54.0,3240.61,500
5077,Air India,Hyderabad,Delhi,17-Apr-2025,21:45,,2+ stops,Eco,4.0,12219.66,1260
5078,Go Air,delhi,Bangalore,23/10/2025,9:00,2h 7m,2 stops,Eco,51.0,11009.57,1740
5079,GoAir,Bangalore,Cochin,24-Jan-2025,1:15,1h 53m,2 stops,economy,40.0,2630.85,360
5080,IndiGo,Chenai,Kolkata,07/29/2025,21:45,2h 58m,non-stop,Economy,22.0,10753.25,1360
5081,IndiGo,Chenai,Kolkata,2025-02-13,11:30,3h 34m,Non Stop,economy,9.0,9732.07,1360
5082,Spice Jet,Bangalore,Hyderabad,19-Feb-2025,16:00,10h 39m,non-stop,Eco,38.0,4309.43,500
5083,AIR INDIA,Kolkata,Chennai,03/22/2025,7:30,1h 4m,1 Stop,Economy,24.0,10859.81,1360
5084,Vistara,Kolkata,Hyderabad,13-Apr-2025,10:15,1h 51m,1 Stop,economy,2.0,9551.6,1190
5085,Go Air,delhi,Kolkata,2025-11-06,16:45,3h 40m,1 stop,Eco,50.0,9034.87,1300
5086,SpiceJet,MUMBAI,cochin,07-Feb-2025,0:00,1h 23m,,economy,44.0,5986.91,860
5087,Vistara,Mumbai,Cochin,02/02/2025,1:45,3h 43m,Non Stop,Eco,53.0,7117.13,860
5088,Air India,delhi,Mumbai,2025-10-12,12:00,6h 56m,,Business,46.0,24212.08,1150
5089,indigo,Delhi,cochin,04/08/2025,5:00,1h 46m,2+ stops,Business,3.0,50973.29,2100
5090,IndiGo,Delhi,HYDERABAD,28-Nov-2025,7:15,2h 46m,non-stop,economy,8.0,9283.73,1260
5091,GoAir,Banglore,Hyderabad,07/09/2025,3:45,2h 21m,,Business,50.0,9644.37,500
5092,Vistara,delhi,Bangalore,01/20/2025,3:15,7h 48m,,Biz,29.0,37459.55,1740
5093,Spice Jet,Delhi,HYDERABAD,08-Jan-2025,20:45,1h 8m,1 Stop,BUSINESS,5.0,26783.07,1260
5094,SpiceJet,Banglore,Mumbai,16-Jul-2025,5:30,4h 54m,1 Stop,economy,6.0,5969.76,840
5095,Air India,Chenai,Bangalore,09/15/2025,17:15,3h 14m,Non Stop,economy,36.0,2634.45,290
5096,SpiceJet,Hyderabad,Mumbai,07/14/2025,21:00,0h 55m,2 stops,Eco,13.0,4144.38,620
5097,GoAir,Chennai,Mumbai,05/12/2025,0:45,0h 57m,1 stop,BUSINESS,54.0,16623.79,1030
5098,AIR INDIA,Banglore,Mumbai,06/04/2025,0:15,4h 43m,2 stops,,6.0,7965.13,840
5099,Vistara,Mumbai,Bangalore,2025-01-15,9:45,4h 13m,Non Stop,BUSINESS,36.0,18189.62,840
5100,GoAir,Mumbai,Kolkata,08/11/2025,0:15,,,Eco,51.0,9900.19,1650
5101,Spice Jet,Kolkata,Cochin,01/11/2025,17:00,3h 58m,2+ stops,Economy,21.0,15455.74,1900
5102,indigo,Hyderabad,Chennai,11/17/2025,20:45,1h 28m,1 stop,Business,12.0,11713.42,515
5103,AIR INDIA,Banglore,Bangalore,12/16/2025,13:30,4h 25m,1 Stop,economy,5.0,9256.87,1030
5104,GoAir,Chenai,Delhi,08/05/2025,2:45,1h 18m,2+ stops,BUSINESS,28.0,36671.09,1760
5105,Vistara,Hyderabad,Delhi,29-Nov-2025,19:00,7h 15m,2 stops,Business,14.0,37649.42,1260
5106,AIR INDIA,Chenai,Kolkata,01/28/2025,23:30,3h 49m,non-stop,Business,15.0,29513.8,1360
5107,Spice Jet,Bangalore,Kolkata,2025-01-30,23:30,3h 7m,2 stops,Business,55.0,33214.1,1560
5108,Vistara,delhi,Cochin,08/17/2025,12:15,0h 42m,1 stop,BUSINESS,50.0,45735.83,2100
5109,Go Air,Banglore,cochin,13-Nov-2025,0:15,4h 32m,1 stop,Economy,5.0,2816.64,360
5110,Vistara,Kolkata,Chennai,04/05/2025,1:15,2h 6m,2 stops,Biz,23.0,34640.24,1360
5111,AirAsia,Delhi,Kolkata,21-Aug-2025,23:30,2h 7m,1 stop,economy,53.0,8104.17,1300
5112,GoAir,MUMBAI,Delhi,25-May-2025,3:15,3h 19m,Non Stop,Biz,18.0,20845.2,1150
5113,GoAir,delhi,Hyderabad,08/20/2025,23:15,2h 29m,1 stop,Biz,27.0,23352.8,1260
5114,Air India,Banglore,Delhi,2025-02-28,9:15,2h 12m,2+ stops,Eco,52.0,13555.87,1740
5115,GoAir,MUMBAI,Hyderabad,2025-10-18,3:00,0h 55m,2+ stops,Biz,14.0,14050.35,620
5116,,Kolkata,Mumbai,18/03/2025,21:00,4h 58m,1 stop,economy,51.0,9663.5,1650
5117,Spice Jet,Bangalore,Kolkata,04/10/2025,18:00,1h 2m,,Economy,9.0,11780.47,1560
5118,Go Air,Mumbai,Hyderabad,2025-07-07,12:30,1h 41m,Non Stop,BUSINESS,2.0,12235.58,620
5119,AIR INDIA,Mumbai,Chennai,08-Dec-2025,3:45,1h 52m,2 stops,BUSINESS,45.0,21391.22,1030
5120,SpiceJet,Delhi,Cochin,23-May-2025,22:00,1h 59m,2+ stops,Business,33.0,47024.52,2100
5121,Spice Jet,Bangalore,Mumbai,01/07/2025,8:00,1h 7m,non-stop,Economy,41.0,5427.21,840
5122,Air India,MUMBAI,cochin,18-Sep-2025,9:30,,Non Stop,BUSINESS,19.0,20675.61,860
5123,indigo,Delhi,Chennai,05/31/2025,2:15,2h 16m,Non Stop,Business,37.0,35245.87,1760
5124,Vistara,Chennai,Mumbai,2025-07-17,13:15,2h 4m,2+ stops,economy,17.0,9328.09,1030
5125,GoAir,Bangalore,Hyderabad,2025-12-05,0:15,2h 10m,Non Stop,Eco,4.0,3693.06,500
5126,IndiGo,Mumbai,HYDERABAD,28-Mar-2025,14:45,,non-stop,Biz,41.0,12600.54,620
5127,IndiGo,Kolkata,cochin,03-Jun-2025,0:00,2h 21m,,BUSINESS,50.0,36370.78,1900
5128,AirAsia,Mumbai,Chennai,2025-02-21,7:15,3h 21m,non-stop,BUSINESS,38.0,17422.97,1030
5129,Spice Jet,Mumbai,Chennai,11/15/2025,17:00,1h 18m,non-stop,BUSINESS,47.0,19374.37,1030
5130,,delhi,Chennai,2025-03-26,15:00,3h 1m,non-stop,Eco,50.0,11322.78,1760
5131,SpiceJet,Chenai,Mumbai,02/12/2025,5:45,4h 24m,Non Stop,Eco,49.0,6747.81,1030
5132,Spice Jet,Mumbai,Hyderabad,01/25/2025,0:15,6h 13m,1 stop,Economy,27.0,5211.37,620
5133,indigo,Mumbai,Hyderabad,2025-12-25,12:45,4h 10m,2 stops,Economy,31.0,5021.52,620
5134,indigo,delhi,Cochin,17-Jul-2025,0:30,2h 7m,2 stops,BUSINESS,10.0,47889.46,2100
5135,Spice Jet,Banglore,Bangalore,16-Aug-2025,7:30,5h 42m,2+ stops,,3.0,23325.14,1030
5136,IndiGo,Kolkata,Delhi,01/28/2025,9:00,1h 24m,Non Stop,Biz,23.0,,1300
5137,Spice Jet,Bangalore,Delhi,2025-10-20,10:45,3h 59m,Non Stop,Eco,49.0,11105.6,1740
5138,Vistara,Chennai,cochin,2025-11-17,4:15,0h 54m,,Biz,3.0,13375.16,500
5139,IndiGo,Kolkata,Hyderabad,2025-06-23,11:30,1h 38m,1 stop,Business,54.0,22400.91,1190
5140,GoAir,Kolkata,Mumbai,06-Oct-2025,0:30,1h 5m,2+ stops,economy,53.0,10737.13,1650
5141,AirAsia,delhi,Kolkata,11/23/2025,22:45,8h 5m,non-stop,Economy,53.0,8556.65,1300
5142,AirAsia,Bangalore,cochin,2025-04-11,6:00,2h 47m,non-stop,Eco,56.0,2529.03,360
5143,GoAir,Chenai,Delhi,19/12/2025,9:00,2h 14m,2+ stops,Economy,11.0,12538.69,1760
5144,Go Air,Bangalore,Mumbai,28/12/2025,21:15,1h 21m,Non Stop,Economy,60.0,5480.61,840
5145,IndiGo,Hyderabad,cochin,12/27/2025,12:15,2h 2m,2 stops,Eco,28.0,4916.15,700
5146,Spice Jet,Chennai,Delhi,2025-12-24,15:45,1h 49m,,Economy,36.0,12224.65,1760
5147,indigo,Chennai,Hyderabad,06/07/2025,15:15,4h 4m,,Business,46.0,9918.7,515
5148,IndiGo,MUMBAI,cochin,05/21/2025,14:30,0h 55m,1 stop,economy,13.0,7244.92,860
5149,SpiceJet,Banglore,Delhi,04-Oct-2025,20:30,1h 49m,non-stop,Business,30.0,29822.71,1740
5150,GoAir,Kolkata,HYDERABAD,23/11/2025,6:00,4h 53m,non-stop,,2.0,9096.84,1190
5151,Go Air,Chenai,Cochin,2025-04-20,12:30,2h 25m,2+ stops,Business,21.0,11048.06,500
5152,indigo,Banglore,HYDERABAD,12/06/2025,11:15,1h 28m,2 stops,economy,48.0,3709.78,500
5153,Go Air,Hyderabad,Bangalore,2025-12-16,2:00,1h 50m,2+ stops,BUSINESS,40.0,10625.34,500
5154,Air India,Mumbai,Chennai,06/09/2025,18:45,2h 51m,2 stops,Economy,47.0,8395.5,1030
5155,SpiceJet,Bangalore,Cochin,10/11/2025,7:30,4h 41m,1 stop,Biz,27.0,7343.53,360
5156,SpiceJet,Bangalore,Hyderabad,29/03/2025,23:45,2h 43m,,Biz,21.0,9984.26,500
5157,SpiceJet,Delhi,Hyderabad,2025-08-20,3:45,5h 12m,non-stop,Business,52.0,23693.44,1260
5158,Spice Jet,Delhi,Bangalore,03/22/2025,1:30,2h 9m,2+ stops,economy,20.0,11735.38,1740
5159,Spice Jet,Chenai,Cochin,31/08/2025,5:45,0h 58m,1 Stop,Eco,49.0,3316.55,500
5160,indigo,Bangalore,Kolkata,09/17/2025,22:15,2h 7m,1 stop,Biz,51.0,36182.56,1560
5161,AIR INDIA,delhi,cochin,2025-06-13,4:15,2h 11m,1 Stop,Eco,7.0,15966.85,2100
5162,Spice Jet,Chennai,Mumbai,01-Jan-2025,19:30,3h 12m,2 stops,Eco,17.0,8322.65,1030
5163,GoAir,delhi,Cochin,2025-12-11,3:45,1h 38m,non-stop,Biz,15.0,38902.75,2100
5164,SpiceJet,Chennai,Kolkata,04/04/2025,7:00,1h 37m,,economy,50.0,9030.51,1360
5165,GoAir,delhi,Kolkata,2025-12-20,20:00,2h 35m,1 Stop,BUSINESS,34.0,26003.47,1300
5166,SpiceJet,MUMBAI,Chennai,2025-07-01,2:30,2h 48m,Non Stop,Economy,30.0,7393.96,1030
5167,GoAir,Banglore,Cochin,04/23/2025,11:15,6h 2m,1 stop,Eco,16.0,3154.43,360
5168,Spice Jet,Mumbai,Hyderabad,2025-08-22,7:45,7h 40m,2+ stops,Economy,25.0,6039.65,620
5169,Go Air,Bangalore,Chennai,2025-06-23,7:30,2h 44m,1 Stop,Eco,57.0,2147.04,290
5170,SpiceJet,delhi,Hyderabad,2025-01-15,14:45,,Non Stop,Biz,1.0,26293.78,1260
5171,indigo,Banglore,Cochin,03-Dec-2025,3:45,2h 27m,,Business,37.0,7846.64,360
5172,Air India,Chenai,Mumbai,24/12/2025,16:15,3h 40m,1 stop,Business,34.0,21600.76,1030
5173,AIR INDIA,delhi,Hyderabad,2025-12-10,3:00,3h 35m,non-stop,economy,39.0,9116.09,1260
5174,AIR INDIA,delhi,Mumbai,2025-03-24,3:15,7h 6m,,Biz,44.0,25642.0,1150
5175,Vistara,Banglore,Delhi,07/31/2025,9:15,2h 42m,2 stops,Biz,35.0,40540.53,1740
5176,Spice Jet,delhi,Cochin,2025-05-31,2:45,6h 8m,non-stop,economy,24.0,16151.56,2100
5177,AIR INDIA,Banglore,HYDERABAD,02-Dec-2025,18:45,1h 47m,2+ stops,Eco,38.0,4135.02,500
5178,Spice Jet,Banglore,Hyderabad,2025-07-28,16:00,6h 42m,,Business,14.0,11825.8,500
5179,GoAir,Mumbai,cochin,06-Aug-2025,9:45,3h 53m,,economy,52.0,6053.99,860
5180,AirAsia,Bangalore,HYDERABAD,2025-07-08,7:30,1h 17m,2+ stops,Business,27.0,10483.93,500
5181,SpiceJet,Bangalore,Delhi,23/06/2025,7:45,2h 9m,2 stops,economy,21.0,11891.35,1740
5182,indigo,delhi,Hyderabad,2025-02-12,8:00,1h 45m,2+ stops,Eco,6.0,9922.19,1260
5183,Go Air,Hyderabad,cochin,25-Nov-2025,5:00,0h 46m,2 stops,Eco,36.0,4754.1,700
5184,IndiGo,Chennai,Cochin,13-Jun-2025,3:00,,2+ stops,BUSINESS,11.0,10842.71,500
5185,SpiceJet,Hyderabad,HYDERABAD,2025-03-28,17:45,,1 Stop,Economy,29.0,6796.95,1030
5186,Air India,Banglore,Chennai,15-Feb-2025,18:45,6h 2m,1 Stop,Business,30.0,6594.2,290
5187,IndiGo,Bangalore,Chennai,05/05/2025,16:45,1h 11m,1 stop,Business,60.0,6306.08,290
5188,GoAir,Mumbai,Kolkata,03/15/2025,9:15,1h 10m,non-stop,Eco,12.0,11316.2,1650
5189,AirAsia,Mumbai,Delhi,01/14/2025,15:30,4h 53m,2+ stops,Biz,7.0,26409.45,1150
5190,SpiceJet,Kolkata,cochin,12/07/2025,17:15,1h 55m,2+ stops,Eco,47.0,13684.41,1900
5191,GoAir,Hyderabad,Bangalore,15/02/2025,1:15,1h 22m,2+ stops,Economy,40.0,3790.75,500
5192,IndiGo,Bangalore,Chennai,29/06/2025,5:15,1h 21m,Non Stop,Biz,27.0,6669.17,290
5193,Go Air,Hyderabad,cochin,11-Oct-2025,13:30,2h 18m,2+ stops,BUSINESS,45.0,13852.0,700
5194,Vistara,Mumbai,Delhi,23-Dec-2025,16:15,1h 46m,2+ stops,Economy,41.0,9765.85,1150
5195,SpiceJet,Mumbai,HYDERABAD,07/05/2025,22:45,4h 41m,non-stop,Eco,33.0,4717.64,620
5196,AirAsia,MUMBAI,Delhi,10-Feb-2025,2:45,1h 12m,1 stop,economy,53.0,6451.75,1150
5197,Go Air,MUMBAI,Mumbai,2025-06-19,18:15,4h 7m,2 stops,BUSINESS,58.0,23183.2,1030
5198,IndiGo,MUMBAI,Bangalore,30-Jul-2025,3:00,1h 48m,,Business,38.0,17308.34,840
5199,IndiGo,Bangalore,cochin,2025-12-24,19:15,1h 51m,2+ stops,BUSINESS,52.0,8039.23,360
5200,Go Air,delhi,Cochin,2025-07-20,13:15,1h 27m,1 Stop,Business,46.0,41600.02,2100
5201,IndiGo,Delhi,HYDERABAD,06/12/2025,10:15,4h 54m,non-stop,Eco,57.0,8800.52,1260
5202,,Hyderabad,Delhi,10-Jun-2025,6:15,1h 23m,1 stop,Economy,20.0,9267.35,1260
5203,AIR INDIA,delhi,Delhi,10/11/2025,11:45,7h 25m,Non Stop,Economy,1.0,8865.45,1030
5204,Spice Jet,MUMBAI,Chennai,13-Sep-2025,14:30,2h 50m,non-stop,Business,45.0,17225.3,1030
5205,SpiceJet,Hyderabad,HYDERABAD,2025-08-09,3:30,2h 1m,,Economy,17.0,7135.18,1030
5206,Spice Jet,Mumbai,Hyderabad,24-Aug-2025,19:15,3h 52m,1 stop,Business,35.0,12920.41,620
5207,AirAsia,Mumbai,Cochin,06/02/2025,17:30,1h 49m,2 stops,economy,10.0,6424.93,860
5208,SpiceJet,Bangalore,HYDERABAD,2025-04-06,0:30,4h 55m,,economy,11.0,4434.81,500
5209,SpiceJet,Banglore,Chennai,16/12/2025,23:15,2h 49m,1 stop,Business,6.0,6501.32,290
5210,AirAsia,Chenai,Delhi,17-May-2025,16:30,3h 47m,non-stop,Economy,57.0,9354.22,1760
5211,Air India,Kolkata,cochin,10/13/2025,12:30,2h 28m,2 stops,Business,24.0,47963.6,1900
5212,AIR INDIA,Banglore,Kolkata,24-Mar-2025,7:15,4h 10m,2 stops,BUSINESS,59.0,36716.13,1560
5213,indigo,Chennai,HYDERABAD,11/11/2025,13:45,1h 19m,Non Stop,economy,4.0,4216.76,515
5214,indigo,Mumbai,Delhi,07/18/2025,22:30,4h 57m,1 Stop,Biz,6.0,25600.96,1150
5215,Go Air,Mumbai,Kolkata,24-Oct-2025,18:45,0h 52m,Non Stop,Business,3.0,34744.51,1650
5216,indigo,Banglore,cochin,10/19/2025,12:00,7h 2m,2+ stops,Economy,39.0,4235.2,360
5217,AIR INDIA,Banglore,Kolkata,09/05/2025,23:15,2h 58m,,Business,49.0,33507.31,1560
5218,Go Air,Mumbai,Bangalore,2025-10-21,20:30,3h 25m,2+ stops,BUSINESS,27.0,16694.75,840
5219,indigo,Hyderabad,Delhi,04/03/2025,15:30,0h 38m,1 Stop,Economy,58.0,7986.9,1260
5220,GoAir,Mumbai,cochin,14-Apr-2025,14:00,1h 30m,1 Stop,Business,35.0,17203.32,860
5221,Vistara,delhi,Cochin,2025-06-16,19:00,4h 30m,1 Stop,Economy,59.0,13980.22,2100
5222,Go Air,Banglore,Hyderabad,10/06/2025,2:00,2h 19m,2 stops,economy,57.0,3586.56,500
5223,,Chenai,Mumbai,29-Mar-2025,18:00,1h 4m,,Economy,56.0,7062.67,1030
5224,SpiceJet,Chennai,Mumbai,06/24/2025,12:00,1h 28m,non-stop,Eco,38.0,7277.79,1030
5225,indigo,Bangalore,Kolkata,03/09/2025,4:30,5h 33m,Non Stop,Economy,28.0,11898.77,1560
5226,GoAir,MUMBAI,Cochin,03/06/2025,14:00,2h 19m,2+ stops,Eco,26.0,6820.56,860
5227,indigo,Banglore,HYDERABAD,11/17/2025,5:00,1h 4m,2+ stops,Biz,14.0,10437.8,500
5228,Air India,Chennai,Mumbai,04/25/2025,11:45,7h 25m,2+ stops,economy,46.0,9322.84,1030
5229,AIR INDIA,Delhi,Chennai,09/02/2025,4:45,4h 3m,Non Stop,BUSINESS,43.0,38146.53,1760
5230,indigo,Kolkata,Delhi,02/06/2025,23:45,3h 50m,,Biz,,27691.08,1300
5231,Spice Jet,Mumbai,Kolkata,27-Jul-2025,7:45,1h 36m,1 Stop,Biz,41.0,28304.09,1650
5232,Go Air,Chennai,Mumbai,26/08/2025,12:30,1h 30m,1 Stop,Biz,1.0,20608.37,1030
5233,Air India,Mumbai,Cochin,01/18/2025,10:00,1h 25m,,Economy,9.0,6617.43,860
5234,SpiceJet,MUMBAI,Cochin,2025-02-12,8:45,,Non Stop,Eco,23.0,5222.62,860
5235,AIR INDIA,Banglore,Delhi,2025-10-13,4:15,3h 36m,1 stop,Biz,42.0,37847.41,1740
5236,Go Air,delhi,cochin,08/11/2025,23:30,2h 44m,non-stop,BUSINESS,44.0,35572.45,2100
5237,AirAsia,Chenai,Hyderabad,02-Jan-2025,7:00,2h 19m,1 stop,BUSINESS,48.0,11012.98,515
5238,GoAir,Banglore,HYDERABAD,2025-07-21,23:00,3h 56m,1 stop,BUSINESS,56.0,9383.12,500
5239,IndiGo,Delhi,Chennai,01/16/2025,14:00,2h 23m,2+ stops,BUSINESS,54.0,39971.3,1760
5240,SpiceJet,delhi,Kolkata,2025-11-02,17:00,1h 25m,1 stop,economy,5.0,8535.06,1300
5241,AirAsia,Chenai,cochin,09/09/2025,15:15,9h 12m,2 stops,Biz,43.0,10050.61,500
5242,Spice Jet,Mumbai,Hyderabad,12-Jan-2025,19:15,1h 43m,1 stop,Biz,37.0,12342.89,620
5243,AirAsia,Chenai,Bangalore,2025-10-16,12:30,2h 55m,2+ stops,BUSINESS,29.0,6017.35,290
5244,Go Air,Banglore,HYDERABAD,2025-01-05,8:15,1h 15m,Non Stop,Business,18.0,9562.1,500
5245,AirAsia,Bangalore,HYDERABAD,29/01/2025,19:15,2h 7m,2+ stops,Economy,49.0,3582.16,500
5246,Go Air,Hyderabad,Bangalore,23/01/2025,12:30,2h 58m,Non Stop,Eco,9.0,3704.64,500
5247,Spice Jet,Chenai,Delhi,28-Jul-2025,17:30,1h 2m,non-stop,economy,27.0,12659.64,1760
5248,Vistara,Mumbai,Hyderabad,2025-01-14,21:45,4h 7m,2 stops,Biz,33.0,15720.52,620
5249,Go Air,Delhi,Chennai,17/04/2025,7:15,3h 0m,Non Stop,Biz,50.0,31778.49,1760
5250,IndiGo,MUMBAI,Cochin,29/11/2025,19:30,6h 5m,1 Stop,Economy,14.0,7182.6,860
5251,AIR INDIA,MUMBAI,Kolkata,2025-06-24,6:15,3h 37m,non-stop,Eco,48.0,12105.09,1650
5252,GoAir,Chennai,Bangalore,18/09/2025,14:45,2h 10m,,economy,19.0,2355.74,290
5253,GoAir,Chenai,Delhi,05/13/2025,14:30,1h 34m,2+ stops,Business,31.0,36056.08,1760
5254,AIR INDIA,delhi,Bangalore,01-Jun-2025,6:15,2h 4m,2+ stops,BUSINESS,44.0,41101.68,1740
5255,IndiGo,delhi,Chennai,07/09/2025,4:45,2h 46m,2+ stops,Business,46.0,40626.27,1760
5256,Vistara,Mumbai,Delhi,25/04/2025,19:45,3h 57m,1 stop,BUSINESS,29.0,28941.32,1150
5257,AIR INDIA,Chenai,Bangalore,12/15/2025,12:15,4h 38m,1 stop,Economy,19.0,2854.04,290
5258,SpiceJet,delhi,Delhi,04/01/2025,23:15,1h 57m,1 Stop,Business,46.0,20531.88,1030
5259,SpiceJet,delhi,cochin,2025-09-21,5:30,5h 4m,1 Stop,Biz,1.0,44373.36,2100
5260,SpiceJet,Bangalore,Chennai,26-Dec-2025,22:30,2h 46m,2 stops,economy,47.0,2399.41,290
5261,SpiceJet,Bangalore,Hyderabad,11/06/2025,22:45,0h 45m,Non Stop,Eco,12.0,3499.08,500
5262,Spice Jet,Mumbai,Hyderabad,02-Sep-2025,6:30,4h 39m,2 stops,BUSINESS,3.0,14069.26,620
5263,Spice Jet,MUMBAI,cochin,21-Feb-2025,16:15,6h 24m,,BUSINESS,59.0,17572.25,860
5264,Vistara,Kolkata,Delhi,20-Oct-2025,5:15,1h 40m,,Biz,50.0,28791.26,1300
5265,Go Air,delhi,Mumbai,21-Nov-2025,21:15,0h 57m,1 Stop,,18.0,23197.85,1150
5266,indigo,Mumbai,Hyderabad,26/10/2025,6:30,5h 25m,1 stop,Eco,41.0,4447.11,620
5267,AIR INDIA,Hyderabad,Cochin,07-Sep-2025,0:30,1h 16m,Non Stop,Economy,53.0,4925.63,700
5268,Air India,Bangalore,Delhi,12/17/2025,0:15,1h 14m,non-stop,Biz,35.0,36214.96,1740
5269,Air India,Chenai,Cochin,25-Feb-2025,22:45,4h 3m,1 stop,economy,47.0,3949.1,500
5270,Spice Jet,Chennai,Delhi,23-Dec-2025,21:30,0h 51m,2+ stops,BUSINESS,13.0,39376.49,1760
5271,indigo,delhi,cochin,08/11/2025,10:30,1h 36m,2 stops,economy,1.0,16155.41,2100
5272,GoAir,Bangalore,HYDERABAD,2025-04-01,15:45,1h 34m,Non Stop,BUSINESS,15.0,9962.04,500
5273,IndiGo,Chenai,Bangalore,08/05/2025,4:30,3h 49m,non-stop,Business,48.0,6068.84,290
5274,Air India,Banglore,Kolkata,17-Jun-2025,19:00,2h 7m,Non Stop,Economy,32.0,10766.95,1560
5275,SpiceJet,Kolkata,Hyderabad,2025-07-09,15:30,2h 0m,2+ stops,,35.0,8520.78,1190
5276,Air India,Delhi,Cochin,2025-05-17,18:30,4h 19m,Non Stop,Eco,21.0,15935.78,2100
5277,GoAir,MUMBAI,Mumbai,04/12/2025,9:45,2h 56m,2+ stops,economy,51.0,7751.17,1030
5278,Spice Jet,Chenai,Delhi,09/09/2025,1:30,1h 6m,1 stop,Eco,9.0,12651.83,1760
5279,Go Air,delhi,Mumbai,13-Jan-2025,23:45,1h 4m,2 stops,Business,16.0,23164.86,1150
5280,Vistara,Mumbai,Kolkata,2025-01-03,2:15,1h 15m,Non Stop,Business,3.0,40279.91,1650
5281,AIR INDIA,Bangalore,HYDERABAD,2025-08-20,14:30,0h 59m,,Biz,30.0,12604.97,500
5282,AIR INDIA,Delhi,Chennai,07-Dec-2025,15:00,3h 27m,2+ stops,Eco,11.0,16280.04,1760
5283,Spice Jet,Bangalore,Cochin,10/28/2025,15:00,0h 58m,2+ stops,Business,11.0,8649.78,360
5284,AirAsia,MUMBAI,Delhi,11/20/2025,23:15,2h 52m,1 stop,Business,3.0,24344.57,1150
5285,IndiGo,delhi,Mumbai,08-Mar-2025,3:45,3h 8m,2+ stops,Eco,48.0,,1150
5286,indigo,Kolkata,Chennai,09/08/2025,1:45,3h 36m,2 stops,economy,12.0,11467.94,1360
5287,GoAir,Kolkata,HYDERABAD,28-Nov-2025,16:00,1h 11m,non-stop,Eco,38.0,7712.08,1190
5288,,MUMBAI,Chennai,30/04/2025,12:30,2h 1m,1 Stop,Eco,14.0,8304.72,1030
5289,Go Air,Kolkata,HYDERABAD,2025-05-31,10:15,,non-stop,economy,41.0,7083.69,1190
5290,Air India,Hyderabad,Kolkata,2025-04-19,20:15,1h 18m,2+ stops,Economy,20.0,9274.22,1190
5291,IndiGo,Kolkata,cochin,2025-06-18,8:30,1h 0m,2 stops,Economy,51.0,13248.72,1900
5292,SpiceJet,Mumbai,Cochin,05/29/2025,19:45,1h 23m,1 stop,Business,56.0,16015.91,860
5293,,MUMBAI,Kolkata,23/06/2025,14:00,3h 38m,1 stop,Business,49.0,31595.32,1650
5294,Spice Jet,Delhi,Kolkata,30/08/2025,2:00,3h 20m,,economy,3.0,10118.81,1300
5295,SpiceJet,MUMBAI,Bangalore,09/06/2025,6:00,2h 17m,,economy,17.0,5442.98,840
5296,indigo,MUMBAI,Cochin,2025-05-01,6:45,1h 0m,Non Stop,Biz,55.0,15559.89,860
5297,AIR INDIA,Chennai,Delhi,21/10/2025,21:45,2h 0m,Non Stop,economy,39.0,12210.85,1760
5298,indigo,delhi,Chennai,18/12/2025,20:15,2h 28m,,Biz,31.0,32899.62,1760
5299,Go Air,Kolkata,Hyderabad,11/14/2025,14:45,,Non Stop,Eco,3.0,9079.57,1190
5300,AIR INDIA,Kolkata,Chennai,03/29/2025,14:30,0h 52m,Non Stop,,23.0,9315.38,1360
5301,Air India,Bangalore,HYDERABAD,2025-12-20,9:15,1h 58m,2 stops,BUSINESS,56.0,10778.05,500
5302,IndiGo,Mumbai,cochin,08-Feb-2025,9:30,1h 14m,1 Stop,Biz,55.0,17719.2,860
5303,AirAsia,Mumbai,Cochin,09-Jun-2025,12:00,3h 27m,Non Stop,Economy,16.0,6067.42,860
5304,GoAir,Bangalore,cochin,2025-01-13,3:00,1h 49m,1 Stop,Business,4.0,7274.45,360
5305,,Delhi,Mumbai,12/07/2025,15:00,0h 46m,2 stops,Economy,42.0,8608.27,1150
5306,Vistara,Hyderabad,HYDERABAD,12/03/2025,18:00,6h 10m,2 stops,Economy,12.0,9623.93,1030
5307,Air India,MUMBAI,cochin,08-Jun-2025,8:15,0h 48m,,Economy,,7630.13,860
5308,GoAir,Bangalore,Mumbai,18-Sep-2025,18:15,2h 48m,1 Stop,Eco,1.0,6443.05,840
5309,GoAir,Mumbai,cochin,2025-03-11,0:45,4h 33m,Non Stop,Business,11.0,17049.95,860
5310,indigo,Chenai,Delhi,15-Nov-2025,17:45,1h 53m,1 stop,Eco,59.0,10919.74,1760
5311,GoAir,Hyderabad,cochin,26/04/2025,8:30,0h 49m,2 stops,economy,6.0,5057.85,700
5312,Vistara,delhi,cochin,18/08/2025,11:15,0h 58m,1 Stop,Eco,32.0,15536.4,2100
5313,Vistara,Mumbai,Chennai,27/04/2025,4:00,3h 3m,,economy,54.0,8562.1,1030
5314,indigo,MUMBAI,cochin,2025-01-07,15:15,4h 31m,Non Stop,BUSINESS,37.0,17246.7,860
5315,Go Air,MUMBAI,Cochin,22-Feb-2025,21:30,1h 31m,2+ stops,Economy,32.0,6528.3,860
5316,Vistara,Banglore,Kolkata,10/06/2025,22:15,3h 52m,,Economy,51.0,12950.88,1560
5317,Vistara,Hyderabad,cochin,11/23/2025,22:00,1h 22m,,BUSINESS,15.0,14709.74,700
5318,Spice Jet,MUMBAI,Delhi,2025-12-03,10:30,2h 22m,Non Stop,Eco,28.0,8259.38,1150
5319,AIR INDIA,Hyderabad,Kolkata,2025-07-20,13:15,1h 45m,1 stop,Eco,58.0,8565.93,1190
5320,AIR INDIA,delhi,Delhi,06/03/2025,18:15,1h 53m,1 Stop,Biz,6.0,25403.2,1030
5321,Vistara,Mumbai,Cochin,2025-10-03,7:15,2h 52m,2 stops,Economy,56.0,6563.14,860
5322,GoAir,Chennai,cochin,15/12/2025,13:45,3h 32m,2+ stops,Eco,1.0,4122.98,500
5323,Go Air,Banglore,Delhi,24-Feb-2025,11:45,2h 56m,2+ stops,Biz,34.0,37237.06,1740
5324,Spice Jet,delhi,Kolkata,27-Dec-2025,22:15,2h 45m,1 Stop,Economy,28.0,10296.62,1300
5325,IndiGo,delhi,Kolkata,08-Oct-2025,17:30,1h 58m,,economy,41.0,9611.88,1300
5326,Go Air,Bangalore,Kolkata,21/10/2025,4:15,0h 44m,non-stop,Economy,57.0,9815.34,1560
5327,Spice Jet,Chennai,Hyderabad,2025-05-29,17:45,1h 3m,1 stop,economy,20.0,3759.89,515
5328,Air India,Banglore,Cochin,29/10/2025,19:00,1h 36m,2+ stops,Eco,2.0,3398.96,360
5329,Go Air,Banglore,Bangalore,12/10/2025,15:00,1h 16m,1 stop,Economy,37.0,6489.01,1030
5330,Go Air,Mumbai,Chennai,2025-08-29,22:30,,1 Stop,Business,17.0,20257.67,1030
5331,Go Air,delhi,Bangalore,2025-04-04,11:00,1h 13m,Non Stop,economy,54.0,9002.41,1740
5332,AirAsia,Bangalore,HYDERABAD,03/09/2025,10:45,2h 53m,1 stop,Biz,1.0,10039.2,500
5333,AirAsia,delhi,Chennai,2025-07-17,6:45,5h 15m,1 stop,Business,17.0,33228.55,1760
5334,Vistara,Bangalore,HYDERABAD,11/07/2025,15:15,0h 47m,2+ stops,BUSINESS,7.0,13460.75,500
5335,SpiceJet,Chenai,Chennai,08/07/2025,11:45,4h 31m,2+ stops,Eco,33.0,7945.65,1030
5336,Go Air,delhi,Bangalore,06/06/2025,14:45,1h 29m,non-stop,Economy,23.0,11437.36,1740
5337,SpiceJet,Bangalore,Mumbai,2025-03-03,16:00,3h 46m,Non Stop,Economy,40.0,5682.69,840
5338,Vistara,Hyderabad,Kolkata,12/02/2025,4:15,6h 54m,2+ stops,economy,3.0,11120.93,1190
5339,IndiGo,Chenai,Chennai,08/06/2025,8:45,4h 18m,2 stops,Business,54.0,18731.59,1030
5340,AirAsia,Chennai,Kolkata,07-Jun-2025,15:15,3h 40m,non-stop,economy,29.0,,1360
5341,Spice Jet,Hyderabad,Bangalore,2025-01-30,5:45,1h 16m,2 stops,Economy,34.0,3518.3,500
5342,AIR INDIA,Bangalore,HYDERABAD,17-Sep-2025,18:15,2h 45m,2 stops,,42.0,12014.76,500
5343,GoAir,Mumbai,Hyderabad,30-Dec-2025,18:45,7h 37m,1 Stop,Biz,36.0,13272.39,620
5344,Air India,Banglore,Chennai,07/16/2025,8:15,2h 55m,,Biz,13.0,7666.69,290
5345,AIR INDIA,Hyderabad,Bangalore,19/01/2025,2:15,3h 47m,2+ stops,Biz,56.0,12313.54,500
5346,AIR INDIA,Chenai,cochin,23/11/2025,23:45,2h 33m,1 Stop,Biz,51.0,10847.05,500
5347,Go Air,Bangalore,Delhi,02-Jan-2025,7:00,2h 4m,Non Stop,Business,6.0,33231.41,1740
5348,Vistara,MUMBAI,HYDERABAD,05/09/2025,14:45,1h 19m,non-stop,Economy,47.0,4509.27,620
5349,Spice Jet,Chennai,Mumbai,10/30/2025,22:15,5h 15m,1 stop,Eco,33.0,6710.79,1030
5350,indigo,Chennai,Cochin,15-Jul-2025,3:30,4h 21m,,Economy,7.0,4554.27,500
5351,Spice Jet,Bangalore,Cochin,07/21/2025,13:30,3h 8m,1 stop,BUSINESS,17.0,7736.42,360
5352,indigo,Kolkata,Hyderabad,2025-01-05,17:00,1h 3m,2 stops,BUSINESS,45.0,22914.41,1190
5353,AirAsia,delhi,Hyderabad,06-Feb-2025,9:15,3h 18m,2 stops,Eco,55.0,7696.52,1260
5354,SpiceJet,Bangalore,Mumbai,11/11/2025,17:15,1h 11m,,Biz,2.0,17065.74,840
5355,AIR INDIA,Delhi,Kolkata,23-Jan-2025,7:00,3h 1m,2+ stops,Economy,58.0,10189.84,1300
5356,Vistara,Kolkata,Mumbai,01/06/2025,20:45,2h 11m,1 stop,BUSINESS,24.0,41481.97,1650
5357,AIR INDIA,Delhi,cochin,03/05/2025,19:30,1h 30m,2+ stops,Biz,36.0,49034.24,2100
5358,indigo,Banglore,Mumbai,2025-12-19,1:45,,1 Stop,Eco,9.0,5676.53,840
5359,Air India,Delhi,Mumbai,26/10/2025,1:15,2h 34m,2 stops,Biz,44.0,25746.61,1150
5360,Spice Jet,Delhi,Cochin,2025-03-21,21:45,1h 14m,2+ stops,economy,10.0,15858.32,2100
5361,Go Air,Banglore,Bangalore,2025-12-06,5:45,6h 57m,non-stop,Economy,31.0,7049.98,1030
5362,AIR INDIA,Hyderabad,HYDERABAD,2025-11-10,19:15,2h 13m,2+ stops,BUSINESS,42.0,23506.95,1030
5363,AirAsia,delhi,cochin,12/16/2025,23:15,2h 23m,1 stop,Economy,47.0,12967.46,2100
5364,GoAir,Banglore,HYDERABAD,06/08/2025,3:15,2h 15m,Non Stop,economy,1.0,3774.75,500
5365,AIR INDIA,Mumbai,Chennai,06/19/2025,5:00,2h 41m,1 stop,Economy,17.0,8376.99,1030
5366,SpiceJet,Delhi,Hyderabad,20/09/2025,10:30,1h 1m,1 Stop,Business,41.0,24762.22,1260
5367,AIR INDIA,Hyderabad,Delhi,11/05/2025,15:15,3h 4m,1 Stop,Economy,27.0,9670.4,1260
5368,SpiceJet,Chenai,Hyderabad,19/02/2025,21:45,1h 18m,non-stop,Biz,53.0,9108.03,515
5369,SpiceJet,Hyderabad,cochin,2025-09-29,13:15,3h 46m,Non Stop,Economy,34.0,5320.61,700
5370,IndiGo,delhi,Chennai,02-Oct-2025,16:15,1h 26m,Non Stop,BUSINESS,57.0,33453.92,1760
5371,GoAir,MUMBAI,Cochin,2025-02-07,19:15,2h 59m,2 stops,Eco,50.0,6223.82,860
5372,GoAir,Banglore,Bangalore,07/22/2025,9:45,4h 3m,Non Stop,BUSINESS,47.0,19917.49,1030
5373,Vistara,Chennai,cochin,10-May-2025,20:00,3h 27m,2 stops,Business,41.0,12582.38,500
5374,AIR INDIA,Hyderabad,cochin,20-Jun-2025,8:45,2h 57m,,BUSINESS,2.0,18193.68,700
5375,IndiGo,Delhi,Bangalore,12/28/2025,6:30,2h 32m,2 stops,BUSINESS,55.0,31821.32,1740
5376,AIR INDIA,delhi,cochin,2025-10-01,7:45,5h 39m,non-stop,Eco,41.0,15351.42,2100
5377,Go Air,Bangalore,Kolkata,04/24/2025,3:30,1h 44m,,Biz,12.0,31301.77,1560
5378,AIR INDIA,Chennai,Mumbai,2025-03-24,7:30,2h 36m,2+ stops,BUSINESS,20.0,28574.25,1030
5379,SpiceJet,Banglore,cochin,29/09/2025,17:45,2h 30m,non-stop,Biz,32.0,7570.77,360
5380,AirAsia,Hyderabad,Bangalore,04/22/2025,6:30,3h 5m,Non Stop,Biz,30.0,9025.19,500
5381,SpiceJet,Bangalore,Kolkata,07-Mar-2025,15:45,3h 47m,Non Stop,Business,50.0,28718.59,1560
5382,GoAir,MUMBAI,Cochin,2025-02-17,12:00,2h 9m,2 stops,BUSINESS,24.0,18033.45,860
5383,Vistara,Chenai,Hyderabad,12/23/2025,9:45,2h 37m,1 Stop,Biz,20.0,13005.69,515
5384,GoAir,Bangalore,HYDERABAD,2025-04-04,8:15,4h 22m,,Business,36.0,9428.98,500
5385,Vistara,Banglore,Delhi,11/09/2025,19:15,2h 16m,non-stop,economy,27.0,13615.78,1740
5386,AIR INDIA,Bangalore,Hyderabad,2025-08-15,5:45,,2 stops,Economy,34.0,4176.35,500
5387,AirAsia,Hyderabad,Chennai,02/19/2025,18:15,1h 38m,1 stop,economy,46.0,3507.15,515
5388,Spice Jet,Bangalore,Mumbai,18/12/2025,20:45,3h 44m,2+ stops,Biz,60.0,16177.56,840
5389,AIR INDIA,Mumbai,Cochin,06-May-2025,19:15,2h 2m,non-stop,Business,12.0,18894.93,860
5390,GoAir,Kolkata,Delhi,2025-12-06,14:00,1h 57m,,Business,3.0,28986.24,1300
5391,Go Air,Delhi,cochin,02/06/2025,4:45,3h 15m,non-stop,Economy,53.0,11739.52,2100
5392,SpiceJet,Delhi,Cochin,17-Jul-2025,23:45,2h 25m,2 stops,economy,29.0,13886.29,2100
5393,Air India,Banglore,HYDERABAD,2025-08-01,17:45,,2 stops,BUSINESS,23.0,12160.32,500
5394,AIR INDIA,Chenai,cochin,28/04/2025,18:00,1h 16m,2+ stops,Business,58.0,10953.94,500
5395,AIR INDIA,delhi,Cochin,15-Jun-2025,10:45,1h 27m,,,3.0,16150.34,2100
5396,Go Air,Hyderabad,Mumbai,05/19/2025,13:00,1h 17m,,BUSINESS,37.0,12058.76,620
5397,,Chennai,Mumbai,04/29/2025,23:15,3h 42m,1 stop,Eco,59.0,6444.26,1030
5398,,Chenai,Hyderabad,12/04/2025,18:45,0h 44m,1 stop,economy,4.0,3862.4,515
5399,IndiGo,MUMBAI,Mumbai,02/19/2025,5:30,5h 55m,Non Stop,economy,45.0,8159.37,1030
5400,Spice Jet,Bangalore,Mumbai,12/18/2025,1:00,1h 36m,1 stop,Business,5.0,18398.2,840
5401,AirAsia,Kolkata,HYDERABAD,23-Feb-2025,2:15,1h 37m,Non Stop,Biz,10.0,21576.87,1190
5402,Go Air,Mumbai,cochin,08/19/2025,3:45,2h 49m,non-stop,Eco,32.0,5872.65,860
5403,indigo,Delhi,Bangalore,2025-04-03,4:45,1h 48m,2+ stops,Economy,25.0,13989.61,1740
5404,Go Air,Chenai,Mumbai,26/12/2025,14:45,2h 37m,2 stops,,50.0,7376.97,1030
5405,SpiceJet,MUMBAI,Bangalore,02/07/2025,18:15,2h 38m,non-stop,BUSINESS,21.0,16428.78,840
5406,Vistara,Kolkata,Delhi,07/01/2025,18:15,3h 4m,non-stop,Business,36.0,30322.75,1300
5407,SpiceJet,Hyderabad,Delhi,04-Apr-2025,14:45,1h 20m,non-stop,Eco,26.0,7291.93,1260
5408,Spice Jet,Chennai,cochin,31/05/2025,7:30,1h 10m,non-stop,Eco,8.0,3440.3,500
5409,indigo,Mumbai,Cochin,11/19/2025,18:45,0h 36m,2+ stops,Eco,48.0,6457.81,860
5410,Air India,Hyderabad,Bangalore,10/20/2025,8:00,2h 42m,2+ stops,economy,49.0,4400.6,500
5411,AIR INDIA,MUMBAI,Mumbai,23/03/2025,1:30,2h 57m,2+ stops,BUSINESS,14.0,24957.22,1030
5412,IndiGo,delhi,Delhi,12/22/2025,20:45,2h 14m,2 stops,Economy,40.0,7733.4,1030
5413,,Kolkata,Chennai,13-Dec-2025,16:15,1h 23m,2 stops,Eco,5.0,10357.23,1360
5414,Spice Jet,Bangalore,Mumbai,09/19/2025,17:00,5h 1m,Non Stop,Business,59.0,14880.63,840
5415,Go Air,delhi,Mumbai,2025-03-18,7:30,2h 4m,2 stops,BUSINESS,51.0,23362.94,1150
5416,indigo,Mumbai,Bangalore,19/10/2025,4:15,4h 29m,Non Stop,economy,30.0,6507.12,840
5417,indigo,delhi,cochin,21/09/2025,18:15,4h 2m,Non Stop,,42.0,13084.34,2100
5418,IndiGo,Banglore,Hyderabad,2025-08-30,4:30,2h 7m,,BUSINESS,34.0,9930.01,500
5419,indigo,Mumbai,Cochin,14/10/2025,4:30,1h 53m,Non Stop,Biz,53.0,15847.23,860
5420,SpiceJet,Banglore,Bangalore,2025-04-23,14:15,4h 8m,non-stop,Eco,45.0,6769.81,1030
5421,IndiGo,Hyderabad,Mumbai,26-Sep-2025,9:15,1h 44m,,Business,52.0,11883.24,620
5422,Go Air,MUMBAI,Bangalore,12/11/2025,13:00,3h 38m,2+ stops,Business,56.0,17797.9,840
5423,indigo,Hyderabad,Delhi,06-Jun-2025,14:15,3h 21m,,BUSINESS,40.0,26233.26,1260
5424,AirAsia,Chennai,Bangalore,06/02/2025,11:00,3h 47m,2 stops,Economy,26.0,2555.84,290
5425,Spice Jet,Chennai,cochin,24-Sep-2025,7:00,,2+ stops,Economy,,3652.72,500
5426,Go Air,MUMBAI,Chennai,2025-05-14,19:15,3h 1m,Non Stop,BUSINESS,32.0,20582.75,1030
5427,Air India,Chennai,Kolkata,2025-03-08,7:30,2h 40m,,Business,58.0,23517.5,1360
5428,GoAir,Delhi,cochin,30-Jul-2025,15:00,4h 34m,,Biz,36.0,42070.42,2100
5429,indigo,Chennai,Cochin,30/04/2025,13:45,4h 12m,,Eco,18.0,4415.92,500
5430,AIR INDIA,Kolkata,Cochin,02-Jul-2025,17:15,2h 32m,non-stop,BUSINESS,40.0,38624.88,1900
5431,Air India,Mumbai,Cochin,2025-12-16,10:30,1h 26m,2 stops,economy,52.0,7128.44,860
5432,indigo,Chenai,Kolkata,26-Oct-2025,14:00,2h 52m,2+ stops,Biz,23.0,31281.54,1360
5433,SpiceJet,Delhi,Cochin,06/05/2025,3:00,4h 43m,1 stop,Eco,57.0,13369.12,2100
5434,Spice Jet,Banglore,Hyderabad,28-Oct-2025,23:45,2h 23m,,Biz,57.0,9696.76,500
5435,indigo,Delhi,Chennai,10/08/2025,22:30,1h 1m,1 stop,BUSINESS,30.0,43419.16,1760
5436,indigo,MUMBAI,Chennai,18-Jul-2025,16:30,3h 19m,2 stops,economy,28.0,,1030
5437,SpiceJet,Mumbai,HYDERABAD,04/07/2025,16:00,3h 43m,Non Stop,BUSINESS,56.0,11814.16,620
5438,indigo,delhi,Cochin,21/08/2025,5:30,2h 51m,non-stop,Biz,30.0,39446.41,2100
5439,Go Air,MUMBAI,Hyderabad,03/03/2025,8:15,3h 28m,1 stop,BUSINESS,51.0,11825.19,620
5440,GoAir,delhi,Kolkata,08/11/2025,20:15,0h 46m,Non Stop,BUSINESS,6.0,24379.52,1300
5441,SpiceJet,delhi,Delhi,08/26/2025,8:45,1h 7m,2+ stops,Economy,1.0,8622.36,1030
5442,Air India,delhi,Cochin,04/23/2025,14:00,3h 27m,2+ stops,Economy,37.0,17238.87,2100
5443,,delhi,Chennai,25/07/2025,19:15,3h 22m,1 stop,Business,60.0,31409.52,1760
5444,indigo,MUMBAI,Kolkata,01/18/2025,17:45,1h 36m,1 Stop,Biz,33.0,34133.29,1650
5445,indigo,MUMBAI,Chennai,09-Nov-2025,3:30,2h 49m,non-stop,BUSINESS,33.0,19520.45,1030
5446,Air India,Delhi,Kolkata,14-Dec-2025,5:30,2h 44m,2+ stops,Business,57.0,29728.68,1300
5447,AIR INDIA,Delhi,Hyderabad,25/12/2025,14:00,2h 16m,,BUSINESS,56.0,25021.49,1260
5448,GoAir,Bangalore,Mumbai,20-Jan-2025,9:45,1h 39m,1 stop,,54.0,5417.21,840
5449,IndiGo,Mumbai,Chennai,2025-12-21,14:45,2h 58m,2+ stops,Eco,3.0,9148.43,1030
5450,Air India,Delhi,cochin,12/06/2025,5:00,2h 52m,1 Stop,BUSINESS,7.0,49816.61,2100
5451,IndiGo,Bangalore,Hyderabad,07/06/2025,16:00,2h 51m,2+ stops,BUSINESS,40.0,11091.52,500
5452,GoAir,Banglore,Hyderabad,02/26/2025,10:30,2h 1m,non-stop,Eco,48.0,3386.24,500
5453,AirAsia,Hyderabad,cochin,01/09/2025,15:00,,Non Stop,BUSINESS,54.0,12511.21,700
5454,GoAir,Bangalore,Cochin,27/04/2025,18:45,0h 46m,2 stops,BUSINESS,30.0,7004.07,360
5455,AirAsia,delhi,Hyderabad,22-May-2025,6:00,2h 36m,1 Stop,Biz,34.0,23869.38,1260
5456,AirAsia,delhi,Kolkata,2025-04-17,19:00,4h 10m,non-stop,Eco,33.0,8888.28,1300
5457,AirAsia,Mumbai,Hyderabad,2025-12-22,15:00,0h 49m,1 stop,Economy,25.0,4358.03,620
5458,IndiGo,Kolkata,Hyderabad,06/01/2025,17:45,3h 24m,non-stop,Eco,,8391.08,1190
5459,AirAsia,Mumbai,Kolkata,03-Apr-2025,8:30,3h 51m,1 Stop,BUSINESS,48.0,30693.01,1650
5460,Go Air,Mumbai,Chennai,22-Jul-2025,2:45,5h 57m,non-stop,Economy,42.0,7053.19,1030
5461,IndiGo,MUMBAI,cochin,02/03/2025,5:45,1h 41m,non-stop,economy,13.0,6597.99,860
5462,Go Air,Banglore,Delhi,03/26/2025,22:00,3h 12m,,Business,38.0,29000.32,1740
5463,SpiceJet,Banglore,Mumbai,04/06/2025,21:30,2h 13m,1 stop,Eco,18.0,5537.69,840
5464,SpiceJet,Hyderabad,cochin,12-Oct-2025,22:15,1h 22m,Non Stop,Economy,6.0,5336.31,700
5465,GoAir,Chenai,Mumbai,09-Apr-2025,14:45,1h 57m,Non Stop,Economy,19.0,6279.84,1030
5466,SpiceJet,Kolkata,Chennai,13-Jul-2025,11:00,,2 stops,Economy,21.0,10268.36,1360
5467,AirAsia,delhi,Mumbai,07/19/2025,19:00,0h 55m,1 Stop,economy,4.0,7768.05,1150
5468,GoAir,Kolkata,Cochin,2025-12-04,20:15,1h 19m,,BUSINESS,32.0,34244.26,1900
5469,Spice Jet,Delhi,Chennai,14-May-2025,10:00,1h 13m,1 Stop,Biz,58.0,,1760
5470,Air India,Delhi,Cochin,2025-05-05,9:30,2h 6m,1 stop,Eco,50.0,15291.72,2100
5471,SpiceJet,Mumbai,Delhi,10-Jul-2025,16:00,3h 35m,2 stops,Eco,24.0,9590.48,1150
5472,SpiceJet,Banglore,Delhi,2025-09-12,9:15,3h 19m,,Economy,42.0,11065.01,1740
5473,AirAsia,Hyderabad,Delhi,2025-07-28,16:15,,1 stop,Eco,33.0,8969.21,1260
5474,Spice Jet,Banglore,Chennai,09-Apr-2025,18:00,2h 8m,1 stop,economy,48.0,2302.76,290
5475,Air India,Banglore,Cochin,2025-04-12,23:45,1h 16m,,Business,6.0,8533.17,360
5476,Spice Jet,Hyderabad,cochin,08/07/2025,19:30,2h 51m,Non Stop,Business,2.0,15282.09,700
5477,IndiGo,delhi,Cochin,10/04/2025,15:30,2h 58m,1 stop,BUSINESS,49.0,42748.46,2100
5478,indigo,Delhi,Mumbai,19/11/2025,23:00,2h 47m,1 stop,Economy,10.0,8835.03,1150
5479,Air India,Delhi,Bangalore,2025-02-07,16:00,4h 40m,Non Stop,Biz,43.0,36823.31,1740
5480,SpiceJet,MUMBAI,Mumbai,04/07/2025,11:45,2h 2m,1 stop,Biz,19.0,20369.26,1030
5481,Go Air,Mumbai,Cochin,2025-07-12,8:30,2h 23m,non-stop,economy,34.0,5380.61,860
5482,Go Air,delhi,cochin,09/12/2025,16:15,5h 2m,1 Stop,Biz,31.0,42511.12,2100
5483,AirAsia,MUMBAI,Chennai,01/08/2025,0:00,3h 23m,2 stops,Economy,59.0,6569.3,1030
5484,Air India,Bangalore,Kolkata,09/01/2025,2:30,2h 43m,1 stop,Eco,12.0,12542.31,1560
5485,Vistara,Hyderabad,Chennai,01/09/2025,20:45,2h 41m,Non Stop,Biz,41.0,11682.09,515
5486,indigo,Delhi,HYDERABAD,11/08/2025,1:45,2h 16m,2+ stops,Biz,37.0,28441.1,1260
5487,AirAsia,Kolkata,Hyderabad,11-Feb-2025,7:00,2h 17m,2+ stops,Economy,60.0,7105.94,1190
5488,IndiGo,Bangalore,HYDERABAD,17-Apr-2025,21:45,1h 42m,1 Stop,economy,25.0,4190.94,500
5489,Spice Jet,Kolkata,cochin,21-Jun-2025,22:30,0h 57m,1 Stop,Biz,31.0,37535.83,1900
5490,IndiGo,MUMBAI,Chennai,2025-10-07,10:30,0h 43m,,BUSINESS,28.0,21309.93,1030
5491,indigo,delhi,Chennai,15/06/2025,20:45,1h 10m,2+ stops,BUSINESS,35.0,40041.07,1760
5492,Spice Jet,Chennai,HYDERABAD,21-Apr-2025,21:15,3h 17m,Non Stop,BUSINESS,25.0,10446.37,515
5493,AirAsia,Banglore,Bangalore,2025-04-07,21:45,2h 30m,2+ stops,Eco,,7719.16,1030
5494,SpiceJet,delhi,Bangalore,06/04/2025,3:45,0h 58m,non-stop,BUSINESS,19.0,34864.44,1740
5495,AirAsia,Banglore,Bangalore,26/06/2025,6:30,2h 30m,2+ stops,BUSINESS,53.0,20689.12,1030
5496,Vistara,Bangalore,Chennai,01-Sep-2025,9:15,5h 24m,1 stop,BUSINESS,,8020.21,290
5497,Spice Jet,Delhi,Kolkata,06-Mar-2025,15:45,11h 9m,non-stop,Economy,41.0,,1300
5498,Go Air,Chenai,Bangalore,18/04/2025,4:15,3h 19m,non-stop,Biz,57.0,5417.62,290
5499,Spice Jet,Mumbai,cochin,14-Sep-2025,10:00,1h 41m,Non Stop,Economy,39.0,5256.12,860
5500,Air India,delhi,Delhi,07-Apr-2025,12:15,6h 39m,1 stop,,9.0,9805.88,1030
5501,indigo,Delhi,HYDERABAD,11/10/2025,20:15,4h 27m,2 stops,BUSINESS,43.0,26275.78,1260
5502,Vistara,Chenai,Cochin,28-Sep-2025,16:15,2h 28m,non-stop,Eco,27.0,4069.25,500
5503,AIR INDIA,Hyderabad,HYDERABAD,20-May-2025,13:15,6h 44m,Non Stop,Biz,7.0,21576.5,1030
5504,IndiGo,Mumbai,Bangalore,09/16/2025,2:45,3h 1m,1 stop,Business,35.0,17886.44,840
5505,Go Air,Bangalore,Kolkata,11/02/2025,21:15,3h 5m,Non Stop,economy,21.0,10366.04,1560
5506,Vistara,Delhi,Hyderabad,2025-09-12,19:45,3h 25m,1 Stop,economy,33.0,9223.6,1260
5507,AIR INDIA,Bangalore,Hyderabad,29-Jul-2025,22:00,2h 31m,2 stops,Business,22.0,12637.19,500
5508,Air India,Mumbai,cochin,2025-04-20,2:00,4h 27m,Non Stop,Economy,11.0,6854.79,860
5509,AIR INDIA,delhi,HYDERABAD,2025-06-26,16:15,2h 59m,1 stop,BUSINESS,21.0,33836.15,1260
5510,indigo,MUMBAI,HYDERABAD,2025-07-30,19:00,2h 42m,1 stop,Economy,21.0,4692.74,620
5511,indigo,MUMBAI,HYDERABAD,08/14/2025,17:00,0h 55m,,Economy,54.0,4200.74,620
5512,Go Air,Bangalore,Delhi,28/12/2025,15:30,3h 25m,1 Stop,economy,28.0,11086.99,1740
5513,Vistara,Chennai,HYDERABAD,16-Aug-2025,10:00,1h 13m,1 stop,Biz,52.0,12374.2,515
5514,Spice Jet,delhi,Chennai,04/10/2025,15:15,2h 31m,non-stop,,54.0,10472.97,1760
5515,GoAir,Bangalore,Chennai,2025-10-11,5:15,,non-stop,economy,12.0,2141.71,290
5516,indigo,Hyderabad,Bangalore,08/16/2025,14:00,3h 22m,1 stop,,56.0,10522.54,500
5517,IndiGo,Chenai,HYDERABAD,2025-06-23,1:45,3h 27m,2 stops,Eco,1.0,4171.56,515
5518,indigo,MUMBAI,HYDERABAD,2025-07-31,20:00,2h 31m,,BUSINESS,1.0,14759.99,620
5519,Go Air,Kolkata,Bangalore,11/01/2025,3:00,5h 42m,,Eco,56.0,11060.18,1560
5520,GoAir,Hyderabad,Mumbai,24/04/2025,10:15,1h 16m,1 Stop,Business,25.0,12792.77,620
5521,indigo,MUMBAI,Chennai,2025-03-06,13:15,5h 16m,2+ stops,Economy,39.0,8517.69,1030
5522,Air India,Chenai,HYDERABAD,21/10/2025,5:00,0h 44m,,BUSINESS,50.0,11695.75,515
5523,AIR INDIA,delhi,Kolkata,08/07/2025,6:00,1h 24m,2 stops,Economy,50.0,10868.29,1300
5524,indigo,Mumbai,Hyderabad,01/29/2025,13:15,6h 46m,Non Stop,Business,19.0,14389.04,620
5525,Spice Jet,Banglore,Bangalore,2025-08-26,8:00,3h 43m,1 stop,Business,8.0,,1030
5526,Air India,Hyderabad,Bangalore,29-Jan-2025,8:30,5h 8m,non-stop,Business,1.0,12836.28,500
5527,GoAir,Chennai,Hyderabad,19-Jul-2025,16:30,1h 7m,1 Stop,Eco,4.0,3675.2,515
5528,IndiGo,MUMBAI,Chennai,18-Feb-2025,18:45,1h 7m,Non Stop,economy,32.0,7402.57,1030
5529,Air India,Mumbai,Hyderabad,09/14/2025,5:00,1h 30m,non-stop,Business,56.0,11845.38,620
5530,indigo,Chenai,Delhi,14-Feb-2025,6:30,2h 32m,non-stop,,41.0,11406.58,1760
5531,GoAir,Chenai,Kolkata,02/01/2025,18:15,2h 47m,1 Stop,Biz,4.0,23075.39,1360
5532,AIR INDIA,Bangalore,Hyderabad,2025-01-31,23:30,2h 50m,Non Stop,Business,51.0,10764.1,500
5533,Vistara,Chennai,HYDERABAD,23-Nov-2025,5:45,4h 32m,,economy,,4444.91,515
5534,Vistara,Chennai,cochin,09-Feb-2025,7:30,2h 0m,2+ stops,Eco,21.0,5027.52,500
5535,Air India,Mumbai,Hyderabad,2025-11-26,4:45,0h 44m,,Business,10.0,15171.0,620
5536,IndiGo,Chenai,Cochin,08-Feb-2025,16:00,5h 27m,Non Stop,Economy,36.0,4248.43,500
5537,Go Air,Banglore,cochin,06/17/2025,3:45,1h 1m,1 Stop,BUSINESS,55.0,6317.74,360
5538,IndiGo,Chennai,Cochin,2025-08-18,9:15,1h 8m,1 stop,Economy,26.0,4068.91,500
5539,AirAsia,Kolkata,Hyderabad,08/10/2025,2:15,2h 12m,Non Stop,BUSINESS,20.0,24850.53,1190
5540,Vistara,MUMBAI,Cochin,2025-01-22,7:15,,,Eco,,7402.05,860
5541,GoAir,Mumbai,cochin,11/06/2025,0:15,6h 16m,non-stop,Eco,3.0,,860
5542,GoAir,Bangalore,Mumbai,01/15/2025,18:15,1h 58m,2+ stops,economy,50.0,5990.41,840
5543,,Chennai,Hyderabad,16/09/2025,23:00,3h 45m,,economy,24.0,4056.92,515
5544,Go Air,Kolkata,Bangalore,24-Dec-2025,1:30,3h 49m,Non Stop,Business,59.0,28034.19,1560
5545,IndiGo,delhi,Chennai,02/02/2025,11:00,5h 12m,1 stop,economy,26.0,11736.38,1760
5546,Go Air,Chennai,Delhi,12/21/2025,10:45,3h 8m,non-stop,Economy,48.0,10460.9,1760
5547,Vistara,Chennai,cochin,24/05/2025,13:15,3h 3m,,economy,32.0,3891.45,500
5548,Air India,Banglore,Bangalore,28-Nov-2025,7:45,3h 32m,1 Stop,Business,24.0,22771.77,1030
5549,SpiceJet,Hyderabad,Mumbai,2025-08-23,19:45,2h 55m,Non Stop,economy,32.0,4535.08,620
5550,Go Air,Chenai,Hyderabad,25-Jan-2025,4:00,2h 22m,2 stops,economy,59.0,3738.25,515
5551,AIR INDIA,Chennai,Hyderabad,05/17/2025,13:00,,1 stop,Business,14.0,12373.64,515
5552,,Bangalore,Hyderabad,01/15/2025,16:15,3h 10m,,Eco,11.0,4196.82,500
5553,Spice Jet,Mumbai,Chennai,2025-03-31,19:15,,1 stop,Eco,9.0,6740.49,1030
5554,Vistara,Kolkata,Mumbai,2025-09-02,14:30,1h 19m,Non Stop,Eco,45.0,11711.19,1650
5555,Spice Jet,Chenai,Cochin,04-May-2025,10:30,0h 58m,2+ stops,Biz,26.0,10602.66,500
5556,IndiGo,Chennai,HYDERABAD,2025-09-09,12:15,3h 55m,Non Stop,Economy,39.0,3756.03,515
5557,AirAsia,Chennai,HYDERABAD,2025-06-28,5:00,2h 39m,Non Stop,Economy,9.0,3852.26,515
5558,IndiGo,Banglore,Delhi,05/16/2025,21:30,1h 36m,Non Stop,Business,3.0,35178.08,1740
5559,Air India,Mumbai,Chennai,2025-12-04,4:15,1h 48m,1 stop,Business,36.0,22036.68,1030
5560,GoAir,Hyderabad,Mumbai,2025-06-21,11:45,2h 28m,non-stop,BUSINESS,43.0,9975.61,620
5561,,delhi,Cochin,2025-09-24,11:45,3h 4m,non-stop,economy,43.0,13548.71,2100
5562,Spice Jet,Chennai,cochin,02/01/2025,2:15,5h 5m,2+ stops,economy,31.0,3969.96,500
5563,AIR INDIA,Bangalore,cochin,15/11/2025,3:15,2h 18m,non-stop,Biz,49.0,7746.49,360
5564,GoAir,Hyderabad,HYDERABAD,2025-10-29,18:00,4h 1m,non-stop,Biz,26.0,18515.35,1030
5565,,delhi,Bangalore,19-Oct-2025,7:00,1h 13m,,economy,21.0,12648.09,1740
5566,indigo,Chennai,cochin,05/22/2025,13:00,2h 28m,2 stops,Economy,48.0,3849.51,500
5567,Vistara,Mumbai,Delhi,01/01/2025,19:00,5h 13m,,economy,1.0,11276.29,1150
5568,indigo,Banglore,HYDERABAD,09/10/2025,15:45,2h 6m,2+ stops,Biz,31.0,11911.26,500
5569,GoAir,Bangalore,HYDERABAD,02-Apr-2025,17:15,2h 3m,non-stop,economy,20.0,3187.34,500
5570,AIR INDIA,Chennai,Hyderabad,2025-08-10,21:30,3h 20m,1 Stop,Economy,42.0,3926.71,515
5571,SpiceJet,Delhi,Bangalore,28-Sep-2025,7:45,2h 6m,2+ stops,BUSINESS,15.0,38920.85,1740
5572,Spice Jet,Hyderabad,Kolkata,03-May-2025,10:15,1h 37m,non-stop,Biz,10.0,22491.39,1190
5573,Air India,Chenai,Bangalore,28-Jun-2025,14:15,2h 40m,1 Stop,Business,26.0,5757.97,290
5574,SpiceJet,Hyderabad,Kolkata,14-Aug-2025,1:45,2h 31m,2+ stops,BUSINESS,3.0,29775.99,1190
5575,Spice Jet,MUMBAI,Bangalore,15/09/2025,3:00,4h 24m,non-stop,Business,52.0,16042.78,840
5576,Air India,Delhi,cochin,2025-12-22,11:15,6h 46m,Non Stop,BUSINESS,22.0,47809.6,2100
5577,Spice Jet,Bangalore,Chennai,22/06/2025,9:15,3h 32m,1 stop,Economy,52.0,2274.33,290
5578,indigo,Hyderabad,Delhi,05/24/2025,20:00,2h 22m,2+ stops,Economy,50.0,9563.79,1260
5579,Air India,Bangalore,cochin,2025-03-19,16:00,1h 14m,2+ stops,Biz,27.0,8728.88,360
5580,GoAir,Delhi,Hyderabad,28/12/2025,23:15,0h 40m,2+ stops,Biz,31.0,26680.1,1260
5581,Go Air,Chennai,HYDERABAD,05/31/2025,22:30,0h 55m,,economy,57.0,3199.02,515
5582,AirAsia,Delhi,Hyderabad,04/19/2025,7:00,1h 57m,2 stops,economy,53.0,8750.84,1260
5583,AIR INDIA,MUMBAI,cochin,29/04/2025,19:30,,non-stop,economy,46.0,5707.91,860
5584,AirAsia,delhi,Chennai,07/17/2025,13:30,1h 39m,1 Stop,Eco,,12079.14,1760
5585,Vistara,Delhi,Cochin,27/11/2025,15:15,3h 48m,Non Stop,economy,38.0,15695.45,2100
5586,Spice Jet,Mumbai,Chennai,18-Apr-2025,20:15,1h 35m,2 stops,BUSINESS,8.0,21945.1,1030
5587,IndiGo,Bangalore,Hyderabad,04/26/2025,9:15,1h 15m,2+ stops,economy,19.0,4252.0,500
5588,Go Air,Mumbai,Bangalore,10/07/2025,22:00,2h 59m,,Biz,23.0,17609.63,840
5589,indigo,Mumbai,Kolkata,2025-03-09,14:30,1h 57m,non-stop,economy,19.0,12515.22,1650
5590,Go Air,Kolkata,HYDERABAD,2025-07-16,12:15,2h 12m,,Economy,15.0,8504.11,1190
5591,Spice Jet,delhi,Bangalore,18-Aug-2025,0:15,6h 4m,2 stops,economy,28.0,11990.94,1740
5592,Vistara,Banglore,Chennai,13/12/2025,12:45,4h 39m,,Eco,14.0,3019.58,290
5593,Vistara,Hyderabad,Bangalore,19-Mar-2025,13:00,1h 11m,2 stops,Business,33.0,,500
5594,Vistara,Bangalore,HYDERABAD,22-Oct-2025,12:15,1h 37m,,Eco,13.0,4783.11,500
5595,Spice Jet,Chennai,Mumbai,11/03/2025,19:45,1h 34m,Non Stop,economy,26.0,7259.72,1030
5596,SpiceJet,Banglore,Mumbai,12/23/2025,23:15,2h 49m,1 Stop,Economy,35.0,6187.67,840
5597,Vistara,Hyderabad,Cochin,20-Dec-2025,17:15,2h 57m,non-stop,BUSINESS,3.0,17780.28,700
5598,Spice Jet,delhi,Chennai,2025-12-29,21:00,1h 26m,1 Stop,Eco,23.0,12887.35,1760
5599,SpiceJet,Hyderabad,Bangalore,09/12/2025,0:45,6h 3m,1 stop,Business,15.0,10658.69,500
5600,Air India,Chenai,HYDERABAD,27/06/2025,10:30,1h 52m,2 stops,Biz,59.0,10461.07,515
5601,Vistara,Kolkata,Chennai,07-Mar-2025,23:30,2h 29m,2 stops,Biz,4.0,35549.47,1360
5602,indigo,Chenai,HYDERABAD,30-Oct-2025,16:30,2h 5m,1 Stop,BUSINESS,5.0,11170.3,515
5603,SpiceJet,delhi,Mumbai,06/25/2025,13:15,0h 58m,1 stop,BUSINESS,37.0,20914.96,1150
5604,Air India,Kolkata,Hyderabad,17-May-2025,20:15,10h 33m,2+ stops,Eco,44.0,9946.07,1190
5605,Go Air,Chennai,Kolkata,2025-09-10,22:15,1h 43m,1 Stop,Eco,29.0,,1360
5606,Spice Jet,Bangalore,Mumbai,04-Apr-2025,0:00,2h 26m,1 Stop,economy,12.0,6267.23,840
5607,IndiGo,Hyderabad,Bangalore,10/08/2025,12:30,2h 41m,Non Stop,Economy,33.0,3839.6,500
5608,GoAir,Delhi,cochin,31-Oct-2025,4:30,,,Business,39.0,36860.19,2100
5609,,Delhi,Mumbai,09/15/2025,10:30,3h 20m,2 stops,Biz,2.0,24068.67,1150
5610,Spice Jet,Chennai,cochin,12/24/2025,2:30,4h 7m,Non Stop,Business,31.0,,500
5611,indigo,Hyderabad,Chennai,06/10/2025,0:30,0h 56m,1 Stop,Business,49.0,11258.68,515
5612,indigo,Kolkata,Bangalore,02-Feb-2025,5:00,1h 46m,,Biz,36.0,32528.42,1560
5613,GoAir,Banglore,Delhi,01-Apr-2025,11:15,4h 11m,1 Stop,Biz,7.0,37218.42,1740
5614,AIR INDIA,MUMBAI,Hyderabad,12/02/2025,18:45,1h 33m,,Eco,2.0,5578.63,620
5615,GoAir,Hyderabad,HYDERABAD,22-May-2025,17:30,3h 54m,non-stop,Business,,18729.51,1030
5616,Go Air,Chennai,Mumbai,2025-01-10,14:00,2h 1m,1 Stop,Business,45.0,20889.84,1030
5617,,Hyderabad,Delhi,19-Nov-2025,0:15,1h 10m,Non Stop,economy,31.0,8269.83,1260
5618,indigo,Banglore,Hyderabad,10/02/2025,12:30,1h 42m,non-stop,Eco,7.0,4232.85,500
5619,indigo,delhi,Hyderabad,11/19/2025,22:00,1h 40m,2+ stops,Biz,27.0,29475.75,1260
5620,IndiGo,Delhi,Chennai,13/12/2025,22:15,4h 16m,,Economy,14.0,11796.96,1760
5621,Go Air,Bangalore,HYDERABAD,11/08/2025,20:15,,1 stop,Eco,17.0,3552.0,500
5622,Air India,Hyderabad,HYDERABAD,05-Jan-2025,7:15,1h 26m,,Eco,40.0,6960.84,1030
5623,Vistara,delhi,cochin,23/08/2025,0:45,1h 31m,non-stop,Biz,33.0,49398.1,2100
5624,,MUMBAI,Delhi,24-Dec-2025,1:15,2h 0m,2 stops,BUSINESS,3.0,26834.89,1150
5625,indigo,delhi,Bangalore,06/10/2025,18:00,4h 11m,,Biz,13.0,32914.39,1740
5626,SpiceJet,Chennai,Cochin,21-Mar-2025,17:00,3h 10m,2+ stops,BUSINESS,45.0,10940.66,500
5627,AIR INDIA,Chenai,Hyderabad,21-Mar-2025,17:00,4h 16m,1 Stop,Eco,52.0,4092.28,515
5628,Vistara,Kolkata,Cochin,07/08/2025,13:45,2h 16m,2 stops,economy,38.0,13949.85,1900
5629,IndiGo,Chennai,HYDERABAD,2025-12-30,12:30,3h 38m,2 stops,Economy,34.0,4657.31,515
5630,IndiGo,Mumbai,cochin,04/12/2025,18:45,3h 55m,2 stops,Biz,31.0,19089.26,860
5631,Air India,Mumbai,Bangalore,19-May-2025,19:45,0h 48m,,Biz,59.0,17153.71,840
5632,IndiGo,Kolkata,Cochin,11/26/2025,10:30,2h 12m,,Eco,39.0,12820.23,1900
5633,indigo,Hyderabad,Cochin,2025-11-02,7:00,2h 23m,2 stops,BUSINESS,12.0,14728.82,700
5634,SpiceJet,Chennai,Kolkata,11/23/2025,4:30,2h 19m,2 stops,Economy,,8933.52,1360
5635,GoAir,delhi,Mumbai,11-Mar-2025,1:45,2h 51m,2+ stops,BUSINESS,30.0,26223.36,1150
5636,IndiGo,Banglore,cochin,2025-06-30,10:15,5h 41m,1 stop,economy,47.0,3041.23,360
5637,GoAir,Chenai,Cochin,2025-09-12,17:30,6h 13m,,Business,8.0,10958.62,500
5638,Spice Jet,Bangalore,Mumbai,2025-09-05,1:45,2h 6m,1 stop,Eco,48.0,4953.54,840
5639,AirAsia,Mumbai,HYDERABAD,08/06/2025,9:45,2h 23m,Non Stop,economy,16.0,3939.61,620
5640,AIR INDIA,Chennai,Hyderabad,10/04/2025,7:30,6h 31m,2 stops,economy,3.0,5306.89,515
5641,SpiceJet,Kolkata,cochin,07/06/2025,21:00,4h 30m,1 Stop,Economy,59.0,12302.43,1900
5642,indigo,Kolkata,cochin,23-Feb-2025,6:30,1h 10m,,Biz,20.0,44657.01,1900
5643,AIR INDIA,Banglore,Kolkata,05-Jan-2025,9:30,0h 54m,2 stops,Business,8.0,41674.6,1560
5644,AIR INDIA,Banglore,Hyderabad,19/04/2025,14:00,8h 31m,non-stop,Biz,41.0,11157.42,500
5645,IndiGo,Hyderabad,Bangalore,18-Mar-2025,4:45,1h 38m,non-stop,Economy,3.0,4045.12,500
5646,SpiceJet,Chenai,cochin,2025-04-19,6:45,2h 32m,2+ stops,Economy,17.0,4074.63,500
5647,AirAsia,Kolkata,Cochin,18/09/2025,9:00,0h 57m,1 stop,BUSINESS,30.0,39785.71,1900
5648,SpiceJet,Mumbai,Kolkata,05-Jun-2025,16:45,0h 48m,,Eco,38.0,11568.49,1650
5649,Go Air,MUMBAI,Kolkata,24/01/2025,21:30,1h 47m,1 Stop,Biz,37.0,31608.12,1650
5650,indigo,MUMBAI,Bangalore,23-Feb-2025,23:00,2h 45m,,Biz,41.0,17429.1,840
5651,Go Air,Chennai,cochin,08/03/2025,10:30,3h 26m,non-stop,Biz,21.0,10792.79,500
5652,IndiGo,Mumbai,Hyderabad,10/25/2025,4:00,3h 35m,2 stops,Biz,10.0,15092.25,620
5653,Go Air,Hyderabad,Bangalore,03/23/2025,16:45,2h 57m,Non Stop,economy,,3914.9,500
5654,Spice Jet,Hyderabad,Kolkata,16/02/2025,3:15,0h 50m,2+ stops,,10.0,7990.85,1190
5655,Go Air,delhi,cochin,22/08/2025,10:45,3h 30m,Non Stop,BUSINESS,3.0,42909.32,2100
5656,Go Air,Hyderabad,Chennai,06/09/2025,18:30,3h 24m,Non Stop,Biz,43.0,9342.14,515
5657,AIR INDIA,Kolkata,Mumbai,2025-04-30,10:00,2h 7m,1 Stop,economy,59.0,12900.54,1650
5658,IndiGo,MUMBAI,Delhi,04/11/2025,23:00,1h 28m,1 stop,Business,,26209.15,1150
5659,indigo,Chennai,cochin,09/05/2025,6:00,0h 43m,2 stops,Biz,3.0,11848.81,500
5660,GoAir,Delhi,HYDERABAD,11-Sep-2025,3:30,3h 4m,,,55.0,8744.63,1260
5661,Go Air,Hyderabad,HYDERABAD,11/20/2025,3:45,1h 40m,Non Stop,Economy,10.0,7785.45,1030
5662,SpiceJet,Delhi,Cochin,01/06/2025,17:15,2h 40m,1 Stop,Business,17.0,43071.73,2100
5663,IndiGo,Chenai,Kolkata,22/01/2025,8:30,0h 34m,non-stop,economy,11.0,11120.32,1360
5664,AIR INDIA,Mumbai,cochin,19-Aug-2025,1:00,1h 26m,1 Stop,Business,3.0,20821.49,860
5665,AirAsia,delhi,cochin,24/05/2025,18:15,3h 47m,non-stop,Biz,8.0,39427.03,2100
5666,,Banglore,Mumbai,23-Jan-2025,9:00,1h 48m,1 stop,Biz,30.0,18575.31,840
5667,AIR INDIA,Banglore,Hyderabad,22/10/2025,20:15,4h 2m,non-stop,Economy,41.0,3974.97,500
5668,Spice Jet,Chenai,Mumbai,31-Aug-2025,20:15,1h 55m,,Economy,18.0,7391.89,1030
5669,Spice Jet,Banglore,cochin,2025-05-25,11:30,4h 3m,non-stop,Eco,55.0,2950.87,360
5670,Go Air,delhi,Cochin,31/10/2025,0:15,1h 5m,Non Stop,economy,28.0,13229.17,2100
5671,GoAir,Bangalore,Mumbai,02-Mar-2025,9:00,2h 51m,non-stop,Business,46.0,13638.14,840
5672,AirAsia,Bangalore,Cochin,2025-01-11,10:30,1h 19m,Non Stop,Business,39.0,6736.69,360
5673,,Hyderabad,Kolkata,14-May-2025,16:45,,Non Stop,Biz,7.0,24321.99,1190
5674,Go Air,Bangalore,Hyderabad,2025-08-03,10:30,3h 8m,,Eco,50.0,3743.26,500
5675,GoAir,Chennai,Cochin,2025-11-16,11:15,5h 15m,,Business,42.0,10381.22,500
5676,,Mumbai,HYDERABAD,19-Feb-2025,2:15,2h 32m,Non Stop,BUSINESS,59.0,12727.46,620
5677,SpiceJet,MUMBAI,Hyderabad,20-Sep-2025,11:45,3h 46m,2+ stops,Business,41.0,14057.6,620
5678,AirAsia,Bangalore,Hyderabad,02/17/2025,3:45,1h 17m,Non Stop,Biz,4.0,10494.12,500
5679,GoAir,Kolkata,Cochin,05/09/2025,22:30,2h 39m,Non Stop,Economy,28.0,11644.75,1900
5680,Air India,MUMBAI,Bangalore,2025-12-18,1:15,,non-stop,Economy,43.0,6511.46,840
5681,SpiceJet,Hyderabad,Cochin,30-Dec-2025,14:15,4h 35m,1 Stop,BUSINESS,9.0,16892.89,700
5682,AIR INDIA,Bangalore,cochin,13/03/2025,4:30,3h 48m,2+ stops,economy,58.0,3143.62,360
5683,indigo,Bangalore,Hyderabad,23/12/2025,21:45,3h 51m,,economy,22.0,4556.46,500
5684,AirAsia,MUMBAI,Kolkata,21/02/2025,20:15,2h 32m,2+ stops,Eco,13.0,11643.4,1650
5685,,Chennai,Cochin,19-Nov-2025,16:30,1h 46m,1 Stop,,36.0,3599.32,500
5686,Spice Jet,MUMBAI,HYDERABAD,26/08/2025,7:30,2h 45m,non-stop,Biz,16.0,12745.01,620
5687,AIR INDIA,delhi,cochin,15/05/2025,12:30,,non-stop,Business,51.0,44485.66,2100
5688,indigo,Delhi,Mumbai,25-Sep-2025,13:30,5h 0m,2 stops,Eco,22.0,9599.81,1150
5689,indigo,Mumbai,Delhi,2025-10-26,1:45,3h 31m,2+ stops,economy,52.0,8112.64,1150
5690,IndiGo,MUMBAI,Mumbai,2025-01-03,4:30,0h 59m,1 Stop,Business,39.0,21503.28,1030
5691,GoAir,Kolkata,Delhi,10-Jan-2025,11:45,,Non Stop,Biz,5.0,24863.4,1300
5692,IndiGo,Banglore,Mumbai,30-Apr-2025,7:00,1h 12m,1 Stop,BUSINESS,60.0,14736.28,840
5693,Vistara,Kolkata,Bangalore,2025-12-21,3:45,2h 15m,non-stop,Business,50.0,31037.49,1560
5694,GoAir,Mumbai,Kolkata,2025-04-25,0:30,2h 0m,1 Stop,Biz,38.0,29815.77,1650
5695,Vistara,MUMBAI,Cochin,26-Sep-2025,21:30,3h 0m,1 stop,BUSINESS,52.0,19693.75,860
5696,AirAsia,Chenai,cochin,2025-09-14,1:45,2h 57m,non-stop,economy,52.0,3532.2,500
5697,Air India,Delhi,Mumbai,26-Jan-2025,22:15,4h 15m,non-stop,economy,42.0,7758.15,1150
5698,indigo,MUMBAI,Hyderabad,2025-12-21,11:15,3h 42m,1 stop,Eco,58.0,4612.62,620
5699,indigo,Mumbai,HYDERABAD,06/05/2025,9:15,2h 7m,1 stop,economy,16.0,4521.09,620
5700,indigo,Chennai,cochin,15-Jan-2025,23:30,3h 45m,non-stop,economy,25.0,4074.19,500
5701,IndiGo,delhi,cochin,11-Dec-2025,17:15,4h 12m,2 stops,Business,23.0,44692.23,2100
5702,Go Air,Mumbai,Chennai,01/28/2025,13:15,1h 38m,,Eco,41.0,6341.9,1030
5703,GoAir,Mumbai,Hyderabad,2025-07-16,17:15,1h 8m,Non Stop,BUSINESS,30.0,12249.2,620
5704,AIR INDIA,Chennai,Cochin,11/21/2025,13:30,3h 8m,,economy,25.0,4145.5,500
5705,AIR INDIA,Hyderabad,HYDERABAD,2025-08-03,13:00,2h 55m,,,32.0,22777.72,1030
5706,AirAsia,Bangalore,Chennai,18-Sep-2025,20:15,6h 10m,,Business,59.0,4986.39,290
5707,indigo,delhi,cochin,07/11/2025,21:00,1h 11m,,Eco,25.0,15777.43,2100
5708,AirAsia,Delhi,Hyderabad,11/10/2025,11:30,1h 48m,1 stop,BUSINESS,23.0,25322.43,1260
5709,AirAsia,MUMBAI,cochin,04-Oct-2025,17:45,8h 3m,1 stop,Eco,45.0,6071.35,860
5710,GoAir,Kolkata,Delhi,2025-06-29,3:00,6h 58m,,Eco,51.0,7889.52,1300
5711,,delhi,Chennai,07/02/2025,11:00,2h 30m,2 stops,Business,16.0,42460.4,1760
5712,SpiceJet,Delhi,Chennai,19-Jun-2025,0:15,1h 28m,2+ stops,BUSINESS,15.0,37609.83,1760
5713,Vistara,delhi,cochin,2025-06-22,6:30,1h 1m,,BUSINESS,52.0,44425.68,2100
5714,Air India,Delhi,Hyderabad,18/08/2025,1:00,7h 59m,Non Stop,BUSINESS,40.0,30695.48,1260
5715,SpiceJet,Delhi,Mumbai,15/05/2025,4:30,3h 42m,,economy,19.0,7948.65,1150
5716,Vistara,delhi,cochin,12-Mar-2025,10:00,1h 3m,1 Stop,Business,40.0,49368.36,2100
5717,IndiGo,Chennai,Cochin,2025-05-16,5:15,1h 55m,2+ stops,Biz,4.0,12794.55,500
5718,IndiGo,Chennai,Hyderabad,07/29/2025,1:30,4h 10m,2 stops,Business,11.0,12524.63,515
5719,Go Air,Chennai,Hyderabad,04-Apr-2025,10:45,5h 38m,Non Stop,Economy,2.0,4224.51,515
5720,IndiGo,delhi,HYDERABAD,2025-02-09,13:00,,1 stop,Eco,17.0,9703.37,1260
5721,indigo,Hyderabad,cochin,03/25/2025,4:45,3h 31m,,Economy,36.0,5381.4,700
5722,Go Air,MUMBAI,Hyderabad,2025-02-05,11:30,6h 15m,1 stop,Business,,12618.54,620
5723,AIR INDIA,Delhi,Kolkata,22/04/2025,21:00,4h 1m,Non Stop,Business,,30736.89,1300
5724,Vistara,Delhi,Hyderabad,2025-03-10,8:00,0h 59m,1 Stop,Biz,1.0,,1260
5725,Go Air,Banglore,Kolkata,01/29/2025,0:30,3h 58m,2+ stops,Business,30.0,34956.61,1560
5726,SpiceJet,Chennai,cochin,12/17/2025,20:30,2h 43m,,Eco,45.0,3809.39,500
5727,AirAsia,Bangalore,cochin,12/01/2025,6:00,1h 37m,,Economy,39.0,2686.51,360
5728,Spice Jet,Mumbai,Kolkata,04/04/2025,21:00,4h 54m,1 stop,BUSINESS,35.0,34582.64,1650
5729,SpiceJet,MUMBAI,Cochin,11-Dec-2025,1:30,3h 21m,2 stops,Economy,41.0,6188.17,860
5730,AirAsia,Chenai,Delhi,18/11/2025,13:00,1h 50m,1 Stop,economy,14.0,10424.16,1760
5731,Go Air,Chennai,Bangalore,2025-10-11,6:15,1h 44m,1 stop,economy,20.0,,290
5732,AirAsia,Delhi,Bangalore,06/10/2025,20:15,5h 0m,,Business,20.0,31709.66,1740
5733,Vistara,Delhi,Hyderabad,06-Jul-2025,18:45,2h 25m,non-stop,Eco,22.0,9487.71,1260
5734,Vistara,Banglore,Bangalore,01/11/2025,14:30,1h 55m,,Eco,21.0,7889.82,1030
5735,indigo,Chennai,Kolkata,06/06/2025,13:45,5h 49m,1 Stop,Eco,39.0,9578.98,1360
5736,AirAsia,Mumbai,Chennai,07/30/2025,9:45,1h 51m,,Eco,49.0,6213.41,1030
5737,,Bangalore,Kolkata,08/16/2025,7:00,1h 49m,1 Stop,Eco,15.0,9892.62,1560
5738,IndiGo,Mumbai,Delhi,2025-03-12,0:00,1h 15m,2 stops,Eco,44.0,8615.37,1150
5739,Spice Jet,Delhi,Bangalore,01/08/2025,21:00,4h 13m,2+ stops,BUSINESS,19.0,43716.88,1740
5740,indigo,Banglore,Mumbai,2025-09-04,8:45,2h 2m,non-stop,Business,29.0,17600.39,840
5741,indigo,Kolkata,Cochin,2025-02-11,7:15,1h 23m,2+ stops,Business,18.0,43568.93,1900
5742,indigo,delhi,cochin,2025-09-20,0:15,2h 51m,non-stop,Business,32.0,41368.86,2100
5743,indigo,Bangalore,Kolkata,02/17/2025,4:15,1h 12m,Non Stop,Economy,40.0,10042.85,1560
5744,Vistara,Bangalore,Kolkata,29-May-2025,3:00,3h 12m,Non Stop,BUSINESS,48.0,33322.34,1560
5745,Go Air,Hyderabad,Mumbai,2025-12-28,4:30,1h 51m,2 stops,Biz,59.0,11760.66,620
5746,Air India,Hyderabad,Bangalore,08/05/2025,8:45,2h 5m,2 stops,economy,43.0,3962.14,500
5747,Go Air,Bangalore,Kolkata,2025-12-22,11:45,1h 50m,1 Stop,economy,34.0,11278.97,1560
5748,SpiceJet,Hyderabad,Delhi,16/10/2025,17:45,2h 10m,non-stop,Business,28.0,21934.02,1260
5749,SpiceJet,MUMBAI,Kolkata,2025-03-09,20:00,2h 6m,1 Stop,Biz,55.0,31699.23,1650
5750,Vistara,MUMBAI,Mumbai,2025-12-24,20:45,4h 28m,,Eco,45.0,8184.06,1030
5751,AirAsia,Mumbai,Bangalore,2025-03-07,20:15,1h 29m,Non Stop,economy,28.0,5991.87,840
5752,Spice Jet,Bangalore,cochin,03/26/2025,7:30,2h 52m,non-stop,Eco,6.0,2975.56,360
5753,AIR INDIA,Hyderabad,Delhi,09/26/2025,23:15,2h 38m,Non Stop,BUSINESS,36.0,26190.45,1260
5754,Spice Jet,Kolkata,Cochin,2025-06-08,3:30,1h 31m,2+ stops,Eco,14.0,14184.36,1900
5755,AirAsia,Mumbai,Chennai,08-Aug-2025,9:15,2h 39m,1 Stop,Eco,32.0,6828.83,1030
5756,Go Air,Banglore,Mumbai,2025-10-31,0:30,5h 20m,2+ stops,BUSINESS,32.0,16816.13,840
5757,IndiGo,Banglore,cochin,10/14/2025,10:15,4h 2m,Non Stop,Business,15.0,7623.6,360
5758,Spice Jet,Banglore,Delhi,12-Jun-2025,19:15,6h 46m,,Eco,35.0,,1740
5759,indigo,Delhi,Cochin,22-Nov-2025,4:00,3h 46m,Non Stop,Economy,55.0,12659.34,2100
5760,GoAir,Chennai,Hyderabad,14-May-2025,5:15,6h 27m,2 stops,Eco,23.0,4358.44,515
5761,Vistara,Kolkata,Cochin,23-May-2025,4:00,6h 5m,Non Stop,economy,39.0,14652.62,1900
5762,AirAsia,Kolkata,cochin,07/02/2025,8:30,2h 3m,2+ stops,Economy,5.0,12358.99,1900
5763,Go Air,Chenai,Kolkata,20-Oct-2025,20:00,3h 0m,,Economy,59.0,8427.63,1360
5764,Air India,Chennai,Bangalore,08/12/2025,16:45,0h 59m,Non Stop,Eco,59.0,2322.79,290
5765,Go Air,Chennai,Delhi,28/01/2025,0:15,3h 54m,2 stops,BUSINESS,32.0,35089.72,1760
5766,Air India,Delhi,cochin,2025-06-15,10:30,1h 51m,Non Stop,economy,54.0,13749.42,2100
5767,AirAsia,Delhi,Hyderabad,2025-01-27,11:30,,non-stop,Eco,25.0,7888.15,1260
5768,Spice Jet,Mumbai,cochin,02/19/2025,8:45,3h 13m,2+ stops,Economy,39.0,6267.13,860
5769,Spice Jet,Chenai,Hyderabad,17-Jan-2025,1:15,4h 9m,2+ stops,Economy,25.0,4163.26,515
5770,SpiceJet,MUMBAI,Mumbai,06/07/2025,14:00,6h 42m,non-stop,BUSINESS,23.0,20657.77,1030
5771,Spice Jet,Banglore,Kolkata,24-Sep-2025,20:15,2h 32m,non-stop,Eco,2.0,12455.57,1560
5772,Vistara,Kolkata,Chennai,07-Nov-2025,17:00,2h 36m,,BUSINESS,34.0,29992.85,1360
5773,Vistara,delhi,cochin,02/09/2025,8:00,3h 20m,non-stop,Eco,2.0,16813.79,2100
5774,AirAsia,Chennai,Delhi,17-Nov-2025,15:00,4h 20m,Non Stop,Business,28.0,31813.66,1760
5775,AIR INDIA,Chennai,Mumbai,05/16/2025,6:00,0h 39m,non-stop,Business,20.0,21819.42,1030
5776,GoAir,Hyderabad,Chennai,19/05/2025,5:15,1h 51m,non-stop,Economy,54.0,3587.19,515
5777,Go Air,Chennai,cochin,24/12/2025,18:00,0h 37m,1 stop,Biz,3.0,9067.52,500
5778,AirAsia,Banglore,Mumbai,2025-08-13,18:00,0h 42m,1 stop,Biz,7.0,16282.02,840
5779,IndiGo,Kolkata,cochin,2025-07-05,7:15,5h 43m,2+ stops,Biz,24.0,45947.63,1900
5780,Spice Jet,delhi,Kolkata,23-Sep-2025,6:00,1h 11m,Non Stop,Eco,17.0,8591.56,1300
5781,AirAsia,Mumbai,Hyderabad,20/04/2025,14:15,1h 0m,Non Stop,economy,7.0,4034.82,620
5782,AirAsia,Hyderabad,Delhi,2025-04-04,18:00,1h 34m,1 stop,economy,4.0,8949.77,1260
5783,IndiGo,Bangalore,Kolkata,2025-01-27,23:45,3h 43m,1 Stop,Biz,8.0,36406.92,1560
5784,Air India,Bangalore,cochin,2025-03-28,12:00,1h 45m,1 stop,Eco,1.0,3341.97,360
5785,AirAsia,Hyderabad,HYDERABAD,2025-04-06,2:00,2h 5m,,economy,37.0,6353.48,1030
5786,Spice Jet,delhi,HYDERABAD,07/03/2025,19:45,0h 41m,Non Stop,Economy,57.0,7789.16,1260
5787,Go Air,Kolkata,Bangalore,10-Sep-2025,21:15,3h 12m,Non Stop,Economy,59.0,9068.25,1560
5788,SpiceJet,MUMBAI,cochin,10/07/2025,4:45,1h 43m,1 Stop,,45.0,17224.49,860
5789,Air India,Kolkata,Cochin,2025-10-12,21:00,4h 31m,2+ stops,economy,31.0,17282.22,1900
5790,Go Air,Banglore,Cochin,18-Nov-2025,12:00,1h 15m,Non Stop,Business,24.0,5959.02,360
5791,indigo,MUMBAI,Hyderabad,29-May-2025,5:45,2h 9m,2 stops,Business,60.0,12715.58,620
5792,indigo,Delhi,cochin,09/08/2025,4:30,2h 8m,1 stop,economy,4.0,14194.44,2100
5793,indigo,MUMBAI,cochin,01-Aug-2025,6:00,4h 26m,2+ stops,Economy,28.0,8130.27,860
5794,indigo,Delhi,Mumbai,10/10/2025,19:00,2h 17m,2 stops,Eco,36.0,8301.6,1150
5795,Spice Jet,Mumbai,Kolkata,2025-06-12,10:15,2h 46m,2 stops,Eco,57.0,11352.83,1650
5796,SpiceJet,Banglore,HYDERABAD,18/11/2025,15:15,1h 53m,1 stop,Business,35.0,10026.56,500
5797,AIR INDIA,Kolkata,Chennai,2025-03-05,18:30,2h 18m,,Eco,8.0,10590.41,1360
5798,Air India,Banglore,Bangalore,27-Jan-2025,16:00,6h 50m,non-stop,Biz,7.0,22762.36,1030
5799,Go Air,Kolkata,cochin,25-Dec-2025,11:15,1h 9m,1 Stop,Biz,39.0,39105.52,1900
5800,indigo,Chennai,Delhi,2025-05-08,8:15,1h 57m,2 stops,economy,43.0,13266.05,1760
5801,indigo,Chenai,Chennai,2025-02-22,15:00,1h 36m,,BUSINESS,21.0,24630.96,1030
5802,Vistara,delhi,Chennai,12/31/2025,13:00,3h 11m,2+ stops,Biz,30.0,44603.98,1760
5803,Air India,Banglore,Hyderabad,14-Mar-2025,7:30,3h 10m,Non Stop,Eco,14.0,4318.96,500
5804,Go Air,Kolkata,Bangalore,31-Mar-2025,9:15,1h 37m,1 stop,BUSINESS,20.0,30486.59,1560
5805,Go Air,Bangalore,cochin,23/06/2025,23:45,6h 11m,non-stop,Biz,9.0,7644.46,360
5806,IndiGo,MUMBAI,Kolkata,2025-06-20,1:30,1h 40m,2 stops,Economy,4.0,12213.0,1650
5807,Air India,Banglore,Bangalore,08/15/2025,0:45,4h 18m,2+ stops,,20.0,9191.09,1030
5808,SpiceJet,Bangalore,Cochin,06-Jun-2025,16:30,0h 40m,2 stops,Biz,53.0,6844.23,360
5809,Go Air,Bangalore,Delhi,08/22/2025,12:45,2h 30m,,BUSINESS,39.0,33725.58,1740
5810,Go Air,MUMBAI,Kolkata,2025-11-15,11:30,4h 12m,,Business,38.0,31740.97,1650
5811,Air India,Delhi,HYDERABAD,20/11/2025,18:45,1h 45m,,Business,38.0,28195.45,1260
5812,Vistara,Chenai,Mumbai,02/06/2025,0:15,6h 7m,1 stop,Eco,59.0,8890.75,1030
5813,Spice Jet,Chennai,cochin,06/06/2025,0:30,3h 7m,1 stop,Business,38.0,10055.64,500
5814,Spice Jet,Hyderabad,cochin,2025-05-23,7:00,2h 32m,1 Stop,Eco,21.0,5393.12,700
5815,AirAsia,Chenai,Mumbai,07/21/2025,8:45,1h 57m,1 Stop,Eco,,7619.49,1030
5816,AIR INDIA,Delhi,Mumbai,08/09/2025,23:45,4h 30m,non-stop,Eco,,9491.17,1150
5817,GoAir,Mumbai,Cochin,02/06/2025,15:15,3h 0m,non-stop,economy,5.0,6558.52,860
5818,Spice Jet,Bangalore,HYDERABAD,16-May-2025,23:00,1h 29m,non-stop,economy,16.0,3566.34,500
5819,Go Air,Hyderabad,Cochin,24/10/2025,8:00,3h 32m,2 stops,Biz,33.0,14597.1,700
5820,Spice Jet,delhi,Hyderabad,10-Nov-2025,23:00,1h 30m,1 Stop,economy,28.0,7951.25,1260
5821,Spice Jet,MUMBAI,Kolkata,2025-05-29,0:00,2h 13m,1 Stop,BUSINESS,13.0,35136.24,1650
5822,Vistara,delhi,Kolkata,2025-04-04,15:15,2h 52m,1 stop,Business,5.0,32971.95,1300
5823,AirAsia,delhi,cochin,02/18/2025,19:00,1h 4m,Non Stop,economy,57.0,11828.13,2100
5824,GoAir,Mumbai,Cochin,27/01/2025,13:45,5h 15m,2+ stops,economy,,7094.71,860
5825,Air India,Chennai,Kolkata,13/07/2025,11:45,5h 28m,2+ stops,Business,38.0,30380.05,1360
5826,,Bangalore,Cochin,21-Apr-2025,15:00,4h 9m,Non Stop,economy,48.0,3167.73,360
5827,AirAsia,delhi,Hyderabad,06/02/2025,5:30,1h 9m,1 stop,economy,21.0,8769.18,1260
5828,Air India,Chenai,Chennai,10/25/2025,18:45,1h 26m,,Biz,17.0,23924.15,1030
5829,Vistara,Bangalore,cochin,2025-09-01,15:45,3h 17m,2+ stops,economy,22.0,3595.44,360
5830,Go Air,delhi,Chennai,11/09/2025,2:15,0h 44m,,Eco,9.0,12523.45,1760
5831,SpiceJet,Bangalore,Delhi,23/01/2025,0:15,1h 57m,1 stop,Economy,12.0,13428.69,1740
5832,GoAir,Hyderabad,Delhi,12-Nov-2025,3:30,1h 37m,non-stop,Economy,58.0,7537.66,1260
5833,Go Air,MUMBAI,Chennai,15/05/2025,7:15,2h 4m,Non Stop,Biz,13.0,20306.84,1030
5834,indigo,Hyderabad,Chennai,31-Jan-2025,18:30,1h 18m,,economy,49.0,3730.16,515
5835,GoAir,Banglore,HYDERABAD,06/10/2025,15:45,3h 1m,1 Stop,Biz,53.0,10488.45,500
5836,SpiceJet,Chenai,cochin,09-Apr-2025,2:30,2h 13m,1 Stop,Economy,22.0,3706.87,500
5837,GoAir,Kolkata,Chennai,07/30/2025,1:30,4h 54m,non-stop,Biz,15.0,26507.35,1360
5838,SpiceJet,Chenai,Chennai,22-May-2025,17:15,2h 43m,2 stops,economy,35.0,8046.88,1030
5839,SpiceJet,delhi,Cochin,22/09/2025,19:15,3h 16m,Non Stop,economy,5.0,14640.56,2100
5840,AIR INDIA,Mumbai,HYDERABAD,2025-04-24,18:30,3h 26m,,,3.0,5873.97,620
5841,SpiceJet,Kolkata,Bangalore,2025-12-05,19:00,3h 30m,2 stops,BUSINESS,19.0,31424.24,1560
5842,AirAsia,Delhi,cochin,05-Sep-2025,6:45,5h 18m,Non Stop,BUSINESS,14.0,38979.14,2100
5843,AirAsia,MUMBAI,Delhi,27-Aug-2025,14:30,1h 23m,2 stops,Eco,14.0,8822.53,1150
5844,Air India,MUMBAI,Hyderabad,2025-06-22,19:45,1h 54m,non-stop,economy,21.0,4732.01,620
5845,AirAsia,Delhi,Chennai,08/07/2025,10:15,1h 0m,,Eco,14.0,11559.85,1760
5846,Go Air,Banglore,HYDERABAD,03/15/2025,16:45,4h 31m,2+ stops,Business,19.0,11523.22,500
5847,indigo,Bangalore,Kolkata,20/05/2025,21:30,0h 43m,,Biz,48.0,28913.69,1560
5848,AIR INDIA,Chenai,HYDERABAD,30/03/2025,23:30,1h 49m,2 stops,Business,16.0,12472.55,515
5849,Air India,Kolkata,Chennai,25-Apr-2025,14:15,4h 1m,1 stop,Business,17.0,32042.25,1360
5850,Spice Jet,Hyderabad,Cochin,24-Sep-2025,8:15,,2+ stops,Economy,3.0,5783.95,700
5851,,Chenai,cochin,2025-11-09,2:45,2h 54m,,BUSINESS,18.0,11979.13,500
5852,Vistara,Hyderabad,Chennai,2025-03-09,19:00,1h 16m,1 Stop,Eco,47.0,4528.45,515
5853,indigo,Banglore,Chennai,02/08/2025,13:45,1h 25m,2 stops,Biz,38.0,6134.18,290
5854,Vistara,Kolkata,Hyderabad,04-Feb-2025,5:30,5h 6m,Non Stop,Economy,18.0,9801.9,1190
5855,Vistara,MUMBAI,Cochin,22/02/2025,3:00,8h 20m,2 stops,Business,29.0,22556.02,860
5856,indigo,MUMBAI,Cochin,09/18/2025,13:45,1h 52m,2+ stops,Biz,60.0,19649.98,860
5857,Go Air,Delhi,Kolkata,03/29/2025,17:30,1h 11m,2 stops,economy,44.0,9039.99,1300
5858,IndiGo,Delhi,cochin,09/18/2025,14:45,2h 5m,,economy,22.0,15393.11,2100
5859,IndiGo,delhi,Cochin,2025-09-28,14:45,1h 43m,2 stops,economy,3.0,17170.81,2100
5860,Vistara,MUMBAI,Kolkata,2025-01-02,20:45,0h 45m,2 stops,Eco,50.0,13306.53,1650
5861,AirAsia,delhi,Delhi,2025-05-24,3:30,4h 11m,2 stops,Biz,13.0,20210.9,1030
5862,,Delhi,Bangalore,05/20/2025,21:45,2h 6m,2 stops,,23.0,13256.84,1740
5863,AIR INDIA,Banglore,HYDERABAD,12-Oct-2025,14:45,,non-stop,Economy,35.0,4252.59,500
5864,AIR INDIA,Bangalore,cochin,27/05/2025,1:30,1h 57m,1 Stop,economy,6.0,3240.87,360
5865,indigo,Delhi,HYDERABAD,03-Jul-2025,1:15,0h 57m,2 stops,Business,26.0,27816.14,1260
5866,Air India,Kolkata,Bangalore,2025-01-04,3:30,3h 37m,2+ stops,Business,11.0,39496.08,1560
5867,SpiceJet,Bangalore,HYDERABAD,2025-05-13,11:45,3h 51m,1 Stop,Eco,59.0,3106.39,500
5868,AirAsia,MUMBAI,HYDERABAD,2025-02-06,6:00,3h 48m,Non Stop,Business,1.0,12452.65,620
5869,Go Air,Bangalore,Chennai,2025-02-11,11:30,0h 54m,2 stops,Biz,45.0,5990.68,290
5870,Spice Jet,Kolkata,cochin,2025-12-16,12:15,1h 56m,2 stops,Economy,54.0,12081.4,1900
5871,SpiceJet,MUMBAI,HYDERABAD,2025-09-11,9:30,5h 21m,,Biz,29.0,11973.22,620
5872,Spice Jet,Delhi,Bangalore,23-Dec-2025,22:45,3h 19m,,Biz,59.0,30080.22,1740
5873,Vistara,Hyderabad,Kolkata,2025-04-22,20:45,4h 21m,1 stop,Business,47.0,27937.51,1190
5874,Air India,Chennai,Mumbai,03/26/2025,7:15,1h 48m,Non Stop,Biz,48.0,23686.16,1030
5875,Go Air,delhi,HYDERABAD,01/12/2025,12:30,0h 47m,,Economy,50.0,8567.84,1260
5876,AirAsia,Chenai,cochin,07/01/2025,0:00,2h 2m,1 Stop,Economy,43.0,3145.88,500
5877,AIR INDIA,MUMBAI,Chennai,29-Oct-2025,2:30,6h 20m,2+ stops,BUSINESS,32.0,26785.34,1030
5878,Vistara,Kolkata,Chennai,01/10/2025,18:30,5h 29m,,Business,20.0,31549.21,1360
5879,Air India,Hyderabad,cochin,14-May-2025,22:45,2h 25m,2 stops,Business,24.0,16334.34,700
5880,,delhi,Delhi,23-Jul-2025,21:45,5h 5m,non-stop,Business,21.0,20845.89,1030
5881,Vistara,Kolkata,Hyderabad,08/02/2025,3:00,2h 42m,2+ stops,economy,7.0,11503.54,1190
5882,AirAsia,Bangalore,HYDERABAD,11/16/2025,22:00,0h 55m,non-stop,Business,10.0,10227.62,500
5883,Go Air,Delhi,Kolkata,04/20/2025,16:15,2h 58m,,economy,31.0,8728.78,1300
5884,AirAsia,Chenai,Kolkata,31-Dec-2025,13:00,2h 15m,Non Stop,Biz,37.0,23911.33,1360
5885,indigo,Delhi,Hyderabad,2025-04-18,17:45,2h 22m,1 Stop,Eco,34.0,9253.7,1260
5886,Spice Jet,Chennai,Kolkata,28-Jul-2025,4:30,2h 7m,2 stops,Eco,54.0,9374.73,1360
5887,Air India,Banglore,HYDERABAD,2025-03-07,2:15,3h 13m,non-stop,Business,29.0,11976.46,500
5888,IndiGo,Kolkata,HYDERABAD,16-Jan-2025,6:45,2h 49m,2+ stops,Biz,6.0,26559.56,1190
5889,Go Air,Chenai,HYDERABAD,2025-07-11,19:45,2h 53m,1 stop,Economy,23.0,3874.0,515
5890,Go Air,MUMBAI,Chennai,07/01/2025,1:15,1h 6m,Non Stop,Biz,32.0,17841.46,1030
5891,indigo,Mumbai,Cochin,09/07/2025,23:45,4h 15m,Non Stop,Business,10.0,18401.58,860
5892,SpiceJet,Mumbai,Bangalore,23/08/2025,3:30,2h 12m,1 stop,economy,56.0,5459.89,840
5893,Go Air,Chennai,Mumbai,23/12/2025,9:00,1h 33m,non-stop,economy,50.0,6315.06,1030
5894,IndiGo,Delhi,Cochin,09/04/2025,17:15,4h 14m,non-stop,Eco,54.0,12834.41,2100
5895,SpiceJet,Chenai,Chennai,01/28/2025,9:00,1h 12m,non-stop,Economy,14.0,6432.44,1030
5896,AirAsia,Chenai,Chennai,03-Mar-2025,8:00,0h 41m,2+ stops,BUSINESS,16.0,19037.31,1030
5897,Vistara,Banglore,Cochin,2025-12-05,14:30,2h 43m,,Economy,34.0,3217.73,360
5898,Vistara,Hyderabad,HYDERABAD,27-Apr-2025,23:00,10h 46m,non-stop,BUSINESS,4.0,24836.46,1030
5899,SpiceJet,Delhi,Mumbai,10/08/2025,3:15,0h 46m,,Business,10.0,23002.58,1150
5900,AIR INDIA,delhi,Kolkata,01/21/2025,16:15,3h 55m,1 stop,economy,19.0,11346.01,1300
5901,AirAsia,Chenai,Chennai,2025-03-15,17:45,3h 52m,2 stops,economy,44.0,6615.4,1030
5902,AIR INDIA,Delhi,Mumbai,2025-02-04,20:30,0h 37m,2+ stops,Eco,25.0,10497.59,1150
5903,AirAsia,MUMBAI,cochin,2025-03-07,10:30,2h 10m,,BUSINESS,6.0,19079.92,860
5904,IndiGo,Chennai,cochin,2025-01-11,0:30,1h 30m,1 Stop,BUSINESS,44.0,9063.39,500
5905,Air India,Mumbai,Chennai,2025-10-05,15:00,5h 1m,1 stop,Biz,17.0,24483.43,1030
5906,Air India,Mumbai,Bangalore,09/11/2025,10:30,3h 41m,1 Stop,economy,1.0,7124.88,840
5907,Go Air,MUMBAI,Cochin,25/09/2025,11:15,1h 55m,Non Stop,Eco,27.0,4720.57,860
5908,Air India,Delhi,Mumbai,07-Jun-2025,14:00,2h 2m,Non Stop,economy,45.0,7529.28,1150
5909,IndiGo,MUMBAI,Kolkata,27/11/2025,5:00,4h 3m,1 Stop,Biz,41.0,34998.58,1650
5910,Go Air,delhi,Kolkata,02/02/2025,12:30,4h 57m,Non Stop,BUSINESS,1.0,29523.15,1300
5911,Air India,Bangalore,Delhi,09/03/2025,17:45,3h 25m,2 stops,economy,51.0,13917.87,1740
5912,SpiceJet,Chennai,Hyderabad,2025-08-06,10:45,1h 54m,Non Stop,Economy,4.0,3948.37,515
5913,SpiceJet,Bangalore,Cochin,02/12/2025,7:15,2h 14m,,Biz,9.0,7881.67,360
5914,AirAsia,Banglore,Cochin,04-Dec-2025,6:15,1h 9m,non-stop,economy,43.0,2664.48,360
5915,Vistara,Chennai,Cochin,2025-05-21,17:30,4h 41m,1 stop,BUSINESS,50.0,13032.64,500
5916,AIR INDIA,Bangalore,Cochin,19-Dec-2025,6:00,2h 21m,Non Stop,Biz,59.0,7240.16,360
5917,Air India,Mumbai,Chennai,2025-03-06,6:00,,1 stop,Biz,35.0,20257.78,1030
5918,indigo,MUMBAI,Hyderabad,2025-11-16,14:45,2h 27m,1 Stop,BUSINESS,53.0,10839.92,620
5919,Go Air,Chenai,Bangalore,2025-02-07,12:00,4h 49m,Non Stop,Business,42.0,6285.65,290
5920,Go Air,delhi,cochin,2025-02-12,21:45,4h 2m,,Economy,39.0,13614.71,2100
5921,AIR INDIA,Hyderabad,HYDERABAD,06/07/2025,5:45,3h 25m,1 Stop,BUSINESS,49.0,22439.78,1030
5922,IndiGo,Mumbai,Cochin,31/08/2025,3:45,3h 8m,Non Stop,economy,49.0,5253.42,860
5923,IndiGo,Bangalore,Hyderabad,2025-03-08,20:15,4h 50m,1 stop,Eco,10.0,4118.81,500
5924,Vistara,Chenai,Delhi,01/03/2025,11:45,3h 42m,1 stop,economy,57.0,,1760
5925,Vistara,Kolkata,Hyderabad,11/02/2025,7:30,2h 32m,2+ stops,Eco,58.0,9752.44,1190
5926,AirAsia,Kolkata,Chennai,26/12/2025,17:30,1h 2m,,BUSINESS,55.0,23167.65,1360
5927,SpiceJet,Kolkata,HYDERABAD,30/09/2025,16:45,1h 15m,non-stop,Eco,26.0,7371.61,1190
5928,SpiceJet,Chenai,Mumbai,09/03/2025,9:00,6h 32m,Non Stop,Eco,30.0,6919.09,1030
5929,Spice Jet,Delhi,Chennai,07/02/2025,20:30,1h 25m,Non Stop,economy,10.0,12803.28,1760
5930,Go Air,Bangalore,cochin,09-Jan-2025,0:00,1h 57m,,Business,20.0,7612.49,360
5931,,Delhi,Hyderabad,07/10/2025,2:45,3h 17m,Non Stop,Economy,57.0,8498.11,1260
5932,AIR INDIA,Delhi,HYDERABAD,02/01/2025,0:45,1h 53m,non-stop,economy,60.0,8143.56,1260
5933,indigo,Hyderabad,Cochin,2025-12-25,16:30,3h 55m,non-stop,Economy,4.0,4551.24,700
5934,AirAsia,Delhi,cochin,14/10/2025,23:00,2h 42m,2 stops,Business,32.0,39435.34,2100
5935,AirAsia,Chennai,Delhi,21/08/2025,1:00,5h 48m,,BUSINESS,54.0,29508.43,1760
5936,IndiGo,Chenai,Chennai,31/12/2025,21:45,3h 1m,,Economy,42.0,7505.79,1030
5937,Air India,Kolkata,cochin,2025-01-17,0:00,0h 55m,,economy,39.0,16799.04,1900
5938,SpiceJet,Chenai,Cochin,03/31/2025,12:00,6h 14m,,economy,51.0,,500
5939,AirAsia,Kolkata,Bangalore,2025-05-25,4:30,2h 20m,1 stop,Business,38.0,33336.53,1560
5940,Go Air,Hyderabad,Bangalore,05/11/2025,17:45,4h 38m,1 Stop,Business,60.0,9759.2,500
5941,Go Air,Chennai,HYDERABAD,08/16/2025,23:45,5h 10m,non-stop,Business,59.0,9030.76,515
5942,IndiGo,Chenai,Kolkata,17-Feb-2025,9:30,0h 57m,,Business,46.0,27578.96,1360
5943,Air India,Delhi,HYDERABAD,2025-02-01,7:15,1h 48m,Non Stop,Biz,37.0,29464.05,1260
5944,SpiceJet,Delhi,HYDERABAD,11/24/2025,11:15,6h 15m,,BUSINESS,4.0,30112.81,1260
5945,IndiGo,Delhi,Cochin,26/07/2025,11:30,2h 23m,1 Stop,economy,57.0,13298.04,2100
5946,GoAir,Delhi,Kolkata,07-May-2025,15:30,,non-stop,Business,46.0,23606.49,1300
5947,AirAsia,Mumbai,Bangalore,22/05/2025,15:00,2h 46m,non-stop,economy,22.0,5097.46,840
5948,Spice Jet,Delhi,Chennai,2025-04-06,19:00,2h 14m,,economy,56.0,11632.17,1760
5949,indigo,Chenai,Bangalore,2025-04-21,15:45,5h 1m,2 stops,Business,,7572.48,290
5950,AIR INDIA,Hyderabad,HYDERABAD,2025-04-24,6:45,5h 27m,2+ stops,BUSINESS,49.0,24298.19,1030
5951,AIR INDIA,Chennai,Delhi,11/01/2025,9:00,4h 1m,2 stops,,4.0,14547.84,1760
5952,AirAsia,Chennai,HYDERABAD,2025-05-14,1:15,6h 32m,2+ stops,Economy,13.0,4559.43,515
5953,indigo,Kolkata,Chennai,28/07/2025,7:45,0h 43m,1 stop,Biz,54.0,27040.82,1360
5954,Spice Jet,Chenai,Hyderabad,05/11/2025,16:45,7h 51m,1 Stop,Business,28.0,11120.14,515
5955,AIR INDIA,Delhi,Cochin,07/04/2025,14:15,3h 38m,non-stop,Economy,41.0,15144.83,2100
5956,AirAsia,MUMBAI,Delhi,29-Jul-2025,12:15,1h 29m,non-stop,Biz,50.0,19391.54,1150
5957,Go Air,Mumbai,Bangalore,12/29/2025,19:45,,1 Stop,BUSINESS,35.0,17260.74,840
5958,SpiceJet,Bangalore,Chennai,10/29/2025,0:45,2h 28m,2+ stops,economy,34.0,2629.22,290
5959,Air India,Kolkata,Hyderabad,06/12/2025,9:00,5h 13m,1 stop,Business,23.0,25972.92,1190
5960,Air India,Kolkata,cochin,12/10/2025,15:45,7h 39m,1 stop,economy,10.0,14802.46,1900
5961,IndiGo,Chennai,Cochin,01/12/2025,10:00,1h 49m,,Biz,20.0,10803.16,500
5962,Go Air,delhi,Kolkata,07/24/2025,7:45,2h 15m,,economy,,9125.01,1300
5963,AIR INDIA,Chenai,Mumbai,07/19/2025,9:00,4h 16m,,Biz,59.0,21836.79,1030
5964,indigo,Kolkata,Hyderabad,06/23/2025,15:30,5h 22m,Non Stop,BUSINESS,38.0,22679.9,1190
5965,SpiceJet,delhi,Hyderabad,21/02/2025,10:30,3h 27m,1 Stop,Eco,22.0,9085.14,1260
5966,indigo,MUMBAI,Kolkata,01/29/2025,11:45,1h 13m,2 stops,Economy,3.0,12760.85,1650
5967,SpiceJet,Chenai,Mumbai,07/26/2025,18:15,3h 58m,1 stop,Business,25.0,22076.43,1030
5968,Go Air,Chenai,Mumbai,09/22/2025,7:00,2h 38m,1 Stop,economy,11.0,7547.29,1030
5969,Spice Jet,Kolkata,Delhi,09-Nov-2025,21:15,2h 11m,2 stops,BUSINESS,46.0,25231.88,1300
5970,AIR INDIA,Bangalore,Hyderabad,2025-01-31,3:15,5h 19m,non-stop,Eco,43.0,4214.99,500
5971,Go Air,Delhi,cochin,09-Jan-2025,23:45,2h 27m,2+ stops,economy,17.0,16733.37,2100
5972,Vistara,Hyderabad,Cochin,08/16/2025,19:30,4h 58m,2+ stops,economy,51.0,5991.67,700
5973,indigo,Delhi,Chennai,24/11/2025,3:45,4h 16m,1 Stop,BUSINESS,50.0,35595.96,1760
5974,SpiceJet,Mumbai,Hyderabad,11-Aug-2025,21:30,5h 24m,2 stops,economy,19.0,5063.86,620
5975,Vistara,Delhi,HYDERABAD,03/11/2025,23:45,2h 26m,1 Stop,Economy,,10396.77,1260
5976,indigo,Chenai,Bangalore,03/10/2025,10:00,3h 6m,2+ stops,Business,23.0,6854.63,290
5977,AirAsia,Mumbai,HYDERABAD,18/04/2025,12:15,4h 47m,1 stop,Business,49.0,11622.79,620
5978,AIR INDIA,Kolkata,Mumbai,06-Oct-2025,10:45,1h 3m,2+ stops,Eco,56.0,13489.82,1650
5979,AirAsia,Kolkata,Chennai,2025-07-19,3:30,2h 13m,2+ stops,Biz,10.0,27586.93,1360
5980,indigo,Kolkata,cochin,01/03/2025,5:00,2h 34m,1 Stop,Economy,24.0,12611.01,1900
5981,indigo,delhi,cochin,02/11/2025,3:45,1h 13m,1 Stop,Biz,60.0,36793.5,2100
5982,AirAsia,MUMBAI,Kolkata,20-Sep-2025,12:45,1h 10m,2 stops,economy,32.0,10140.15,1650
5983,IndiGo,MUMBAI,Delhi,06/14/2025,19:45,2h 8m,2+ stops,economy,32.0,9274.71,1150
5984,IndiGo,Delhi,HYDERABAD,02/06/2025,12:15,1h 34m,2 stops,BUSINESS,25.0,25392.24,1260
5985,Air India,Hyderabad,Bangalore,05/02/2025,18:30,6h 18m,1 Stop,Biz,59.0,10831.25,500
5986,AirAsia,Hyderabad,Kolkata,25/06/2025,8:45,3h 58m,non-stop,Eco,52.0,7478.22,1190
5987,Air India,Hyderabad,Chennai,09/30/2025,13:15,3h 25m,,Economy,60.0,4170.08,515
5988,Air India,MUMBAI,Chennai,02/06/2025,3:15,0h 50m,2+ stops,Biz,45.0,23540.06,1030
5989,Go Air,Chennai,cochin,18/03/2025,10:30,3h 1m,Non Stop,Business,16.0,10134.62,500
5990,Air India,Mumbai,Hyderabad,19-Feb-2025,4:00,1h 1m,1 Stop,Eco,36.0,4896.96,620
5991,SpiceJet,Kolkata,Chennai,16/05/2025,14:00,1h 15m,2+ stops,Business,,28764.87,1360
5992,IndiGo,MUMBAI,Cochin,09/10/2025,3:15,3h 58m,2 stops,Biz,24.0,19081.53,860
5993,AirAsia,Chennai,Bangalore,25/11/2025,16:45,3h 49m,,economy,20.0,2778.43,290
5994,SpiceJet,Kolkata,Delhi,16/08/2025,9:45,1h 19m,2 stops,Eco,5.0,10277.54,1300
5995,IndiGo,Chenai,Chennai,22/10/2025,9:30,3h 33m,non-stop,Eco,19.0,8654.37,1030
5996,AirAsia,Banglore,Bangalore,06-Jun-2025,21:00,1h 31m,,Business,30.0,18837.24,1030
5997,IndiGo,Hyderabad,Mumbai,29-Oct-2025,4:15,3h 31m,1 stop,economy,23.0,4883.88,620
5998,Spice Jet,Kolkata,cochin,2025-05-18,4:00,6h 45m,,Economy,,12160.52,1900
5999,IndiGo,delhi,Hyderabad,28/07/2025,11:00,1h 36m,1 Stop,Eco,21.0,8793.1,1260
6000,Spice Jet,Mumbai,cochin,2025-03-23,18:45,1h 14m,non-stop,Business,49.0,17353.23,860
6001,Spice Jet,Chennai,Bangalore,04/08/2025,19:45,1h 48m,Non Stop,Business,28.0,5686.69,290
6002,AIR INDIA,Bangalore,Cochin,15-Sep-2025,15:00,1h 11m,2 stops,Biz,7.0,10283.03,360
6003,SpiceJet,Kolkata,Cochin,07/05/2025,12:30,2h 28m,,BUSINESS,29.0,34799.69,1900
6004,IndiGo,Chenai,Bangalore,02/05/2025,1:30,1h 37m,2 stops,Economy,44.0,,290
6005,indigo,MUMBAI,cochin,08/26/2025,7:45,2h 21m,2+ stops,BUSINESS,49.0,18253.08,860
6006,indigo,MUMBAI,Hyderabad,2025-05-05,20:00,2h 30m,,Economy,56.0,4415.59,620
6007,Spice Jet,Hyderabad,HYDERABAD,18-Jun-2025,9:00,4h 5m,Non Stop,Eco,19.0,7634.8,1030
6008,AirAsia,Chenai,Hyderabad,2025-06-10,1:00,2h 51m,1 stop,BUSINESS,16.0,10680.53,515
6009,Air India,Mumbai,HYDERABAD,06/16/2025,14:15,1h 36m,2+ stops,Eco,14.0,5466.7,620
6010,Spice Jet,MUMBAI,Delhi,03/01/2025,20:45,0h 31m,Non Stop,Eco,35.0,7307.7,1150
6011,IndiGo,delhi,Chennai,10-Mar-2025,1:45,2h 10m,2 stops,Eco,29.0,12799.55,1760
6012,Vistara,delhi,Cochin,2025-08-20,4:15,2h 6m,2+ stops,Business,3.0,53617.31,2100
6013,Go Air,Chennai,Bangalore,23-Nov-2025,7:45,1h 51m,1 Stop,Biz,31.0,5637.18,290
6014,Air India,Mumbai,cochin,2025-02-04,17:30,0h 33m,1 stop,economy,48.0,6748.23,860
6015,indigo,Delhi,Chennai,03/29/2025,22:30,1h 42m,non-stop,Economy,28.0,10683.95,1760
6016,,Kolkata,Mumbai,12/01/2025,4:45,1h 21m,2 stops,economy,49.0,12662.17,1650
6017,GoAir,Chenai,Cochin,27-Feb-2025,11:45,3h 36m,Non Stop,BUSINESS,2.0,10209.36,500
6018,GoAir,Kolkata,Chennai,2025-10-24,19:30,3h 29m,2 stops,Biz,41.0,25573.88,1360
6019,AIR INDIA,delhi,Kolkata,11/13/2025,14:15,5h 30m,2 stops,Biz,29.0,32247.29,1300
6020,Spice Jet,Hyderabad,Bangalore,28/11/2025,20:45,4h 53m,2 stops,Biz,20.0,12144.52,500
6021,AIR INDIA,Delhi,HYDERABAD,01/11/2025,20:15,1h 31m,non-stop,Business,47.0,27593.78,1260
6022,Air India,MUMBAI,cochin,08/15/2025,21:15,2h 54m,non-stop,Eco,39.0,6652.86,860
6023,SpiceJet,MUMBAI,HYDERABAD,14-Jul-2025,13:45,0h 42m,2 stops,Eco,55.0,4523.25,620
6024,AirAsia,Banglore,Hyderabad,29-Mar-2025,23:00,2h 28m,2 stops,BUSINESS,23.0,9243.26,500
6025,Spice Jet,delhi,Chennai,16/10/2025,17:00,1h 15m,,Eco,54.0,10711.91,1760
6026,IndiGo,Banglore,Chennai,2025-07-27,8:30,3h 23m,2+ stops,Business,22.0,6785.69,290
6027,Spice Jet,Hyderabad,Bangalore,08/28/2025,11:15,1h 55m,1 stop,Eco,23.0,4030.73,500
6028,AirAsia,Delhi,Chennai,09-Apr-2025,15:45,5h 12m,2 stops,economy,55.0,10997.26,1760
6029,Air India,Kolkata,cochin,09/14/2025,2:45,1h 3m,2 stops,BUSINESS,39.0,45354.14,1900
6030,AIR INDIA,Mumbai,Bangalore,23/03/2025,6:45,1h 14m,Non Stop,BUSINESS,34.0,18566.14,840
6031,AirAsia,Bangalore,Chennai,06/05/2025,6:30,2h 33m,,Economy,20.0,2214.99,290
6032,indigo,Mumbai,Delhi,20/03/2025,14:00,0h 38m,2+ stops,Business,49.0,23733.96,1150
6033,SpiceJet,Mumbai,Hyderabad,28/06/2025,5:30,1h 11m,1 stop,Business,58.0,12420.28,620
6034,AIR INDIA,delhi,Kolkata,10/20/2025,6:45,2h 0m,1 Stop,economy,3.0,10261.17,1300
6035,AirAsia,Delhi,HYDERABAD,2025-03-31,22:00,4h 13m,,economy,46.0,8122.21,1260
6036,AirAsia,MUMBAI,Bangalore,03/07/2025,20:45,2h 53m,1 stop,economy,4.0,5784.48,840
6037,SpiceJet,Banglore,Delhi,17-Oct-2025,1:15,1h 2m,1 stop,Eco,17.0,11840.48,1740
6038,indigo,Delhi,Cochin,2025-10-14,4:15,1h 7m,2 stops,BUSINESS,30.0,,2100
6039,GoAir,Bangalore,Cochin,06/08/2025,6:15,5h 17m,2 stops,Economy,11.0,3107.31,360
6040,Air India,Banglore,Kolkata,2025-07-12,16:45,1h 40m,2+ stops,economy,53.0,11438.46,1560
6041,AirAsia,Banglore,Cochin,2025-12-22,21:30,2h 12m,2 stops,Eco,11.0,2951.79,360
6042,AirAsia,Chenai,Kolkata,2025-10-03,15:00,7h 2m,,Eco,27.0,8867.32,1360
6043,SpiceJet,Hyderabad,Bangalore,05/01/2025,1:00,4h 49m,2 stops,Eco,1.0,4151.12,500
6044,Air India,Kolkata,Cochin,22-Sep-2025,4:15,1h 55m,non-stop,BUSINESS,23.0,39144.67,1900
6045,AirAsia,Hyderabad,Bangalore,12/19/2025,22:00,2h 38m,,Business,27.0,9767.11,500
6046,Vistara,Chenai,cochin,25-Aug-2025,0:45,2h 3m,2 stops,Business,56.0,12232.56,500
6047,AirAsia,Banglore,cochin,04/25/2025,1:45,2h 17m,2 stops,Business,56.0,7536.96,360
6048,Air India,Bangalore,Kolkata,11/21/2025,15:30,1h 48m,non-stop,Economy,45.0,10520.13,1560
6049,Air India,Mumbai,Chennai,28-Nov-2025,15:45,4h 32m,1 Stop,Economy,18.0,9636.25,1030
6050,Spice Jet,MUMBAI,HYDERABAD,29-Dec-2025,9:15,4h 7m,2+ stops,economy,46.0,4532.78,620
6051,SpiceJet,Mumbai,Chennai,31/12/2025,12:30,0h 55m,,Eco,,7501.27,1030
6052,AirAsia,Bangalore,HYDERABAD,21/10/2025,21:30,5h 13m,Non Stop,,28.0,9204.01,500
6053,indigo,Chenai,Delhi,2025-11-03,16:30,5h 9m,2+ stops,economy,47.0,12500.79,1760
6054,Vistara,delhi,Kolkata,2025-03-23,11:45,6h 48m,non-stop,economy,1.0,10668.74,1300
6055,indigo,Banglore,Mumbai,30-Nov-2025,9:30,2h 22m,,Biz,,17653.21,840
6056,,Kolkata,HYDERABAD,01-Jun-2025,3:15,1h 50m,Non Stop,Business,15.0,25611.47,1190
6057,Go Air,Banglore,Chennai,02-May-2025,6:45,2h 58m,non-stop,Economy,57.0,2260.61,290
6058,indigo,delhi,Delhi,12/30/2025,20:15,4h 17m,non-stop,BUSINESS,6.0,20944.95,1030
6059,indigo,Mumbai,Kolkata,26-Dec-2025,4:30,4h 17m,non-stop,BUSINESS,55.0,28975.34,1650
6060,AirAsia,Bangalore,Hyderabad,05/02/2025,18:30,2h 48m,2 stops,Economy,50.0,3361.17,500
6061,AirAsia,Chennai,Kolkata,2025-12-20,3:30,2h 16m,Non Stop,Biz,43.0,23475.23,1360
6062,SpiceJet,MUMBAI,Delhi,2025-09-17,7:15,2h 43m,,BUSINESS,8.0,23967.64,1150
6063,Spice Jet,delhi,Cochin,03-Apr-2025,13:15,1h 2m,Non Stop,Eco,54.0,11836.37,2100
6064,SpiceJet,Chenai,Cochin,27-Jun-2025,2:15,1h 53m,Non Stop,Biz,41.0,9633.71,500
6065,Air India,Chennai,Hyderabad,2025-01-04,14:15,1h 43m,1 Stop,Economy,57.0,4482.55,515
6066,Air India,delhi,Hyderabad,08/03/2025,6:00,2h 27m,1 Stop,Business,15.0,28651.45,1260
6067,IndiGo,Chennai,Delhi,21/03/2025,4:45,1h 10m,non-stop,Economy,28.0,11641.37,1760
6068,IndiGo,Delhi,Kolkata,01/18/2025,11:45,1h 17m,2+ stops,Eco,47.0,9909.2,1300
6069,SpiceJet,Delhi,Kolkata,25-Aug-2025,22:15,3h 13m,2+ stops,Eco,43.0,9087.03,1300
6070,SpiceJet,Chenai,Mumbai,12/06/2025,7:00,3h 45m,1 Stop,Eco,26.0,7667.88,1030
6071,Spice Jet,Bangalore,HYDERABAD,2025-02-17,22:15,0h 36m,non-stop,Biz,9.0,9746.52,500
6072,AIR INDIA,Mumbai,Kolkata,2025-08-19,8:45,0h 40m,,Economy,3.0,14892.17,1650
6073,GoAir,Delhi,Hyderabad,26-Jun-2025,13:00,2h 13m,Non Stop,Eco,58.0,,1260
6074,Go Air,MUMBAI,Chennai,04/05/2025,0:45,3h 10m,Non Stop,Biz,24.0,18931.37,1030
6075,Vistara,Delhi,cochin,26-Jan-2025,22:15,2h 49m,2+ stops,BUSINESS,24.0,51868.74,2100
6076,GoAir,Banglore,Kolkata,2025-10-05,21:15,1h 42m,1 stop,Business,44.0,28131.13,1560
6077,IndiGo,Hyderabad,Delhi,02/08/2025,17:45,1h 31m,1 stop,Biz,18.0,29328.71,1260
6078,,delhi,Bangalore,02/07/2025,11:00,3h 17m,non-stop,Business,46.0,30676.75,1740
6079,SpiceJet,delhi,Kolkata,13/11/2025,6:30,3h 46m,2 stops,BUSINESS,38.0,25382.71,1300
6080,GoAir,Mumbai,Delhi,06/14/2025,11:15,2h 3m,Non Stop,Economy,30.0,7201.38,1150
6081,Air India,Bangalore,Hyderabad,2025-10-09,12:30,5h 25m,1 Stop,Business,45.0,11364.78,500
6082,GoAir,Chenai,HYDERABAD,2025-11-05,3:45,1h 23m,1 Stop,Economy,23.0,3673.61,515
6083,Air India,Banglore,Bangalore,10-Nov-2025,10:45,5h 5m,,Biz,36.0,21089.42,1030
6084,SpiceJet,delhi,Mumbai,08/18/2025,23:45,2h 57m,Non Stop,BUSINESS,19.0,22080.09,1150
6085,GoAir,Bangalore,HYDERABAD,03/08/2025,9:30,5h 18m,non-stop,economy,39.0,3694.07,500
6086,IndiGo,Chennai,HYDERABAD,21-Aug-2025,0:30,2h 31m,1 stop,Economy,45.0,3728.35,515
6087,indigo,Chennai,Cochin,02/08/2025,11:15,3h 32m,non-stop,Eco,10.0,4208.04,500
6088,AirAsia,Chennai,Kolkata,07/08/2025,17:15,1h 45m,,economy,35.0,9159.95,1360
6089,AIR INDIA,Mumbai,Delhi,04/05/2025,14:15,3h 6m,2+ stops,BUSINESS,2.0,30198.94,1150
6090,IndiGo,Kolkata,Cochin,21-Aug-2025,22:30,2h 31m,Non Stop,Biz,39.0,37364.39,1900
6091,Air India,Banglore,Bangalore,15-Aug-2025,23:45,2h 47m,Non Stop,Eco,6.0,7206.09,1030
6092,Vistara,Kolkata,Mumbai,2025-06-03,23:45,0h 42m,non-stop,Economy,24.0,12303.09,1650
6093,indigo,Bangalore,cochin,06-Apr-2025,1:45,1h 31m,Non Stop,economy,28.0,2944.81,360
6094,Vistara,MUMBAI,cochin,03/24/2025,10:30,2h 21m,,Eco,23.0,7011.83,860
6095,AIR INDIA,Mumbai,Chennai,23-Sep-2025,2:30,2h 57m,Non Stop,Economy,42.0,7238.78,1030
6096,Go Air,Bangalore,Cochin,2025-09-01,14:45,1h 15m,Non Stop,economy,21.0,2989.23,360
6097,Go Air,Bangalore,HYDERABAD,11/06/2025,9:15,4h 37m,Non Stop,economy,15.0,4276.47,500
6098,Vistara,Kolkata,HYDERABAD,04/05/2025,12:30,,,economy,14.0,10348.91,1190
6099,Spice Jet,MUMBAI,Delhi,29/09/2025,7:45,1h 14m,,Economy,14.0,8738.73,1150
6100,Go Air,Hyderabad,Bangalore,2025-06-21,20:15,2h 11m,2 stops,Economy,19.0,3366.27,500
6101,GoAir,Delhi,Hyderabad,2025-11-13,14:30,,non-stop,Economy,21.0,8025.13,1260
6102,AirAsia,delhi,Hyderabad,08-Jul-2025,21:45,7h 24m,2 stops,Economy,9.0,9222.95,1260
6103,Spice Jet,Hyderabad,cochin,2025-06-25,8:30,2h 8m,1 stop,Economy,59.0,4581.75,700
6104,,Bangalore,Kolkata,04-Apr-2025,22:00,6h 27m,2 stops,Business,9.0,35081.59,1560
6105,Vistara,Banglore,Chennai,2025-09-10,13:00,1h 30m,2 stops,Economy,5.0,2442.05,290
6106,AirAsia,Mumbai,Cochin,05/17/2025,2:45,2h 2m,1 stop,economy,13.0,6132.57,860
6107,indigo,Hyderabad,Kolkata,09-Jan-2025,2:30,3h 21m,1 stop,Biz,47.0,24609.25,1190
6108,IndiGo,MUMBAI,Cochin,2025-01-01,5:45,2h 34m,1 Stop,BUSINESS,56.0,18497.16,860
6109,Air India,Mumbai,Hyderabad,2025-12-05,19:15,2h 10m,non-stop,BUSINESS,37.0,12721.37,620
6110,SpiceJet,Bangalore,cochin,03-Apr-2025,0:30,4h 9m,1 stop,Business,57.0,6765.25,360
6111,AirAsia,Kolkata,Hyderabad,09/02/2025,13:45,3h 1m,non-stop,BUSINESS,30.0,18091.51,1190
6112,Air India,Chennai,Cochin,01-May-2025,10:15,2h 5m,2 stops,Eco,6.0,4484.32,500
6113,,Chenai,Delhi,06/25/2025,7:00,2h 24m,Non Stop,Eco,30.0,12648.7,1760
6114,Spice Jet,Banglore,Mumbai,13/06/2025,17:15,4h 23m,,Biz,14.0,17098.29,840
6115,Vistara,Hyderabad,cochin,05/02/2025,21:15,1h 54m,1 Stop,Business,15.0,19392.16,700
6116,Spice Jet,Hyderabad,Chennai,2025-01-02,3:15,3h 28m,,Biz,49.0,9936.61,515
6117,GoAir,Chenai,Mumbai,02-Jul-2025,20:15,2h 47m,2+ stops,economy,46.0,7385.85,1030
6118,Vistara,Delhi,Mumbai,17/10/2025,10:30,1h 53m,2 stops,economy,43.0,8535.83,1150
6119,Spice Jet,Mumbai,Kolkata,04/26/2025,12:45,2h 10m,non-stop,Biz,15.0,33052.48,1650
6120,Air India,Kolkata,Delhi,02/20/2025,14:30,2h 52m,2 stops,Business,19.0,27729.3,1300
6121,IndiGo,Chennai,HYDERABAD,08/08/2025,3:45,6h 35m,1 Stop,BUSINESS,4.0,12687.57,515
6122,Go Air,Banglore,Hyderabad,26/07/2025,14:45,3h 32m,2 stops,,4.0,4323.61,500
6123,GoAir,Bangalore,Mumbai,21/05/2025,15:00,2h 26m,2 stops,Eco,8.0,6920.41,840
6124,Air India,Chenai,Kolkata,17-May-2025,20:30,4h 25m,Non Stop,BUSINESS,58.0,25599.28,1360
6125,Spice Jet,Delhi,Hyderabad,04/10/2025,14:15,0h 43m,1 stop,Eco,59.0,7941.48,1260
6126,SpiceJet,Chenai,Cochin,15/02/2025,23:15,0h 39m,1 Stop,Economy,25.0,3745.53,500
6127,Spice Jet,Chennai,Bangalore,11/11/2025,17:15,2h 28m,1 stop,Eco,52.0,2324.43,290
6128,AirAsia,Delhi,Chennai,29-Aug-2025,12:15,0h 34m,1 stop,Economy,53.0,9921.44,1760
6129,Spice Jet,Mumbai,Hyderabad,18-Sep-2025,0:30,5h 57m,2+ stops,Business,12.0,12483.26,620
6130,Air India,Delhi,Chennai,04/07/2025,0:45,7h 30m,2+ stops,Business,,44177.77,1760
6131,Vistara,Chenai,Delhi,29/05/2025,18:00,2h 12m,,Biz,5.0,43268.13,1760
6132,GoAir,Kolkata,Mumbai,13/02/2025,3:45,6h 34m,2+ stops,Eco,17.0,12231.96,1650
6133,indigo,MUMBAI,Bangalore,11/01/2025,23:00,1h 52m,Non Stop,BUSINESS,19.0,18219.79,840
6134,AirAsia,delhi,Chennai,2025-07-02,20:15,2h 19m,Non Stop,BUSINESS,44.0,30280.74,1760
6135,AIR INDIA,Bangalore,Delhi,26-Feb-2025,9:00,1h 0m,2 stops,Biz,19.0,38462.36,1740
6136,Vistara,Kolkata,cochin,2025-01-31,10:30,2h 11m,2+ stops,Biz,49.0,40120.79,1900
6137,indigo,MUMBAI,Delhi,20-Mar-2025,11:15,3h 8m,2+ stops,Economy,58.0,7862.69,1150
6138,SpiceJet,Hyderabad,cochin,01/06/2025,22:30,5h 11m,1 stop,Business,25.0,16652.89,700
6139,Spice Jet,Banglore,cochin,10/10/2025,3:15,0h 47m,,Biz,4.0,8198.53,360
6140,Air India,Banglore,Hyderabad,04/08/2025,17:15,3h 42m,1 Stop,economy,19.0,4458.65,500
6141,AIR INDIA,Hyderabad,Kolkata,11-Apr-2025,9:45,3h 13m,Non Stop,Biz,36.0,25085.78,1190
6142,indigo,Mumbai,Kolkata,06/11/2025,18:00,2h 2m,non-stop,Eco,4.0,11841.28,1650
6143,IndiGo,Hyderabad,Chennai,05/10/2025,2:15,4h 58m,non-stop,Business,3.0,12386.33,515
6144,Go Air,Chenai,Chennai,03/07/2025,0:00,4h 37m,1 stop,Economy,30.0,7022.59,1030
6145,GoAir,Chenai,Hyderabad,07/27/2025,0:45,3h 17m,1 stop,BUSINESS,15.0,11167.92,515
6146,AIR INDIA,MUMBAI,Bangalore,29/04/2025,0:30,2h 18m,non-stop,Biz,17.0,18521.15,840
6147,indigo,Bangalore,HYDERABAD,2025-11-26,10:30,1h 51m,2 stops,Economy,22.0,4558.05,500
6148,Spice Jet,MUMBAI,Mumbai,2025-07-20,23:00,1h 32m,Non Stop,Eco,33.0,7059.04,1030
6149,GoAir,Chennai,HYDERABAD,10-Sep-2025,19:15,3h 6m,non-stop,Business,29.0,10720.86,515
6150,Air India,delhi,Delhi,21/08/2025,9:15,1h 44m,,Biz,1.0,24178.71,1030
6151,Spice Jet,Kolkata,Mumbai,26/08/2025,22:45,3h 21m,,economy,38.0,11753.55,1650
6152,AIR INDIA,Banglore,Mumbai,2025-11-13,8:30,2h 42m,1 stop,economy,15.0,6841.78,840
6153,Spice Jet,Delhi,Hyderabad,04/13/2025,12:15,1h 0m,non-stop,Eco,22.0,8419.47,1260
6154,Vistara,Chenai,Bangalore,2025-12-23,0:30,1h 38m,2+ stops,economy,34.0,3080.09,290
6155,,delhi,Bangalore,10/19/2025,9:15,1h 16m,2+ stops,Economy,3.0,13370.75,1740
6156,AIR INDIA,Mumbai,Cochin,14-Dec-2025,23:15,3h 50m,,Business,1.0,21439.85,860
6157,indigo,Chenai,Mumbai,10/03/2025,20:15,2h 36m,Non Stop,Eco,41.0,7224.77,1030
6158,IndiGo,Hyderabad,Mumbai,05-Jan-2025,23:15,1h 21m,2+ stops,Economy,13.0,5375.16,620
6159,indigo,Mumbai,Hyderabad,2025-06-21,14:15,2h 58m,,,54.0,4376.22,620
6160,GoAir,Banglore,Kolkata,26-Apr-2025,9:15,1h 55m,2 stops,BUSINESS,46.0,33874.78,1560
6161,AIR INDIA,Hyderabad,Delhi,14/02/2025,14:15,2h 45m,,economy,51.0,8562.29,1260
6162,Go Air,MUMBAI,Cochin,2025-07-01,14:45,3h 13m,2+ stops,Business,1.0,21527.8,860
6163,AIR INDIA,Chenai,HYDERABAD,01/22/2025,9:30,1h 39m,Non Stop,economy,16.0,4505.89,515
6164,AIR INDIA,Hyderabad,HYDERABAD,30/08/2025,16:30,3h 50m,1 stop,Biz,11.0,27426.44,1030
6165,indigo,Hyderabad,Cochin,23-Oct-2025,12:15,2h 33m,,BUSINESS,1.0,14475.81,700
6166,AirAsia,Bangalore,Hyderabad,10/19/2025,11:15,3h 21m,,Economy,31.0,3452.11,500
6167,Spice Jet,Bangalore,Delhi,02/15/2025,1:15,5h 19m,2 stops,Biz,43.0,37956.45,1740
6168,GoAir,delhi,Cochin,2025-01-28,10:15,5h 12m,non-stop,,1.0,37374.36,2100
6169,indigo,Mumbai,Hyderabad,10-Jan-2025,0:30,2h 28m,2 stops,Business,2.0,13352.23,620
6170,Spice Jet,Kolkata,Mumbai,06/02/2025,20:15,1h 52m,1 Stop,BUSINESS,6.0,33685.96,1650
6171,Air India,Mumbai,Cochin,20/10/2025,1:45,3h 41m,non-stop,Economy,53.0,6367.34,860
6172,AIR INDIA,Kolkata,cochin,2025-02-20,17:45,2h 6m,2 stops,Economy,19.0,17017.2,1900
6173,Spice Jet,Banglore,Delhi,03/23/2025,18:00,1h 10m,2+ stops,Business,47.0,35072.11,1740
6174,Go Air,Hyderabad,HYDERABAD,07/16/2025,19:15,1h 50m,2+ stops,Eco,56.0,6783.16,1030
6175,indigo,Chennai,Hyderabad,05-Jun-2025,4:15,2h 20m,,BUSINESS,8.0,11900.1,515
6176,GoAir,Delhi,Chennai,2025-02-13,5:30,1h 7m,2 stops,BUSINESS,8.0,38554.33,1760
6177,Go Air,Bangalore,Mumbai,2025-05-28,0:15,1h 4m,1 stop,Business,45.0,16141.43,840
6178,SpiceJet,Banglore,Cochin,2025-05-01,22:45,1h 32m,2+ stops,Economy,39.0,2856.41,360
6179,AirAsia,Chenai,Bangalore,08/14/2025,14:30,2h 16m,Non Stop,Eco,58.0,1812.08,290
6180,Go Air,Banglore,Chennai,25/07/2025,0:15,2h 19m,1 Stop,Business,57.0,5292.36,290
6181,IndiGo,MUMBAI,Hyderabad,2025-07-03,22:15,2h 39m,2 stops,economy,13.0,5576.41,620
6182,AirAsia,Delhi,Chennai,06/06/2025,14:30,1h 36m,1 Stop,Eco,56.0,10585.86,1760
6183,AIR INDIA,Hyderabad,Mumbai,10/06/2025,0:45,3h 2m,2+ stops,Business,14.0,15802.43,620
6184,IndiGo,Hyderabad,Cochin,13-Oct-2025,0:00,3h 47m,2 stops,Biz,,16629.6,700
6185,AIR INDIA,Chennai,HYDERABAD,06/17/2025,19:15,7h 49m,non-stop,Business,15.0,11503.42,515
6186,AIR INDIA,Kolkata,Hyderabad,25-Sep-2025,19:15,1h 1m,2+ stops,Business,47.0,27271.85,1190
6187,Go Air,Chenai,cochin,2025-08-28,23:45,1h 37m,,Business,37.0,9849.92,500
6188,IndiGo,Kolkata,Chennai,2025-05-18,3:15,4h 2m,Non Stop,Business,48.0,25309.29,1360
6189,Spice Jet,MUMBAI,Chennai,06/05/2025,3:00,2h 3m,2+ stops,economy,11.0,8150.11,1030
6190,AirAsia,Delhi,Hyderabad,09/06/2025,15:00,3h 34m,1 Stop,BUSINESS,32.0,23449.72,1260
6191,AirAsia,Chennai,Delhi,2025-04-22,7:45,3h 30m,Non Stop,Economy,60.0,9245.13,1760
6192,Spice Jet,MUMBAI,Bangalore,12/04/2025,10:15,3h 8m,2 stops,Biz,30.0,17813.24,840
6193,IndiGo,delhi,HYDERABAD,14/05/2025,1:30,1h 18m,non-stop,BUSINESS,21.0,23673.82,1260
6194,AirAsia,Banglore,HYDERABAD,2025-12-11,1:15,3h 35m,1 stop,Economy,22.0,3776.31,500
6195,indigo,MUMBAI,Bangalore,12/26/2025,2:30,,2 stops,economy,4.0,7477.04,840
6196,indigo,Chenai,Delhi,2025-05-10,5:00,3h 25m,2 stops,BUSINESS,4.0,40223.58,1760
6197,SpiceJet,Chenai,Chennai,07/26/2025,5:15,4h 2m,non-stop,economy,33.0,6492.22,1030
6198,indigo,Hyderabad,Kolkata,10/18/2025,14:00,2h 35m,,Business,,24714.7,1190
6199,indigo,Chennai,Kolkata,2025-06-26,19:45,1h 13m,2 stops,,39.0,9346.66,1360
6200,AirAsia,Delhi,Hyderabad,29/04/2025,10:45,6h 17m,,Economy,21.0,9094.3,1260
6201,Vistara,Delhi,HYDERABAD,15/09/2025,10:15,3h 1m,non-stop,Eco,11.0,10165.8,1260
6202,AirAsia,Bangalore,cochin,2025-01-11,8:30,1h 53m,2 stops,Eco,5.0,3210.28,360
6203,Vistara,Hyderabad,Mumbai,06/07/2025,4:00,,1 Stop,BUSINESS,,15711.81,620
6204,AIR INDIA,Chenai,Mumbai,11-Dec-2025,19:00,1h 56m,2 stops,economy,9.0,8754.53,1030
6205,AIR INDIA,Chenai,Delhi,19/02/2025,2:00,2h 59m,2 stops,economy,34.0,14541.53,1760
6206,Spice Jet,delhi,Cochin,29-Oct-2025,10:00,5h 8m,,Eco,19.0,14433.93,2100
6207,GoAir,Bangalore,Mumbai,2025-05-08,22:30,1h 48m,,Biz,16.0,17104.31,840
6208,indigo,Kolkata,Delhi,13/12/2025,1:00,1h 30m,1 Stop,,45.0,8732.72,1300
6209,Vistara,delhi,Cochin,16/09/2025,23:00,2h 9m,,Economy,3.0,18551.41,2100
6210,SpiceJet,Chenai,HYDERABAD,2025-12-22,9:15,5h 2m,1 stop,Business,1.0,12551.95,515
6211,Air India,Banglore,Cochin,07/04/2025,21:15,0h 42m,1 Stop,Eco,29.0,3144.79,360
6212,IndiGo,Kolkata,cochin,2025-06-15,15:30,4h 30m,2+ stops,Biz,51.0,42786.27,1900
6213,Spice Jet,Banglore,Delhi,08/07/2025,16:00,4h 8m,1 Stop,economy,26.0,12735.26,1740
6214,Air India,Chenai,Hyderabad,15/11/2025,19:00,2h 21m,1 stop,economy,25.0,4482.05,515
6215,AIR INDIA,Mumbai,Delhi,03/04/2025,12:45,1h 21m,1 stop,economy,26.0,8363.03,1150
6216,indigo,MUMBAI,HYDERABAD,13/07/2025,19:45,3h 1m,,economy,25.0,5334.6,620
6217,GoAir,Chenai,Chennai,23-Jan-2025,21:45,3h 57m,1 Stop,Biz,17.0,23241.9,1030
6218,IndiGo,Chennai,Mumbai,07-Jun-2025,23:45,3h 6m,2 stops,Eco,57.0,7246.19,1030
6219,Vistara,Bangalore,Mumbai,07/07/2025,13:00,2h 4m,,Business,60.0,17752.13,840
6220,Vistara,MUMBAI,Chennai,27/10/2025,3:15,0h 51m,1 Stop,BUSINESS,41.0,24141.71,1030
6221,AIR INDIA,Hyderabad,Chennai,2025-03-30,20:15,0h 33m,Non Stop,BUSINESS,28.0,11669.02,515
6222,Spice Jet,Banglore,Bangalore,17-Aug-2025,12:45,2h 49m,,Eco,44.0,6872.39,1030
6223,indigo,Hyderabad,Bangalore,16-Aug-2025,13:45,1h 42m,,Eco,29.0,3564.07,500
6224,Go Air,Chenai,Chennai,03/26/2025,9:45,1h 19m,,Eco,52.0,6662.17,1030
6225,Vistara,delhi,Delhi,06/10/2025,11:45,2h 31m,1 Stop,BUSINESS,30.0,24951.25,1030
6226,Vistara,Banglore,Kolkata,05/26/2025,16:00,3h 42m,,BUSINESS,49.0,36060.75,1560
6227,IndiGo,MUMBAI,Bangalore,07/06/2025,11:15,1h 11m,Non Stop,,53.0,5641.65,840
6228,Air India,Bangalore,Chennai,14/10/2025,5:30,1h 51m,,Business,26.0,6819.44,290
6229,Go Air,MUMBAI,Delhi,2025-03-12,1:45,2h 21m,2 stops,Biz,23.0,25217.07,1150
6230,indigo,Banglore,HYDERABAD,28/05/2025,11:45,5h 30m,Non Stop,Biz,6.0,11270.85,500
6231,Air India,Hyderabad,Delhi,30/03/2025,1:15,4h 28m,1 Stop,Business,55.0,25912.52,1260
6232,GoAir,Delhi,cochin,2025-04-25,7:15,1h 33m,Non Stop,Business,42.0,37059.22,2100
6233,Air India,Kolkata,Bangalore,28-Oct-2025,13:15,,1 stop,economy,9.0,11464.41,1560
6234,Go Air,delhi,Kolkata,10/01/2025,1:00,1h 10m,2+ stops,,26.0,9348.24,1300
6235,Air India,Kolkata,HYDERABAD,06/08/2025,12:15,11h 17m,,BUSINESS,40.0,28025.81,1190
6236,Vistara,Mumbai,Delhi,24/08/2025,13:15,2h 30m,Non Stop,BUSINESS,28.0,26436.35,1150
6237,Vistara,Kolkata,Mumbai,2025-12-18,5:00,1h 13m,1 stop,economy,44.0,13669.02,1650
6238,GoAir,Banglore,HYDERABAD,09/10/2025,2:00,2h 46m,Non Stop,economy,48.0,3359.09,500
6239,indigo,Kolkata,cochin,19/08/2025,11:15,6h 28m,1 Stop,Business,56.0,38105.89,1900
6240,SpiceJet,Hyderabad,Mumbai,16-Oct-2025,12:00,2h 0m,non-stop,economy,,4510.35,620
6241,Spice Jet,Chennai,HYDERABAD,28-Aug-2025,4:45,5h 4m,non-stop,Biz,23.0,11991.42,515
6242,AirAsia,Hyderabad,cochin,16/10/2025,11:30,2h 40m,1 stop,Biz,17.0,14013.16,700
6243,SpiceJet,Hyderabad,Mumbai,15/04/2025,12:00,1h 51m,2+ stops,Business,27.0,12808.46,620
6244,IndiGo,Chenai,cochin,10/19/2025,10:45,2h 40m,1 Stop,economy,46.0,,500
6245,SpiceJet,Delhi,cochin,2025-01-01,0:30,2h 13m,1 stop,Business,28.0,46258.46,2100
6246,GoAir,Chennai,HYDERABAD,01/21/2025,6:30,2h 41m,,Biz,19.0,10426.4,515
6247,,MUMBAI,Kolkata,2025-10-25,13:00,1h 8m,,BUSINESS,5.0,38376.66,1650
6248,Go Air,delhi,Chennai,19-Nov-2025,16:15,1h 54m,2+ stops,economy,57.0,12553.36,1760
6249,AirAsia,Kolkata,Bangalore,2025-01-26,6:15,1h 52m,1 stop,Economy,42.0,10313.1,1560
6250,Vistara,Hyderabad,Chennai,06-Jan-2025,3:30,5h 20m,1 stop,Business,47.0,12116.84,515
6251,IndiGo,Kolkata,HYDERABAD,22/01/2025,12:00,5h 14m,2 stops,economy,39.0,8639.5,1190
6252,GoAir,Chenai,Delhi,2025-02-11,19:15,1h 43m,1 Stop,Business,9.0,35751.6,1760
6253,,MUMBAI,Mumbai,2025-10-30,2:00,1h 55m,non-stop,Economy,3.0,7894.18,1030
6254,Air India,delhi,Bangalore,18-Mar-2025,13:45,1h 8m,2 stops,Biz,5.0,45690.08,1740
6255,AirAsia,delhi,Delhi,10/05/2025,6:30,2h 49m,2+ stops,economy,42.0,7324.64,1030
6256,IndiGo,delhi,Hyderabad,03/01/2025,21:00,2h 41m,2 stops,Business,22.0,27414.93,1260
6257,Spice Jet,Kolkata,Chennai,08/27/2025,7:45,3h 16m,1 Stop,Biz,14.0,29164.26,1360
6258,Spice Jet,Banglore,HYDERABAD,28/04/2025,2:30,1h 36m,1 Stop,Business,26.0,10793.25,500
6259,Spice Jet,delhi,Cochin,03/07/2025,20:45,1h 26m,,Biz,8.0,44779.71,2100
6260,indigo,MUMBAI,Delhi,03/14/2025,19:30,,,Biz,18.0,23656.62,1150
6261,AIR INDIA,Delhi,Chennai,08/23/2025,6:45,3h 22m,2 stops,Economy,18.0,14415.44,1760
6262,SpiceJet,Delhi,Hyderabad,08/02/2025,2:45,1h 23m,1 Stop,BUSINESS,38.0,25787.18,1260
6263,Vistara,Kolkata,Mumbai,05/24/2025,15:15,2h 8m,Non Stop,Economy,23.0,11723.42,1650
6264,Go Air,MUMBAI,Hyderabad,05/30/2025,2:15,4h 6m,Non Stop,economy,36.0,3804.72,620
6265,Spice Jet,Mumbai,cochin,18/12/2025,21:45,0h 50m,2+ stops,Economy,10.0,7357.32,860
6266,Air India,Hyderabad,Kolkata,07/24/2025,13:15,1h 40m,,BUSINESS,1.0,29763.11,1190
6267,SpiceJet,delhi,Delhi,2025-07-24,9:00,5h 17m,2+ stops,BUSINESS,19.0,24043.14,1030
6268,Go Air,Hyderabad,Chennai,03/29/2025,7:45,3h 41m,1 stop,Biz,40.0,9498.51,515
6269,AIR INDIA,Chennai,Cochin,16-Jun-2025,11:45,2h 42m,Non Stop,Eco,,4227.24,500
6270,Go Air,MUMBAI,Kolkata,08/15/2025,14:45,0h 56m,Non Stop,BUSINESS,45.0,29704.03,1650
6271,AirAsia,Chennai,Delhi,2025-08-09,3:15,1h 37m,,economy,29.0,10202.59,1760
6272,Air India,MUMBAI,Kolkata,16/06/2025,3:00,0h 56m,2 stops,Eco,22.0,14480.4,1650
6273,AirAsia,MUMBAI,Mumbai,23-Jul-2025,1:00,3h 0m,Non Stop,Eco,9.0,7022.72,1030
6274,Spice Jet,Banglore,Kolkata,2025-10-24,18:15,1h 29m,,Eco,47.0,9822.42,1560
6275,GoAir,MUMBAI,Delhi,2025-08-23,16:45,1h 52m,1 Stop,Eco,17.0,7830.59,1150
6276,GoAir,Chennai,HYDERABAD,29-Apr-2025,23:30,1h 57m,non-stop,Eco,37.0,3095.25,515
6277,AirAsia,delhi,cochin,07-Apr-2025,8:45,2h 44m,Non Stop,Biz,6.0,41476.55,2100
6278,AIR INDIA,Bangalore,HYDERABAD,10/17/2025,4:15,1h 33m,Non Stop,Eco,,4006.58,500
6279,GoAir,MUMBAI,Bangalore,2025-03-29,11:30,6h 19m,2 stops,economy,39.0,6199.87,840
6280,Spice Jet,MUMBAI,Kolkata,03/21/2025,19:45,1h 40m,,Economy,15.0,12466.71,1650
6281,SpiceJet,Hyderabad,Mumbai,28-Jan-2025,11:45,1h 13m,2 stops,economy,59.0,3894.01,620
6282,Vistara,Chenai,Cochin,05/23/2025,19:00,2h 36m,non-stop,Economy,16.0,4156.66,500
6283,Go Air,Delhi,Chennai,05/05/2025,18:30,4h 30m,2+ stops,BUSINESS,36.0,34663.15,1760
6284,SpiceJet,MUMBAI,Hyderabad,2025-12-24,8:15,1h 18m,,economy,39.0,4243.99,620
6285,AIR INDIA,Banglore,HYDERABAD,12/02/2025,23:15,1h 26m,1 Stop,BUSINESS,50.0,10908.6,500
6286,AIR INDIA,Banglore,Bangalore,2025-09-03,3:15,1h 8m,non-stop,Biz,28.0,22896.83,1030
6287,SpiceJet,Mumbai,Chennai,01-Sep-2025,13:15,1h 36m,,economy,28.0,6993.0,1030
6288,IndiGo,Hyderabad,Bangalore,06-Nov-2025,23:00,1h 6m,2+ stops,economy,1.0,4149.61,500
6289,Go Air,Chennai,Kolkata,20-Aug-2025,12:15,3h 34m,1 stop,Eco,26.0,10277.89,1360
6290,Air India,delhi,Cochin,21/07/2025,20:30,1h 28m,non-stop,Biz,56.0,47756.12,2100
6291,IndiGo,Chenai,HYDERABAD,2025-11-23,22:45,2h 58m,,Business,47.0,10696.63,515
6292,Vistara,Banglore,Kolkata,11-May-2025,5:30,5h 56m,1 Stop,Economy,42.0,11793.05,1560
6293,GoAir,delhi,Chennai,2025-05-12,2:30,4h 14m,,BUSINESS,4.0,39856.56,1760
6294,indigo,delhi,Mumbai,27-Mar-2025,4:00,3h 44m,Non Stop,BUSINESS,40.0,20593.91,1150
6295,GoAir,Hyderabad,Kolkata,02/10/2025,8:45,1h 33m,non-stop,Biz,32.0,21564.89,1190
6296,Vistara,Chennai,cochin,2025-11-18,2:45,1h 18m,2 stops,Business,47.0,11313.09,500
6297,Vistara,Chenai,Bangalore,2025-10-23,19:30,3h 34m,1 stop,Biz,30.0,6749.18,290
6298,SpiceJet,Mumbai,Chennai,27-Nov-2025,13:45,2h 0m,2 stops,Eco,6.0,7757.03,1030
6299,Vistara,MUMBAI,Cochin,02-Mar-2025,11:15,0h 58m,2 stops,Biz,40.0,19335.01,860
6300,AIR INDIA,Hyderabad,Kolkata,07/04/2025,14:00,3h 28m,Non Stop,Eco,32.0,8951.23,1190
6301,Vistara,delhi,Delhi,13-Sep-2025,18:45,1h 30m,2 stops,economy,17.0,8940.85,1030
6302,Air India,Mumbai,Bangalore,27/10/2025,0:15,0h 49m,,Business,35.0,17994.46,840
6303,Spice Jet,delhi,Delhi,16-Jul-2025,14:00,1h 17m,2+ stops,Biz,54.0,20278.53,1030
6304,Vistara,Chenai,Cochin,18/10/2025,4:30,1h 49m,2 stops,,16.0,12696.19,500
6305,indigo,Delhi,cochin,09-Feb-2025,16:45,3h 24m,,economy,26.0,15822.75,2100
6306,indigo,Banglore,Bangalore,03/06/2025,4:00,2h 2m,non-stop,economy,2.0,7643.14,1030
6307,Spice Jet,Chennai,Mumbai,18/03/2025,3:15,3h 25m,1 Stop,,43.0,7376.9,1030
6308,Go Air,Banglore,HYDERABAD,2025-07-07,8:00,3h 21m,1 Stop,BUSINESS,57.0,9730.78,500
6309,indigo,MUMBAI,HYDERABAD,21-Jan-2025,14:00,2h 33m,2+ stops,Biz,41.0,14367.96,620
6310,SpiceJet,Delhi,Bangalore,25/12/2025,17:45,7h 52m,Non Stop,Biz,59.0,33391.56,1740
6311,Air India,MUMBAI,Delhi,16/07/2025,7:15,2h 22m,,Biz,48.0,23031.32,1150
6312,AirAsia,MUMBAI,Bangalore,08/02/2025,4:00,3h 5m,2+ stops,economy,2.0,6407.93,840
6313,GoAir,Banglore,Cochin,06-Feb-2025,7:45,,2 stops,economy,16.0,3184.28,360
6314,AirAsia,Hyderabad,Kolkata,16-Feb-2025,12:45,1h 53m,1 stop,Eco,22.0,7801.37,1190
6315,GoAir,delhi,Bangalore,11/06/2025,15:45,2h 6m,1 stop,Economy,48.0,9120.31,1740
6316,Go Air,Mumbai,HYDERABAD,04/09/2025,8:15,2h 0m,Non Stop,BUSINESS,9.0,12269.0,620
6317,AIR INDIA,Chenai,Mumbai,18-Oct-2025,15:30,2h 49m,non-stop,economy,49.0,7481.74,1030
6318,Spice Jet,Delhi,Mumbai,12/03/2025,0:15,5h 6m,2 stops,economy,40.0,7001.86,1150
6319,AirAsia,Chennai,HYDERABAD,04/29/2025,13:15,6h 0m,2+ stops,Eco,15.0,4747.9,515
6320,AIR INDIA,Chenai,Kolkata,11/02/2025,16:45,2h 32m,1 Stop,Eco,42.0,9771.04,1360
6321,Vistara,MUMBAI,Delhi,2025-06-26,22:30,3h 30m,1 stop,Economy,51.0,9057.41,1150
6322,SpiceJet,Bangalore,Kolkata,03/23/2025,6:45,3h 24m,,Biz,36.0,30049.98,1560
6323,IndiGo,Bangalore,Kolkata,26-Jun-2025,18:30,2h 13m,non-stop,Economy,25.0,9979.73,1560
6324,Spice Jet,Hyderabad,Kolkata,26/07/2025,23:30,6h 57m,1 stop,BUSINESS,6.0,23963.74,1190
6325,Air India,Chenai,Delhi,13/06/2025,5:45,3h 13m,1 Stop,BUSINESS,57.0,34583.21,1760
6326,Spice Jet,Banglore,HYDERABAD,2025-04-09,7:45,1h 53m,2+ stops,Biz,39.0,,500
6327,SpiceJet,MUMBAI,HYDERABAD,21/07/2025,2:00,4h 54m,1 Stop,Eco,11.0,4906.58,620
6328,,Mumbai,Delhi,20-Oct-2025,21:00,1h 38m,,BUSINESS,22.0,23750.29,1150
6329,IndiGo,Chennai,Cochin,31-Aug-2025,8:15,4h 2m,Non Stop,Economy,8.0,3874.33,500
6330,Go Air,MUMBAI,Mumbai,12/24/2025,16:15,3h 4m,non-stop,Eco,7.0,7728.24,1030
6331,IndiGo,Kolkata,Chennai,20-Aug-2025,7:00,0h 57m,1 Stop,Economy,37.0,10306.94,1360
6332,Vistara,MUMBAI,cochin,07-Feb-2025,14:15,2h 40m,Non Stop,Economy,45.0,7018.56,860
6333,,Chenai,Chennai,25-Mar-2025,3:30,0h 48m,1 stop,economy,41.0,7383.61,1030
6334,indigo,Chenai,Kolkata,2025-02-15,20:45,2h 41m,2+ stops,Economy,5.0,11501.35,1360
6335,AIR INDIA,Chennai,Mumbai,10/27/2025,20:45,1h 55m,non-stop,economy,31.0,7139.23,1030
6336,IndiGo,Bangalore,Delhi,2025-06-04,20:00,0h 54m,,Eco,30.0,12065.56,1740
6337,SpiceJet,Kolkata,Chennai,15-Jun-2025,11:15,2h 16m,2+ stops,Eco,47.0,9224.47,1360
6338,SpiceJet,Mumbai,Chennai,06-Apr-2025,16:15,5h 50m,non-stop,BUSINESS,39.0,17382.96,1030
6339,Air India,delhi,HYDERABAD,2025-10-31,18:15,3h 18m,Non Stop,BUSINESS,55.0,27045.3,1260
6340,GoAir,Bangalore,HYDERABAD,09/10/2025,22:45,3h 48m,,Economy,20.0,3718.89,500
6341,Air India,Hyderabad,HYDERABAD,2025-05-18,21:15,2h 10m,non-stop,economy,42.0,8041.73,1030
6342,SpiceJet,Delhi,Chennai,01/01/2025,23:30,2h 32m,non-stop,Eco,26.0,12168.17,1760
6343,Go Air,Mumbai,Chennai,05/20/2025,17:00,4h 13m,2 stops,economy,41.0,7517.75,1030
6344,,Delhi,Kolkata,2025-08-07,3:30,1h 45m,2 stops,Biz,32.0,29112.07,1300
6345,Vistara,delhi,HYDERABAD,18/11/2025,15:15,3h 10m,non-stop,Economy,13.0,9842.28,1260
6346,GoAir,Bangalore,Delhi,30/12/2025,10:30,2h 46m,1 stop,,22.0,13143.45,1740
6347,Spice Jet,Chenai,Hyderabad,2025-09-23,6:30,,2+ stops,BUSINESS,45.0,10903.37,515
6348,Air India,Chenai,Bangalore,2025-10-08,21:45,2h 21m,1 stop,economy,15.0,2763.04,290
6349,SpiceJet,Chennai,Hyderabad,21/11/2025,20:45,4h 28m,,Eco,15.0,3995.32,515
6350,AirAsia,Kolkata,Cochin,12-May-2025,11:30,0h 57m,,Eco,22.0,11615.61,1900
6351,IndiGo,Banglore,Hyderabad,05/04/2025,19:30,5h 1m,,Business,40.0,11000.56,500
6352,AirAsia,Chenai,cochin,10/22/2025,8:15,1h 58m,2+ stops,economy,47.0,3681.95,500
6353,SpiceJet,Banglore,HYDERABAD,2025-12-15,13:30,4h 31m,Non Stop,BUSINESS,35.0,9403.74,500
6354,Go Air,Hyderabad,cochin,04/05/2025,18:00,4h 24m,1 stop,Eco,5.0,4956.57,700
6355,IndiGo,Chenai,cochin,12/04/2025,0:00,5h 7m,1 Stop,BUSINESS,36.0,9992.02,500
6356,AirAsia,Banglore,HYDERABAD,28/02/2025,20:00,2h 17m,1 stop,BUSINESS,48.0,9911.95,500
6357,Air India,Kolkata,cochin,2025-03-10,18:15,0h 57m,1 Stop,Economy,48.0,13184.56,1900
6358,GoAir,delhi,Bangalore,2025-04-07,14:30,0h 46m,2+ stops,Eco,51.0,11422.88,1740
6359,SpiceJet,Chenai,Bangalore,2025-04-17,2:15,3h 17m,2+ stops,economy,37.0,2798.65,290
6360,Air India,Delhi,HYDERABAD,28/01/2025,0:45,3h 2m,2 stops,Eco,10.0,10055.2,1260
6361,Air India,Delhi,Hyderabad,13/04/2025,19:30,,2+ stops,Biz,,29526.33,1260
6362,Air India,Delhi,Chennai,09/24/2025,12:45,3h 32m,,Biz,39.0,36817.68,1760
6363,IndiGo,Mumbai,Kolkata,26/02/2025,9:15,4h 45m,,BUSINESS,2.0,40743.35,1650
6364,indigo,Mumbai,Cochin,14/12/2025,12:00,2h 37m,non-stop,Economy,32.0,6832.31,860
6365,IndiGo,Chennai,Bangalore,22/07/2025,14:30,6h 55m,,Biz,12.0,7458.21,290
6366,Go Air,Kolkata,Hyderabad,11/10/2025,19:15,0h 49m,2 stops,Biz,56.0,23370.17,1190
6367,indigo,Mumbai,Bangalore,23/08/2025,18:30,1h 50m,2 stops,Eco,33.0,6155.02,840
6368,IndiGo,Kolkata,Delhi,10-Feb-2025,21:45,0h 58m,Non Stop,economy,2.0,10629.75,1300
6369,AIR INDIA,delhi,Mumbai,24/12/2025,12:00,1h 36m,1 stop,,57.0,8407.84,1150
6370,Air India,Hyderabad,Cochin,2025-10-07,10:15,2h 31m,2 stops,economy,22.0,6315.41,700
6371,Spice Jet,Bangalore,cochin,09/04/2025,11:30,2h 14m,1 stop,Business,6.0,7899.34,360
6372,IndiGo,Bangalore,Chennai,08/19/2025,1:00,1h 11m,1 Stop,Eco,21.0,,290
6373,Air India,Mumbai,Chennai,10/05/2025,18:15,1h 14m,1 Stop,BUSINESS,4.0,27301.02,1030
6374,Go Air,Chenai,Delhi,23/06/2025,14:30,3h 22m,1 Stop,Economy,13.0,12684.15,1760
6375,IndiGo,Mumbai,HYDERABAD,2025-12-04,0:45,0h 46m,non-stop,Biz,25.0,13778.01,620
6376,Vistara,Hyderabad,Kolkata,2025-01-27,11:45,5h 13m,non-stop,Business,15.0,28400.63,1190
6377,Spice Jet,Mumbai,Delhi,2025-03-07,6:00,1h 29m,2+ stops,Eco,17.0,8358.4,1150
6378,AIR INDIA,Hyderabad,Bangalore,22/03/2025,4:15,1h 36m,2 stops,economy,25.0,4168.72,500
6379,IndiGo,Chenai,Delhi,02/07/2025,17:45,5h 22m,1 stop,Economy,12.0,13463.43,1760
6380,AIR INDIA,Banglore,Mumbai,11/04/2025,5:30,0h 51m,Non Stop,Economy,60.0,5575.43,840
6381,Air India,Kolkata,Bangalore,01/12/2025,6:30,1h 0m,1 stop,Eco,11.0,11650.79,1560
6382,Vistara,Delhi,Bangalore,22/09/2025,20:45,0h 37m,,Economy,60.0,13452.5,1740
6383,GoAir,Kolkata,cochin,2025-07-13,2:00,3h 43m,1 Stop,Biz,37.0,34957.19,1900
6384,Vistara,Kolkata,Hyderabad,05/05/2025,18:00,2h 10m,1 stop,Economy,59.0,8923.61,1190
6385,indigo,Kolkata,Hyderabad,28-Sep-2025,11:15,1h 33m,2 stops,Economy,7.0,9600.64,1190
6386,Vistara,Delhi,Cochin,04/09/2025,17:45,6h 15m,,Economy,57.0,15161.17,2100
6387,,Chenai,Chennai,06/07/2025,16:45,3h 1m,Non Stop,Biz,49.0,21411.39,1030
6388,SpiceJet,Kolkata,Mumbai,2025-01-25,7:45,0h 50m,2 stops,Eco,14.0,11209.33,1650
6389,GoAir,Kolkata,HYDERABAD,20-Sep-2025,21:15,1h 17m,,Biz,4.0,25091.07,1190
6390,Air India,Chennai,cochin,2025-02-19,12:45,2h 28m,Non Stop,economy,7.0,4313.43,500
6391,AIR INDIA,Delhi,Cochin,2025-06-24,15:00,3h 37m,2 stops,BUSINESS,34.0,48409.91,2100
6392,Vistara,delhi,Mumbai,2025-03-20,5:30,3h 20m,non-stop,Business,23.0,24281.99,1150
6393,SpiceJet,Hyderabad,cochin,20-Oct-2025,18:00,3h 16m,2 stops,economy,2.0,5969.77,700
6394,AIR INDIA,Mumbai,Hyderabad,11-Nov-2025,14:15,4h 59m,,Biz,11.0,15845.35,620
6395,Go Air,Mumbai,cochin,12/13/2025,6:15,2h 35m,2 stops,BUSINESS,54.0,15812.51,860
6396,Air India,Delhi,Hyderabad,10/20/2025,14:45,4h 7m,1 Stop,Eco,15.0,10766.48,1260
6397,SpiceJet,Banglore,Kolkata,2025-11-16,9:45,1h 45m,2+ stops,economy,5.0,12462.85,1560
6398,indigo,Delhi,Kolkata,06-Mar-2025,0:00,1h 38m,Non Stop,Biz,19.0,24647.26,1300
6399,indigo,MUMBAI,Delhi,28/11/2025,10:15,,1 Stop,,24.0,8100.89,1150
6400,GoAir,Kolkata,HYDERABAD,2025-04-30,22:45,1h 15m,,Business,52.0,23184.86,1190
6401,Air India,Banglore,cochin,12/21/2025,5:30,2h 13m,non-stop,BUSINESS,18.0,8508.28,360
6402,Vistara,Delhi,Bangalore,17-Apr-2025,2:45,3h 43m,non-stop,BUSINESS,20.0,38545.01,1740
6403,Go Air,Bangalore,Delhi,03-Feb-2025,7:45,1h 34m,Non Stop,economy,36.0,10265.3,1740
6404,indigo,MUMBAI,Hyderabad,05-Oct-2025,8:30,1h 33m,non-stop,Business,43.0,11766.68,620
6405,GoAir,Banglore,cochin,15/05/2025,11:15,2h 53m,,,1.0,2923.65,360
6406,Spice Jet,MUMBAI,HYDERABAD,12/19/2025,22:15,1h 53m,1 Stop,Business,5.0,12672.52,620
6407,SpiceJet,delhi,Mumbai,04-Jun-2025,10:30,1h 59m,Non Stop,Economy,,6803.02,1150
6408,SpiceJet,Chennai,Mumbai,12-Oct-2025,3:15,1h 31m,2+ stops,Eco,25.0,8304.96,1030
6409,Air India,Chennai,HYDERABAD,22-Nov-2025,18:00,2h 1m,1 Stop,Biz,33.0,12449.7,515
6410,AirAsia,Mumbai,Kolkata,01/12/2025,5:15,2h 56m,2+ stops,BUSINESS,52.0,,1650
6411,AirAsia,MUMBAI,Kolkata,06-May-2025,14:45,1h 59m,2+ stops,economy,27.0,11660.62,1650
6412,IndiGo,Bangalore,Chennai,09/15/2025,14:45,2h 33m,non-stop,Biz,16.0,6064.93,290
6413,Vistara,Hyderabad,cochin,09/13/2025,19:15,0h 52m,non-stop,economy,,5392.87,700
6414,SpiceJet,Chenai,Bangalore,21-Jul-2025,4:45,1h 0m,1 Stop,economy,56.0,2067.93,290
6415,AIR INDIA,Delhi,Bangalore,28/03/2025,7:15,1h 45m,Non Stop,Economy,35.0,12229.63,1740
6416,Spice Jet,Bangalore,cochin,2025-04-29,22:30,3h 0m,non-stop,Economy,12.0,3238.42,360
6417,Go Air,Kolkata,HYDERABAD,07/19/2025,6:45,4h 15m,non-stop,Biz,59.0,20091.16,1190
6418,IndiGo,delhi,Kolkata,11/20/2025,5:30,10h 31m,,economy,24.0,9754.16,1300
6419,IndiGo,Hyderabad,cochin,31-Dec-2025,2:00,6h 1m,1 stop,BUSINESS,31.0,14435.37,700
6420,GoAir,Kolkata,Delhi,20/10/2025,21:30,0h 54m,2 stops,Biz,29.0,27926.99,1300
6421,IndiGo,MUMBAI,cochin,2025-10-09,13:15,2h 40m,2+ stops,Biz,3.0,18997.39,860
6422,AirAsia,Bangalore,Hyderabad,25-Apr-2025,6:00,4h 44m,2 stops,Eco,24.0,3779.13,500
6423,AirAsia,Chenai,Bangalore,18/05/2025,2:30,6h 8m,1 stop,economy,26.0,2857.1,290
6424,Vistara,delhi,Bangalore,2025-03-22,10:00,1h 55m,1 stop,Biz,10.0,43225.12,1740
6425,AirAsia,Bangalore,Delhi,21/10/2025,21:00,5h 25m,1 Stop,Economy,10.0,12191.43,1740
6426,AirAsia,Bangalore,Kolkata,08-Jan-2025,3:30,4h 1m,2 stops,economy,30.0,12005.17,1560
6427,SpiceJet,Chenai,Chennai,20/09/2025,6:00,1h 49m,1 stop,Economy,,7229.67,1030
6428,IndiGo,Delhi,cochin,23-Feb-2025,7:45,1h 39m,1 stop,Economy,36.0,13919.33,2100
6429,Vistara,MUMBAI,Mumbai,12/11/2025,3:00,1h 9m,2 stops,economy,30.0,8454.99,1030
6430,Spice Jet,Hyderabad,Bangalore,17-Mar-2025,18:00,1h 3m,2+ stops,Eco,2.0,3881.81,500
6431,SpiceJet,Delhi,Chennai,2025-06-01,5:45,2h 54m,,Eco,28.0,12930.46,1760
6432,GoAir,Delhi,Bangalore,11-Apr-2025,19:45,1h 39m,,,,34758.1,1740
6433,Go Air,Kolkata,Bangalore,02/15/2025,22:15,3h 6m,2 stops,Eco,38.0,11386.6,1560
6434,AirAsia,Banglore,HYDERABAD,12-May-2025,0:45,0h 58m,non-stop,Biz,23.0,10040.78,500
6435,Vistara,Kolkata,Bangalore,2025-12-21,3:45,2h 15m,non-stop,Business,50.0,32052.2,1560
6436,SpiceJet,Chennai,Mumbai,02/03/2025,12:15,1h 59m,Non Stop,Biz,36.0,18237.23,1030
6437,AIR INDIA,Delhi,Bangalore,08/20/2025,6:00,1h 30m,1 stop,economy,4.0,14126.59,1740
6438,Spice Jet,Delhi,Bangalore,04/24/2025,2:30,2h 22m,1 stop,Economy,44.0,10754.04,1740
6439,Vistara,Chenai,Bangalore,11/04/2025,5:30,3h 29m,2+ stops,Biz,38.0,7736.44,290
6440,indigo,Banglore,Mumbai,03/11/2025,14:15,2h 0m,1 stop,BUSINESS,,18876.59,840
6441,Go Air,Bangalore,Cochin,2025-01-07,16:15,5h 17m,,Eco,18.0,3081.29,360
6442,GoAir,Bangalore,Hyderabad,06/11/2025,4:45,1h 57m,non-stop,BUSINESS,56.0,8999.71,500
6443,Go Air,Chenai,Bangalore,09/03/2025,7:30,2h 9m,1 stop,Eco,8.0,2408.18,290
6444,SpiceJet,delhi,Cochin,19-Jul-2025,14:30,5h 49m,Non Stop,Biz,45.0,40168.72,2100
6445,indigo,Hyderabad,HYDERABAD,04/28/2025,20:45,1h 34m,1 stop,economy,13.0,7471.34,1030
6446,indigo,Hyderabad,Kolkata,2025-03-23,9:00,3h 29m,2+ stops,Biz,40.0,22883.84,1190
6447,AirAsia,delhi,Bangalore,02/02/2025,4:00,1h 54m,1 stop,Biz,35.0,33017.38,1740
6448,IndiGo,Banglore,Bangalore,2025-05-01,15:00,1h 23m,non-stop,economy,20.0,7753.43,1030
6449,IndiGo,Chenai,Bangalore,12/30/2025,14:45,2h 4m,Non Stop,BUSINESS,7.0,6683.82,290
6450,AirAsia,Bangalore,cochin,2025-07-11,12:45,0h 37m,2 stops,Eco,18.0,2610.66,360
6451,GoAir,Mumbai,Hyderabad,02/26/2025,12:30,3h 42m,2+ stops,economy,37.0,4476.92,620
6452,SpiceJet,Chenai,Delhi,18/02/2025,3:15,1h 18m,2 stops,BUSINESS,51.0,35092.04,1760
6453,SpiceJet,MUMBAI,Mumbai,2025-09-30,1:30,5h 50m,non-stop,Eco,3.0,7738.58,1030
6454,AIR INDIA,Kolkata,Mumbai,31-Jul-2025,9:45,4h 47m,,Eco,50.0,12120.16,1650
6455,indigo,Bangalore,Delhi,11/04/2025,16:30,2h 0m,,economy,28.0,13767.72,1740
6456,GoAir,Mumbai,cochin,12/03/2025,5:15,4h 3m,2+ stops,BUSINESS,48.0,16568.25,860
6457,AIR INDIA,Banglore,Cochin,28/07/2025,23:00,2h 27m,1 stop,Business,9.0,9876.93,360
6458,Vistara,Banglore,Kolkata,26/10/2025,19:45,1h 48m,,Economy,1.0,13354.89,1560
6459,GoAir,Hyderabad,Delhi,2025-03-24,14:45,3h 7m,2 stops,Biz,44.0,21933.65,1260
6460,Go Air,delhi,Mumbai,2025-05-04,20:45,1h 27m,2 stops,BUSINESS,35.0,22714.48,1150
6461,Go Air,Delhi,Cochin,12-Apr-2025,19:15,3h 8m,2 stops,economy,2.0,16445.8,2100
6462,AIR INDIA,Kolkata,cochin,19-Dec-2025,12:00,0h 42m,2 stops,economy,34.0,14479.1,1900
6463,AIR INDIA,Chenai,Cochin,05/19/2025,6:45,2h 54m,1 Stop,Economy,,3851.16,500
6464,Air India,Bangalore,cochin,30-Apr-2025,17:30,3h 32m,,BUSINESS,58.0,7870.25,360
6465,IndiGo,Hyderabad,cochin,10/24/2025,6:00,1h 45m,non-stop,,33.0,13328.92,700
6466,AIR INDIA,Delhi,Chennai,2025-06-10,0:45,4h 11m,1 stop,BUSINESS,47.0,38913.85,1760
6467,indigo,Kolkata,Bangalore,2025-07-26,19:30,2h 1m,1 Stop,BUSINESS,39.0,33115.81,1560
6468,IndiGo,Kolkata,Delhi,2025-12-09,21:15,,,Eco,40.0,8633.15,1300
6469,indigo,Chennai,Kolkata,22/10/2025,11:30,2h 48m,non-stop,BUSINESS,41.0,25282.83,1360
6470,SpiceJet,Banglore,Mumbai,04/03/2025,0:45,5h 35m,2 stops,,57.0,17326.09,840
6471,indigo,Chenai,Delhi,2025-12-18,23:15,0h 40m,non-stop,BUSINESS,18.0,34149.81,1760
6472,GoAir,Chenai,Kolkata,01-Dec-2025,19:00,1h 32m,2+ stops,Business,45.0,25634.17,1360
6473,Spice Jet,Delhi,cochin,2025-02-04,22:45,6h 40m,2+ stops,economy,10.0,15330.63,2100
6474,AIR INDIA,Chennai,HYDERABAD,05/01/2025,13:15,6h 12m,2+ stops,economy,47.0,4867.63,515
6475,GoAir,Mumbai,HYDERABAD,17/12/2025,21:15,1h 34m,2+ stops,BUSINESS,19.0,13896.45,620
6476,Vistara,Delhi,Mumbai,21/06/2025,3:30,2h 26m,1 stop,BUSINESS,49.0,24471.9,1150
6477,Spice Jet,Chennai,Hyderabad,25/10/2025,15:15,4h 0m,1 Stop,BUSINESS,20.0,10943.97,515
6478,SpiceJet,Hyderabad,Chennai,22-Jun-2025,13:15,,1 Stop,BUSINESS,51.0,10786.74,515
6479,IndiGo,Kolkata,Mumbai,08/07/2025,11:15,0h 55m,non-stop,Biz,45.0,29557.81,1650
6480,Spice Jet,Banglore,Mumbai,16-Dec-2025,22:30,7h 10m,2 stops,BUSINESS,11.0,16666.24,840
6481,,Delhi,Bangalore,2025-08-28,7:45,1h 10m,2 stops,economy,36.0,12920.85,1740
6482,Spice Jet,Hyderabad,Kolkata,2025-04-19,13:45,1h 43m,2+ stops,Eco,60.0,8072.87,1190
6483,AIR INDIA,Mumbai,Kolkata,06/12/2025,23:30,3h 36m,non-stop,Economy,22.0,11975.51,1650
6484,Go Air,Mumbai,Chennai,01/28/2025,13:15,1h 38m,,Eco,41.0,7033.71,1030
6485,Spice Jet,Chenai,Cochin,06-Jan-2025,14:45,2h 0m,1 Stop,Economy,21.0,3970.55,500
6486,AIR INDIA,Chennai,Cochin,06/01/2025,14:15,4h 35m,2+ stops,Biz,41.0,10711.09,500
6487,indigo,Delhi,Bangalore,06-Feb-2025,2:45,2h 32m,2 stops,Biz,16.0,37613.8,1740
6488,Go Air,Banglore,Mumbai,05/14/2025,18:15,3h 18m,2+ stops,Economy,30.0,,840
6489,,Kolkata,HYDERABAD,17/12/2025,19:45,2h 53m,1 stop,Eco,44.0,8644.81,1190
6490,SpiceJet,Chennai,Bangalore,10/03/2025,4:00,4h 34m,Non Stop,BUSINESS,21.0,6476.18,290
6491,Go Air,Delhi,Mumbai,07-Jul-2025,23:00,2h 32m,,Biz,58.0,22199.01,1150
6492,IndiGo,MUMBAI,Cochin,06-Nov-2025,1:00,4h 57m,,Business,18.0,,860
6493,Go Air,Kolkata,Mumbai,2025-07-04,22:45,1h 23m,,economy,29.0,11435.8,1650
6494,AirAsia,MUMBAI,Chennai,2025-03-26,13:15,3h 13m,2+ stops,economy,21.0,7942.54,1030
6495,SpiceJet,MUMBAI,cochin,2025-12-03,10:15,2h 1m,2 stops,Economy,10.0,6813.11,860
6496,Go Air,delhi,HYDERABAD,05/09/2025,6:45,,1 Stop,Business,36.0,23730.77,1260
6497,SpiceJet,Bangalore,Kolkata,18/02/2025,9:15,4h 15m,non-stop,BUSINESS,26.0,30363.2,1560
6498,indigo,MUMBAI,Hyderabad,09/08/2025,20:45,2h 6m,,Biz,11.0,13350.5,620
6499,AirAsia,Chenai,Kolkata,2025-03-21,2:45,2h 40m,non-stop,BUSINESS,26.0,24811.83,1360
6500,SpiceJet,MUMBAI,HYDERABAD,27-Dec-2025,19:00,1h 47m,2 stops,Eco,53.0,4060.79,620
6501,Air India,Bangalore,Cochin,2025-09-13,0:00,2h 13m,Non Stop,economy,13.0,2986.02,360
6502,Spice Jet,Chenai,Delhi,09/09/2025,2:00,3h 45m,,Biz,44.0,33002.29,1760
6503,Air India,delhi,HYDERABAD,05/08/2025,15:45,,2 stops,Biz,34.0,27689.23,1260
6504,,Hyderabad,cochin,11/12/2025,4:15,2h 53m,1 Stop,Economy,23.0,5245.28,700
6505,Vistara,Mumbai,Cochin,31-Dec-2025,13:00,1h 25m,Non Stop,Eco,23.0,6754.6,860
6506,,Bangalore,Delhi,22-May-2025,4:45,5h 19m,,Eco,34.0,12814.77,1740
6507,IndiGo,Bangalore,Hyderabad,28-Apr-2025,10:15,2h 23m,2+ stops,Biz,13.0,12834.94,500
6508,AIR INDIA,Mumbai,Hyderabad,04-May-2025,17:30,5h 49m,,Economy,51.0,4966.59,620
6509,SpiceJet,Mumbai,Hyderabad,03/06/2025,1:45,0h 59m,1 Stop,Biz,48.0,12788.39,620
6510,IndiGo,Banglore,Mumbai,2025-07-18,20:45,2h 22m,Non Stop,BUSINESS,21.0,18354.07,840
6511,AIR INDIA,Hyderabad,Bangalore,24-Apr-2025,21:00,4h 54m,2+ stops,BUSINESS,42.0,12715.74,500
6512,Spice Jet,Banglore,Hyderabad,10-Sep-2025,16:45,3h 38m,2+ stops,,22.0,11516.23,500
6513,Spice Jet,Chenai,Hyderabad,2025-09-05,1:00,2h 14m,1 stop,economy,40.0,3797.5,515
6514,IndiGo,Bangalore,Kolkata,2025-01-05,22:45,1h 42m,1 stop,Biz,53.0,32550.52,1560
6515,Go Air,Chenai,Cochin,07/16/2025,20:00,3h 15m,1 stop,Biz,15.0,11263.82,500
6516,indigo,Mumbai,Delhi,08/21/2025,12:45,5h 1m,1 Stop,Eco,14.0,9645.86,1150
6517,IndiGo,Bangalore,Cochin,28/02/2025,1:30,3h 25m,,economy,10.0,3184.66,360
6518,Vistara,Chennai,Delhi,02-Feb-2025,4:30,1h 0m,Non Stop,Economy,18.0,14136.48,1760
6519,SpiceJet,MUMBAI,Chennai,07/11/2025,16:15,,Non Stop,Biz,35.0,21029.37,1030
6520,,Banglore,Bangalore,02/01/2025,21:15,2h 13m,1 stop,Business,47.0,19831.88,1030
6521,IndiGo,delhi,Kolkata,2025-08-14,22:30,4h 1m,,Business,22.0,27343.08,1300
6522,GoAir,Bangalore,Delhi,14/03/2025,7:15,1h 33m,non-stop,economy,39.0,10744.21,1740
6523,indigo,Chenai,cochin,16-Sep-2025,5:00,1h 6m,non-stop,Economy,42.0,3725.28,500
6524,Air India,Chennai,Mumbai,17-Feb-2025,12:15,6h 9m,2+ stops,Biz,57.0,25062.42,1030
6525,IndiGo,Mumbai,Hyderabad,2025-06-02,12:00,1h 41m,non-stop,Economy,31.0,4406.74,620
6526,Spice Jet,delhi,Delhi,08/08/2025,1:30,1h 35m,1 stop,Biz,17.0,19277.32,1030
6527,Air India,Chenai,Delhi,09/29/2025,23:15,0h 52m,2 stops,Business,13.0,43537.34,1760
6528,Vistara,Chennai,Mumbai,07/05/2025,22:30,2h 17m,,Economy,20.0,8107.29,1030
6529,IndiGo,Chennai,Bangalore,30/10/2025,8:45,2h 22m,Non Stop,Business,41.0,5467.3,290
6530,Go Air,Kolkata,cochin,24/01/2025,5:15,1h 30m,,BUSINESS,22.0,34596.05,1900
6531,GoAir,Chennai,Delhi,2025-03-10,15:15,1h 33m,1 Stop,Business,,34637.42,1760
6532,AIR INDIA,delhi,Bangalore,08/01/2025,23:45,3h 7m,Non Stop,Business,49.0,38394.52,1740
6533,indigo,delhi,Hyderabad,08-Nov-2025,22:15,3h 33m,Non Stop,Biz,60.0,23327.31,1260
6534,GoAir,Delhi,Mumbai,2025-09-18,7:00,6h 42m,Non Stop,Business,18.0,22839.16,1150
6535,Go Air,Banglore,Hyderabad,2025-07-14,4:45,2h 17m,,Biz,35.0,10582.99,500
6536,GoAir,Delhi,Kolkata,24/05/2025,14:00,1h 40m,2+ stops,Eco,13.0,8907.91,1300
6537,,Mumbai,HYDERABAD,03/13/2025,10:15,1h 10m,1 stop,BUSINESS,56.0,12560.81,620
6538,GoAir,Delhi,Mumbai,30-Jun-2025,14:15,5h 47m,1 Stop,Business,60.0,20896.75,1150
6539,Vistara,Chenai,Chennai,06/07/2025,7:00,1h 48m,non-stop,Business,52.0,22435.62,1030
6540,AIR INDIA,Hyderabad,Delhi,02-Apr-2025,11:45,1h 32m,1 stop,Biz,31.0,27415.98,1260
6541,,delhi,Hyderabad,03-Jul-2025,18:45,1h 30m,2+ stops,BUSINESS,51.0,25527.86,1260
6542,indigo,MUMBAI,Mumbai,28/01/2025,19:00,1h 37m,non-stop,BUSINESS,8.0,22035.46,1030
6543,IndiGo,Mumbai,Bangalore,27/01/2025,2:15,3h 54m,1 stop,Business,25.0,19873.37,840
6544,Go Air,MUMBAI,cochin,22-Apr-2025,6:45,1h 26m,,Biz,59.0,16292.1,860
6545,indigo,Delhi,HYDERABAD,2025-04-10,2:45,1h 50m,Non Stop,Business,47.0,23271.85,1260
6546,Air India,Banglore,Delhi,05-Jan-2025,7:00,1h 10m,non-stop,Economy,2.0,12520.1,1740
6547,IndiGo,Chenai,Chennai,10/03/2025,7:30,1h 26m,2+ stops,,28.0,7273.68,1030
6548,GoAir,Bangalore,Cochin,08/09/2025,2:30,0h 50m,2 stops,Eco,17.0,3043.28,360
6549,SpiceJet,Banglore,Kolkata,01-Jun-2025,10:00,1h 31m,Non Stop,Biz,20.0,28551.52,1560
6550,SpiceJet,Chennai,HYDERABAD,12-Oct-2025,14:15,4h 57m,,Eco,39.0,3902.13,515
6551,Spice Jet,Hyderabad,Delhi,2025-04-10,23:00,2h 32m,1 stop,Eco,42.0,9078.81,1260
6552,GoAir,MUMBAI,Kolkata,31-Jul-2025,21:30,2h 56m,2+ stops,BUSINESS,3.0,33641.27,1650
6553,Spice Jet,Delhi,Kolkata,05/17/2025,7:30,2h 56m,2 stops,Economy,36.0,10019.3,1300
6554,Air India,Chennai,Kolkata,19-May-2025,19:15,1h 47m,2+ stops,economy,60.0,10277.7,1360
6555,AIR INDIA,MUMBAI,Kolkata,31/07/2025,2:00,4h 5m,2 stops,,3.0,38716.83,1650
6556,,Mumbai,Delhi,2025-08-08,14:00,5h 45m,non-stop,BUSINESS,18.0,23741.54,1150
6557,indigo,delhi,Bangalore,2025-03-12,6:45,1h 40m,non-stop,BUSINESS,2.0,35580.64,1740
6558,SpiceJet,Banglore,Hyderabad,27/05/2025,2:45,1h 3m,1 Stop,BUSINESS,9.0,10951.97,500
6559,AIR INDIA,Delhi,Kolkata,08/14/2025,8:15,0h 36m,,Eco,18.0,9841.56,1300
6560,Go Air,Bangalore,Hyderabad,08/01/2025,12:00,3h 21m,1 Stop,,2.0,9599.83,500
6561,Air India,Bangalore,Delhi,16/02/2025,13:15,1h 37m,1 stop,Biz,4.0,41153.26,1740
6562,Vistara,Mumbai,Hyderabad,08-Mar-2025,16:00,2h 15m,non-stop,BUSINESS,54.0,12125.79,620
6563,Vistara,MUMBAI,Mumbai,2025-10-10,1:00,1h 30m,1 Stop,Economy,14.0,8745.65,1030
6564,Vistara,Kolkata,Bangalore,29/10/2025,23:15,5h 32m,1 Stop,BUSINESS,59.0,31332.06,1560
6565,AirAsia,Bangalore,HYDERABAD,2025-12-06,3:45,2h 51m,non-stop,BUSINESS,35.0,8967.02,500
6566,Go Air,Mumbai,HYDERABAD,10-Feb-2025,19:15,1h 48m,2+ stops,Business,3.0,14385.7,620
6567,indigo,MUMBAI,Chennai,26/05/2025,6:30,1h 48m,2+ stops,Biz,41.0,22388.76,1030
6568,indigo,Banglore,Delhi,04/01/2025,11:45,3h 17m,non-stop,Economy,47.0,11587.7,1740
6569,,MUMBAI,Chennai,02-Jan-2025,18:00,1h 33m,2 stops,economy,28.0,8114.08,1030
6570,Vistara,Mumbai,Cochin,30-Sep-2025,14:15,2h 13m,2+ stops,economy,34.0,7019.9,860
6571,AirAsia,delhi,Cochin,2025-06-23,18:45,2h 4m,2 stops,BUSINESS,2.0,43823.55,2100
6572,Air India,Banglore,Mumbai,07/11/2025,19:45,1h 30m,non-stop,Business,38.0,14256.78,840
6573,indigo,Hyderabad,HYDERABAD,03/09/2025,7:00,,,Biz,7.0,23322.48,1030
6574,Vistara,Hyderabad,HYDERABAD,08-Nov-2025,3:15,4h 1m,,Economy,33.0,8301.37,1030
6575,Air India,MUMBAI,Hyderabad,10-Sep-2025,2:15,1h 35m,2+ stops,Biz,47.0,13766.21,620
6576,,Banglore,HYDERABAD,2025-07-22,13:30,2h 6m,1 stop,Biz,27.0,11003.15,500
6577,SpiceJet,Hyderabad,Cochin,2025-07-31,18:45,1h 45m,2+ stops,Eco,25.0,5817.59,700
6578,Air India,delhi,Hyderabad,24/04/2025,13:45,1h 33m,1 Stop,,25.0,9560.03,1260
6579,IndiGo,Delhi,Chennai,03/20/2025,17:00,1h 45m,non-stop,economy,60.0,10367.93,1760
6580,AirAsia,Delhi,HYDERABAD,24/12/2025,18:30,2h 31m,,Eco,60.0,7685.53,1260
6581,Go Air,Banglore,Bangalore,2025-07-28,6:00,0h 54m,1 Stop,Biz,6.0,19585.3,1030
6582,AirAsia,Bangalore,Kolkata,10/17/2025,23:00,2h 1m,non-stop,Economy,31.0,9231.04,1560
6583,SpiceJet,MUMBAI,Cochin,11-Dec-2025,1:30,3h 21m,2 stops,Economy,41.0,6679.14,860
6584,Air India,MUMBAI,Cochin,12/21/2025,15:00,0h 47m,2+ stops,Economy,11.0,7627.27,860
6585,GoAir,Kolkata,Chennai,24/01/2025,15:45,4h 9m,,BUSINESS,7.0,25038.25,1360
6586,Vistara,Bangalore,HYDERABAD,06/02/2025,21:45,1h 28m,2 stops,Economy,48.0,3746.93,500
6587,Go Air,Banglore,Kolkata,2025-09-07,7:00,2h 0m,1 stop,Biz,18.0,31484.78,1560
6588,Vistara,delhi,cochin,2025-02-10,15:30,2h 52m,Non Stop,BUSINESS,1.0,52966.82,2100
6589,Air India,Bangalore,Cochin,29-May-2025,21:30,2h 23m,Non Stop,Economy,48.0,2622.85,360
6590,Vistara,Bangalore,Cochin,2025-10-09,21:00,3h 1m,,BUSINESS,44.0,8722.4,360
6591,Air India,MUMBAI,Hyderabad,16-Jun-2025,16:15,5h 45m,1 stop,Eco,58.0,5414.85,620
6592,AirAsia,Bangalore,Mumbai,29/05/2025,2:15,8h 25m,2+ stops,economy,6.0,7807.81,840
6593,Vistara,Mumbai,cochin,11-Feb-2025,14:30,2h 49m,2+ stops,Biz,17.0,23195.65,860
6594,AIR INDIA,Bangalore,Hyderabad,02/23/2025,11:45,4h 43m,2+ stops,BUSINESS,29.0,13144.09,500
6595,indigo,Delhi,cochin,12/27/2025,13:30,4h 55m,Non Stop,Business,6.0,38926.13,2100
6596,GoAir,Chennai,Kolkata,01/01/2025,4:00,6h 28m,,Biz,5.0,32171.52,1360
6597,AIR INDIA,delhi,Bangalore,02/09/2025,19:00,4h 59m,2+ stops,economy,,14164.53,1740
6598,AIR INDIA,Hyderabad,Cochin,23/04/2025,13:00,0h 49m,2+ stops,Business,30.0,16219.8,700
6599,Vistara,Kolkata,Bangalore,15/10/2025,23:45,1h 52m,1 Stop,Eco,43.0,11772.08,1560
6600,Go Air,Delhi,Mumbai,06-Jul-2025,23:15,4h 30m,,Eco,33.0,8646.45,1150
6601,,Delhi,HYDERABAD,02/25/2025,4:00,1h 4m,2 stops,Business,20.0,31774.35,1260
6602,Go Air,Kolkata,Chennai,17/01/2025,11:30,1h 26m,,Business,,26532.72,1360
6603,AIR INDIA,Kolkata,cochin,04/24/2025,21:30,1h 14m,non-stop,Biz,50.0,40729.88,1900
6604,Spice Jet,Bangalore,HYDERABAD,13-Nov-2025,2:00,4h 4m,,Business,8.0,10996.5,500
6605,Spice Jet,delhi,Bangalore,2025-04-18,1:15,1h 42m,non-stop,Biz,45.0,29556.79,1740
6606,GoAir,Banglore,Hyderabad,04/09/2025,17:15,6h 43m,Non Stop,economy,47.0,4111.45,500
6607,GoAir,Kolkata,Hyderabad,03-Jun-2025,18:15,2h 51m,Non Stop,BUSINESS,20.0,21988.47,1190
6608,AIR INDIA,Chenai,Hyderabad,2025-10-19,21:00,1h 22m,1 Stop,Economy,,4584.48,515
6609,SpiceJet,Delhi,Cochin,04/08/2025,3:15,1h 35m,Non Stop,Eco,36.0,,2100
6610,Air India,MUMBAI,cochin,23/05/2025,3:45,1h 42m,Non Stop,economy,29.0,6757.69,860
6611,AIR INDIA,Banglore,Mumbai,06/19/2025,3:30,1h 52m,non-stop,Business,55.0,18883.36,840
6612,AirAsia,Chenai,Cochin,03/09/2025,1:45,3h 57m,2+ stops,BUSINESS,4.0,12889.51,500
6613,Go Air,Banglore,cochin,01-Apr-2025,8:30,3h 27m,Non Stop,Business,59.0,,360
6614,Spice Jet,delhi,Hyderabad,07/01/2025,9:45,0h 58m,2+ stops,Eco,54.0,8238.61,1260
6615,SpiceJet,MUMBAI,Hyderabad,07/05/2025,10:45,2h 55m,,BUSINESS,2.0,12028.0,620
6616,GoAir,Mumbai,cochin,17/11/2025,16:30,1h 9m,2 stops,Economy,34.0,6825.88,860
6617,indigo,Mumbai,HYDERABAD,2025-07-26,5:15,1h 19m,1 Stop,BUSINESS,41.0,12383.41,620
6618,AirAsia,MUMBAI,Chennai,2025-12-18,21:15,0h 58m,2+ stops,Biz,23.0,22858.77,1030
6619,GoAir,Kolkata,Bangalore,02/26/2025,17:15,2h 31m,Non Stop,Biz,15.0,28799.36,1560
6620,AIR INDIA,Delhi,Chennai,22/12/2025,15:00,4h 47m,,Biz,3.0,46501.21,1760
6621,,Mumbai,Chennai,26/10/2025,7:45,4h 58m,2+ stops,Eco,54.0,7530.84,1030
6622,AirAsia,Banglore,Kolkata,07/02/2025,4:15,6h 54m,non-stop,Economy,24.0,9496.94,1560
6623,AirAsia,Chenai,Mumbai,2025-10-10,6:45,1h 3m,non-stop,Biz,29.0,18373.03,1030
6624,SpiceJet,Banglore,cochin,01-Jul-2025,4:00,8h 13m,non-stop,BUSINESS,24.0,7583.9,360
6625,AirAsia,Kolkata,Delhi,31/03/2025,14:30,4h 8m,,Biz,1.0,27498.42,1300
6626,SpiceJet,MUMBAI,Cochin,10/15/2025,13:15,2h 8m,Non Stop,economy,16.0,5996.02,860
6627,GoAir,Delhi,Kolkata,27/08/2025,8:15,3h 42m,non-stop,Eco,,8833.99,1300
6628,AirAsia,Delhi,Kolkata,10/21/2025,16:15,1h 49m,,Eco,36.0,8156.14,1300
6629,SpiceJet,MUMBAI,Cochin,13/08/2025,4:45,5h 59m,1 Stop,Biz,46.0,16153.78,860
6630,GoAir,Delhi,Bangalore,2025-12-18,8:45,1h 14m,2+ stops,Eco,31.0,11930.3,1740
6631,Vistara,Kolkata,Chennai,01/23/2025,12:45,3h 0m,2 stops,BUSINESS,32.0,36980.54,1360
6632,IndiGo,Kolkata,Mumbai,14-Feb-2025,7:00,3h 23m,1 stop,Eco,6.0,12769.69,1650
6633,Spice Jet,Hyderabad,Chennai,2025-08-16,19:15,1h 19m,1 Stop,economy,,3291.04,515
6634,SpiceJet,Chennai,Cochin,2025-11-10,18:45,1h 17m,2 stops,Business,28.0,10272.22,500
6635,AIR INDIA,Kolkata,Hyderabad,26/11/2025,19:00,2h 49m,1 Stop,,22.0,9559.08,1190
6636,IndiGo,delhi,Chennai,18-Aug-2025,11:00,1h 30m,2+ stops,Business,26.0,44465.49,1760
6637,Vistara,Bangalore,Hyderabad,18-Dec-2025,20:30,1h 58m,non-stop,Economy,51.0,4142.01,500
6638,Spice Jet,Chennai,Cochin,03/31/2025,14:00,2h 14m,1 stop,Biz,55.0,9015.5,500
6639,AIR INDIA,Banglore,Cochin,2025-07-02,18:00,1h 1m,1 Stop,economy,55.0,3251.34,360
6640,Vistara,delhi,Kolkata,2025-09-13,2:30,3h 50m,1 Stop,Economy,39.0,10303.45,1300
6641,SpiceJet,Banglore,cochin,12/29/2025,5:15,3h 0m,,economy,57.0,2909.58,360
6642,Air India,Bangalore,Delhi,06/04/2025,21:30,0h 59m,non-stop,Business,12.0,36351.71,1740
6643,SpiceJet,Chennai,Kolkata,2025-04-04,7:00,5h 45m,2 stops,Business,6.0,25894.41,1360
6644,AIR INDIA,Delhi,HYDERABAD,22/03/2025,7:45,4h 27m,2+ stops,BUSINESS,18.0,29275.75,1260
6645,Air India,Bangalore,HYDERABAD,12/25/2025,23:30,1h 48m,,,59.0,3084.25,500
6646,AirAsia,Mumbai,Cochin,07/04/2025,4:45,4h 32m,1 stop,economy,1.0,7203.67,860
6647,Air India,Banglore,Mumbai,10-Jan-2025,6:15,3h 32m,,Eco,46.0,6602.45,840
6648,,Kolkata,Delhi,09/05/2025,2:45,7h 13m,1 Stop,Business,11.0,27363.34,1300
6649,,Kolkata,cochin,2025-02-24,13:45,4h 4m,non-stop,Economy,19.0,13806.74,1900
6650,AirAsia,Delhi,Mumbai,07/02/2025,3:45,,non-stop,Economy,44.0,7137.38,1150
6651,SpiceJet,Chenai,cochin,29/06/2025,1:00,2h 4m,non-stop,Eco,5.0,3920.57,500
6652,AIR INDIA,MUMBAI,HYDERABAD,04-Oct-2025,7:30,4h 21m,2 stops,Biz,49.0,15269.23,620
6653,Go Air,MUMBAI,Chennai,11/02/2025,0:15,,1 Stop,Eco,16.0,7198.03,1030
6654,Air India,Delhi,Kolkata,22-Feb-2025,22:30,3h 57m,1 stop,Economy,20.0,9934.76,1300
6655,Spice Jet,Mumbai,Kolkata,19-Jun-2025,1:15,6h 8m,1 stop,Biz,31.0,34508.15,1650
6656,Vistara,Kolkata,Hyderabad,01/09/2025,14:45,4h 1m,1 stop,Biz,47.0,27967.2,1190
6657,Air India,Banglore,Kolkata,2025-07-12,16:45,1h 40m,2+ stops,economy,53.0,12211.29,1560
6658,Air India,MUMBAI,HYDERABAD,07/25/2025,15:15,1h 45m,,Eco,36.0,5576.02,620
6659,IndiGo,Mumbai,cochin,15-Jul-2025,23:45,3h 59m,,BUSINESS,13.0,18588.03,860
6660,Vistara,Chennai,HYDERABAD,03-May-2025,19:00,2h 32m,,BUSINESS,11.0,12247.03,515
6661,GoAir,Hyderabad,Kolkata,06/01/2025,23:00,1h 51m,,Biz,35.0,23390.71,1190
6662,Go Air,Chenai,Mumbai,2025-09-25,22:45,1h 33m,1 stop,Eco,56.0,6228.24,1030
6663,Air India,Banglore,Hyderabad,11/16/2025,23:30,1h 10m,2 stops,BUSINESS,27.0,12379.62,500
6664,Air India,Banglore,Delhi,09/04/2025,18:15,1h 37m,,Eco,31.0,12565.59,1740
6665,SpiceJet,MUMBAI,Delhi,2025-10-03,4:00,2h 26m,1 Stop,economy,51.0,7346.66,1150
6666,GoAir,delhi,Kolkata,07/15/2025,0:30,2h 28m,1 Stop,Economy,52.0,9194.72,1300
6667,IndiGo,Chenai,Mumbai,2025-07-28,16:45,2h 27m,2+ stops,BUSINESS,44.0,21998.27,1030
6668,IndiGo,Mumbai,Bangalore,21/05/2025,9:15,5h 42m,1 Stop,Economy,1.0,6650.7,840
6669,Go Air,Mumbai,Delhi,19/03/2025,3:00,1h 40m,non-stop,Economy,,7939.08,1150
6670,GoAir,Banglore,Kolkata,2025-12-30,4:45,1h 11m,1 stop,Biz,14.0,29453.1,1560
6671,AirAsia,Banglore,Chennai,2025-04-05,20:45,2h 37m,non-stop,Economy,52.0,2024.75,290
6672,AirAsia,Bangalore,Hyderabad,03/12/2025,15:30,1h 11m,1 Stop,Eco,25.0,3618.76,500
6673,AirAsia,Bangalore,Hyderabad,17-Jun-2025,21:45,,1 Stop,Eco,26.0,3735.67,500
6674,GoAir,delhi,HYDERABAD,09/01/2025,22:15,2h 43m,non-stop,economy,53.0,8260.05,1260
6675,Air India,Mumbai,Hyderabad,05/01/2025,17:30,0h 54m,,Biz,23.0,13704.48,620
6676,Vistara,Chenai,Mumbai,25-Feb-2025,21:00,3h 27m,1 Stop,BUSINESS,10.0,26451.35,1030
6677,Go Air,Chennai,Mumbai,07/19/2025,7:15,2h 46m,2 stops,Biz,46.0,19543.56,1030
6678,AIR INDIA,Delhi,Cochin,24/12/2025,21:45,1h 56m,2+ stops,Business,37.0,48163.64,2100
6679,IndiGo,MUMBAI,Cochin,02/11/2025,12:15,3h 46m,1 stop,Economy,25.0,7045.25,860
6680,,Bangalore,Kolkata,2025-12-13,14:00,1h 7m,Non Stop,Biz,8.0,31751.82,1560
6681,IndiGo,delhi,Kolkata,15-Jan-2025,3:00,1h 33m,1 Stop,Business,15.0,28637.33,1300
6682,Air India,MUMBAI,Bangalore,24/05/2025,17:00,1h 21m,Non Stop,Biz,38.0,17968.53,840
6683,Spice Jet,Kolkata,Chennai,20-Jul-2025,4:00,2h 55m,2+ stops,Biz,27.0,27646.61,1360
6684,GoAir,Mumbai,HYDERABAD,2025-10-20,5:00,1h 26m,1 Stop,Eco,36.0,4526.06,620
6685,Vistara,Bangalore,cochin,2025-04-04,6:45,3h 40m,1 stop,BUSINESS,54.0,8604.04,360
6686,AIR INDIA,Delhi,Chennai,2025-08-02,4:45,0h 35m,non-stop,economy,1.0,12110.83,1760
6687,AIR INDIA,Hyderabad,HYDERABAD,2025-02-11,9:15,4h 16m,,Biz,19.0,24557.5,1030
6688,AirAsia,Delhi,cochin,02/06/2025,8:30,3h 2m,2+ stops,Eco,16.0,14415.29,2100
6689,IndiGo,Hyderabad,cochin,18/11/2025,2:45,4h 49m,1 Stop,Biz,17.0,16597.6,700
6690,GoAir,Kolkata,HYDERABAD,2025-09-10,9:15,3h 43m,non-stop,Eco,35.0,7074.43,1190
6691,SpiceJet,MUMBAI,cochin,2025-05-13,20:30,1h 31m,,Eco,50.0,5564.65,860
6692,AIR INDIA,Chennai,cochin,03/13/2025,15:15,2h 58m,1 stop,Economy,20.0,4426.71,500
6693,Spice Jet,Chennai,Kolkata,27/06/2025,20:30,3h 19m,2 stops,Biz,43.0,27302.57,1360
6694,Go Air,Banglore,Bangalore,24/04/2025,2:45,2h 28m,1 Stop,economy,16.0,7628.25,1030
6695,Spice Jet,Bangalore,Hyderabad,2025-02-16,14:30,0h 49m,non-stop,Economy,27.0,3162.18,500
6696,AirAsia,Mumbai,Hyderabad,22/07/2025,15:15,1h 49m,,Business,29.0,13089.48,620
6697,indigo,Hyderabad,cochin,27-Jun-2025,9:30,1h 11m,non-stop,Eco,52.0,4828.29,700
6698,AIR INDIA,Chennai,Mumbai,2025-03-14,2:45,3h 48m,2+ stops,Business,26.0,27753.33,1030
6699,Vistara,Hyderabad,Delhi,12/31/2025,15:00,1h 4m,non-stop,Business,2.0,31774.63,1260
6700,GoAir,Kolkata,Bangalore,18/02/2025,13:30,1h 25m,Non Stop,Eco,35.0,9751.86,1560
6701,GoAir,Chennai,cochin,26/08/2025,12:30,3h 35m,1 Stop,Business,6.0,,500
6702,SpiceJet,Kolkata,Delhi,06-Aug-2025,18:30,4h 0m,1 Stop,economy,26.0,8856.82,1300
6703,GoAir,delhi,Mumbai,10/16/2025,16:15,3h 0m,Non Stop,Economy,50.0,7835.22,1150
6704,Vistara,Mumbai,cochin,12/03/2025,23:00,4h 9m,2 stops,economy,42.0,7892.19,860
6705,IndiGo,Kolkata,cochin,12/03/2025,4:00,1h 4m,non-stop,Eco,34.0,12188.1,1900
6706,Spice Jet,Banglore,cochin,2025-11-12,8:30,2h 15m,1 Stop,economy,58.0,2187.94,360
6707,AIR INDIA,Chennai,Kolkata,03/02/2025,9:45,4h 48m,1 Stop,economy,43.0,10252.03,1360
6708,Spice Jet,Bangalore,Kolkata,07/08/2025,13:15,2h 22m,Non Stop,Economy,,10003.07,1560
6709,Air India,delhi,Hyderabad,18/09/2025,2:15,1h 13m,1 stop,BUSINESS,40.0,27103.09,1260
6710,,Banglore,HYDERABAD,14/03/2025,1:00,1h 36m,,BUSINESS,39.0,10745.3,500
6711,AIR INDIA,Hyderabad,Cochin,04/06/2025,20:00,4h 32m,1 Stop,BUSINESS,10.0,17930.49,700
6712,AirAsia,Delhi,Mumbai,2025-01-11,16:15,2h 47m,non-stop,BUSINESS,5.0,23548.69,1150
6713,Spice Jet,delhi,Kolkata,03/28/2025,14:15,4h 17m,,Business,2.0,28678.39,1300
6714,AIR INDIA,MUMBAI,Hyderabad,21/09/2025,21:00,3h 2m,1 stop,BUSINESS,60.0,11721.77,620
6715,Go Air,Banglore,cochin,07/09/2025,14:30,4h 46m,2+ stops,Eco,55.0,2954.93,360
6716,Go Air,Mumbai,Bangalore,06/04/2025,10:30,3h 21m,1 stop,BUSINESS,49.0,17932.24,840
6717,SpiceJet,Banglore,cochin,29-Sep-2025,5:45,1h 8m,2 stops,Biz,9.0,8294.32,360
6718,SpiceJet,delhi,Chennai,04-Nov-2025,3:30,2h 0m,1 stop,Eco,24.0,12335.51,1760
6719,Spice Jet,Chenai,cochin,07-Sep-2025,1:00,1h 34m,2 stops,BUSINESS,20.0,11086.42,500
6720,AIR INDIA,Delhi,Kolkata,27/12/2025,4:00,2h 23m,2+ stops,BUSINESS,19.0,33514.79,1300
6721,SpiceJet,Mumbai,Chennai,10-Mar-2025,1:45,2h 44m,Non Stop,Business,25.0,17124.72,1030
6722,AirAsia,delhi,Bangalore,2025-11-12,12:30,6h 41m,1 stop,Biz,60.0,29895.55,1740
6723,Vistara,Chennai,Delhi,2025-06-27,11:45,4h 28m,Non Stop,Economy,8.0,14315.12,1760
6724,indigo,delhi,Mumbai,12/22/2025,1:15,1h 12m,Non Stop,Economy,26.0,8599.29,1150
6725,IndiGo,Banglore,HYDERABAD,10/05/2025,20:45,5h 21m,2+ stops,Economy,48.0,4294.83,500
6726,SpiceJet,Delhi,Mumbai,2025-08-26,5:00,2h 37m,Non Stop,Economy,16.0,7145.92,1150
6727,SpiceJet,Chennai,Mumbai,21-Aug-2025,13:00,3h 14m,,Biz,29.0,21215.51,1030
6728,Spice Jet,Mumbai,Chennai,03/31/2025,17:45,3h 17m,1 stop,,1.0,7414.41,1030
6729,indigo,Chenai,Kolkata,28/02/2025,2:45,2h 45m,2 stops,Business,9.0,29002.57,1360
6730,Go Air,Chennai,Bangalore,19/03/2025,3:15,2h 33m,non-stop,Business,10.0,5781.2,290
6731,Go Air,Chennai,Kolkata,12-Oct-2025,16:45,2h 1m,1 stop,Business,54.0,25477.27,1360
6732,indigo,Chennai,Bangalore,08-Jun-2025,21:45,5h 19m,2+ stops,BUSINESS,9.0,8155.9,290
6733,Air India,Delhi,Mumbai,2025-02-21,0:30,2h 17m,non-stop,Eco,56.0,8252.82,1150
6734,SpiceJet,Delhi,HYDERABAD,2025-01-11,9:00,2h 14m,non-stop,economy,51.0,8148.11,1260
6735,SpiceJet,Banglore,Chennai,10-Feb-2025,11:45,,1 stop,Economy,17.0,2404.45,290
6736,Air India,Kolkata,Mumbai,28/11/2025,0:00,2h 13m,,Eco,7.0,13504.27,1650
6737,indigo,Hyderabad,Bangalore,27/01/2025,1:15,2h 17m,,BUSINESS,10.0,11767.05,500
6738,Air India,Hyderabad,Delhi,11/01/2025,16:15,1h 15m,1 Stop,Eco,19.0,8521.1,1260
6739,indigo,Banglore,cochin,2025-10-21,15:30,2h 25m,non-stop,Biz,26.0,7682.83,360
6740,IndiGo,Chennai,Delhi,31/12/2025,15:00,1h 7m,1 Stop,Eco,10.0,12245.4,1760
6741,Go Air,Chennai,Hyderabad,22/05/2025,16:15,2h 45m,,Eco,39.0,3972.29,515
6742,Go Air,Chenai,cochin,06/29/2025,1:45,1h 25m,non-stop,Eco,58.0,3179.42,500
6743,GoAir,Chennai,Kolkata,15/08/2025,9:45,1h 24m,1 Stop,Eco,39.0,8845.8,1360
6744,Vistara,Chenai,Kolkata,24/03/2025,3:30,3h 9m,1 Stop,Biz,30.0,28916.51,1360
6745,SpiceJet,Chenai,Hyderabad,24-Jul-2025,13:15,1h 42m,1 stop,Economy,30.0,4000.2,515
6746,Air India,Banglore,Kolkata,01/30/2025,12:45,4h 42m,Non Stop,Biz,16.0,36344.35,1560
6747,AirAsia,Mumbai,Chennai,06/22/2025,16:15,5h 0m,Non Stop,Eco,13.0,7305.99,1030
6748,Go Air,Chennai,Bangalore,10/20/2025,19:00,3h 30m,Non Stop,,57.0,2112.91,290
6749,AirAsia,Chennai,cochin,2025-03-01,1:00,2h 45m,,Economy,15.0,3550.57,500
6750,AirAsia,Bangalore,Kolkata,2025-10-31,5:00,1h 22m,,Economy,38.0,9911.8,1560
6751,SpiceJet,Delhi,Kolkata,22/01/2025,6:45,1h 33m,,Economy,44.0,8172.77,1300
6752,AirAsia,Banglore,HYDERABAD,26/08/2025,8:00,2h 16m,1 Stop,Economy,13.0,3793.3,500
6753,AirAsia,MUMBAI,cochin,21/10/2025,12:45,,2 stops,Economy,59.0,4849.47,860
6754,GoAir,Kolkata,cochin,06/05/2025,11:15,2h 31m,,BUSINESS,40.0,34686.26,1900
6755,AIR INDIA,Banglore,Mumbai,2025-12-21,23:15,4h 35m,non-stop,Biz,25.0,20749.42,840
6756,Vistara,MUMBAI,HYDERABAD,24/09/2025,9:45,2h 4m,,Biz,58.0,13958.14,620
6757,SpiceJet,Banglore,cochin,13-Jul-2025,14:30,2h 1m,2 stops,economy,23.0,2969.37,360
6758,IndiGo,Kolkata,Hyderabad,08/02/2025,16:15,3h 7m,Non Stop,Biz,48.0,25454.37,1190
6759,AIR INDIA,Delhi,Mumbai,02/19/2025,0:30,1h 55m,Non Stop,Economy,4.0,,1150
6760,indigo,Bangalore,HYDERABAD,2025-01-02,9:00,1h 37m,non-stop,Economy,23.0,3568.46,500
6761,Go Air,Mumbai,HYDERABAD,13-Mar-2025,3:00,2h 15m,2 stops,Economy,27.0,4509.08,620
6762,SpiceJet,Kolkata,Chennai,06/06/2025,14:30,1h 10m,,Eco,15.0,10065.97,1360
6763,Go Air,Chenai,Cochin,14-Nov-2025,9:45,2h 51m,non-stop,Biz,32.0,10107.62,500
6764,indigo,Hyderabad,Chennai,24/02/2025,0:30,1h 47m,Non Stop,economy,24.0,3657.27,515
6765,AirAsia,Hyderabad,Kolkata,03/19/2025,22:45,0h 42m,2 stops,Economy,57.0,7847.2,1190
6766,Air India,delhi,Kolkata,19/12/2025,19:45,3h 55m,2+ stops,Eco,42.0,10444.53,1300
6767,IndiGo,Mumbai,Chennai,15-Apr-2025,7:30,3h 37m,Non Stop,Economy,27.0,7928.12,1030
6768,AirAsia,Delhi,Hyderabad,07/11/2025,11:30,3h 56m,2+ stops,economy,31.0,8462.92,1260
6769,Air India,Bangalore,Kolkata,2025-10-05,23:30,,,economy,24.0,12239.34,1560
6770,Air India,Chenai,Hyderabad,01/01/2025,17:45,0h 37m,,economy,41.0,3897.07,515
6771,SpiceJet,MUMBAI,Mumbai,07-Mar-2025,6:45,3h 10m,2+ stops,Biz,35.0,23445.6,1030
6772,SpiceJet,MUMBAI,Cochin,03/07/2025,3:15,4h 59m,2+ stops,Business,37.0,17982.68,860
6773,AIR INDIA,Mumbai,Chennai,06/21/2025,9:45,4h 10m,2+ stops,Business,16.0,26307.53,1030
6774,Go Air,Bangalore,Kolkata,10/08/2025,13:15,0h 49m,1 stop,Business,2.0,33369.71,1560
6775,Spice Jet,Delhi,Bangalore,03/27/2025,15:45,3h 6m,1 stop,BUSINESS,56.0,33066.05,1740
6776,AirAsia,Kolkata,Mumbai,21/06/2025,5:00,4h 31m,,Biz,42.0,31724.19,1650
6777,Air India,delhi,Kolkata,21-May-2025,11:45,1h 45m,non-stop,economy,36.0,9581.38,1300
6778,GoAir,Bangalore,cochin,02/28/2025,9:30,2h 36m,1 stop,economy,5.0,2878.96,360
6779,AIR INDIA,Hyderabad,HYDERABAD,23/01/2025,21:30,1h 19m,1 Stop,economy,53.0,7355.58,1030
6780,SpiceJet,Mumbai,Hyderabad,19/10/2025,18:30,3h 52m,,economy,32.0,4631.87,620
6781,IndiGo,Delhi,Mumbai,16/02/2025,21:15,2h 13m,2 stops,BUSINESS,52.0,23930.6,1150
6782,,Hyderabad,Mumbai,02/17/2025,18:15,,1 stop,Eco,26.0,4691.87,620
6783,Spice Jet,Kolkata,cochin,09-Oct-2025,19:45,2h 59m,non-stop,economy,4.0,13206.64,1900
6784,SpiceJet,Chennai,Cochin,07/13/2025,21:15,4h 17m,,Business,48.0,9012.75,500
6785,Go Air,Mumbai,Hyderabad,24-Apr-2025,20:00,3h 32m,2+ stops,Eco,50.0,4821.57,620
6786,Spice Jet,delhi,Hyderabad,2025-02-10,16:30,3h 46m,1 Stop,economy,2.0,9526.0,1260
6787,GoAir,MUMBAI,Chennai,22/11/2025,4:45,1h 52m,1 Stop,Business,34.0,21059.14,1030
6788,Spice Jet,Chenai,Hyderabad,29/05/2025,12:30,1h 45m,2+ stops,Eco,3.0,4332.57,515
6789,AirAsia,delhi,cochin,2025-11-28,16:45,,1 stop,BUSINESS,31.0,35264.52,2100
6790,SpiceJet,Delhi,Mumbai,23-Sep-2025,11:45,3h 22m,Non Stop,Business,22.0,21999.77,1150
6791,GoAir,Kolkata,Cochin,10/05/2025,5:00,2h 40m,Non Stop,BUSINESS,54.0,32497.44,1900
6792,Spice Jet,Kolkata,Hyderabad,2025-10-24,2:30,0h 54m,non-stop,Economy,3.0,8667.24,1190
6793,indigo,Mumbai,Hyderabad,07-Aug-2025,1:15,5h 14m,1 Stop,Economy,42.0,4240.39,620
6794,AirAsia,Banglore,Kolkata,08/30/2025,6:30,1h 7m,2 stops,Business,47.0,29066.43,1560
6795,Air India,Chenai,Hyderabad,2025-05-15,6:30,2h 25m,,Business,16.0,12714.27,515
6796,GoAir,Mumbai,Delhi,2025-10-02,11:30,4h 27m,1 stop,Economy,30.0,7666.43,1150
6797,Go Air,Mumbai,Chennai,28-Feb-2025,15:30,2h 46m,1 stop,Economy,33.0,7046.43,1030
6798,IndiGo,Kolkata,Chennai,10/09/2025,10:15,1h 34m,2 stops,Biz,15.0,29544.93,1360
6799,IndiGo,Kolkata,Cochin,09/09/2025,14:45,1h 52m,1 stop,Biz,16.0,39107.76,1900
6800,GoAir,Kolkata,Delhi,04-Dec-2025,22:45,1h 28m,1 stop,economy,12.0,8855.07,1300
6801,SpiceJet,MUMBAI,Mumbai,26-Jan-2025,16:00,7h 6m,2 stops,Business,51.0,19749.37,1030
6802,AIR INDIA,Delhi,Kolkata,22-May-2025,11:30,2h 47m,,Economy,46.0,10094.54,1300
6803,Spice Jet,Delhi,Mumbai,2025-09-29,8:15,1h 42m,1 Stop,Economy,1.0,8114.58,1150
6804,AIR INDIA,Kolkata,Bangalore,2025-10-17,8:45,1h 40m,,Biz,19.0,34061.62,1560
6805,Air India,Mumbai,Hyderabad,28-Dec-2025,18:45,2h 51m,2+ stops,Eco,41.0,5917.39,620
6806,IndiGo,Delhi,Kolkata,2025-03-03,3:45,3h 6m,2 stops,BUSINESS,26.0,30312.21,1300
6807,,delhi,Chennai,2025-04-08,15:45,1h 3m,2 stops,Biz,41.0,32749.72,1760
6808,Go Air,Hyderabad,cochin,13-Mar-2025,21:30,1h 37m,Non Stop,Biz,5.0,13424.83,700
6809,SpiceJet,Delhi,Cochin,2025-08-06,2:45,3h 20m,,Business,2.0,45278.22,2100
6810,Go Air,Kolkata,Bangalore,2025-05-01,18:45,3h 45m,2+ stops,economy,7.0,12296.17,1560
6811,,Chenai,Cochin,2025-04-22,8:00,2h 48m,1 stop,Eco,4.0,3812.72,500
6812,indigo,Delhi,Chennai,2025-03-20,23:15,2h 46m,2 stops,Economy,48.0,13312.53,1760
6813,indigo,Chennai,Hyderabad,2025-07-05,2:45,1h 11m,2 stops,Biz,24.0,12148.71,515
6814,indigo,delhi,Mumbai,04/01/2025,13:30,3h 29m,2+ stops,economy,58.0,8710.26,1150
6815,AIR INDIA,Mumbai,Kolkata,05-Jun-2025,23:00,0h 52m,,Economy,,13550.23,1650
6816,AirAsia,Kolkata,Bangalore,06-Jan-2025,7:30,2h 49m,1 Stop,Eco,18.0,10722.56,1560
6817,indigo,Kolkata,Delhi,21/10/2025,1:45,1h 46m,,BUSINESS,37.0,27287.96,1300
6818,SpiceJet,Chennai,Bangalore,08/29/2025,23:30,1h 51m,non-stop,BUSINESS,53.0,6017.47,290
6819,IndiGo,Hyderabad,Delhi,08/14/2025,10:45,3h 7m,,BUSINESS,33.0,27903.77,1260
6820,,Chenai,Mumbai,31-Jul-2025,1:45,2h 14m,non-stop,Economy,14.0,7128.29,1030
6821,GoAir,Delhi,Chennai,04/22/2025,14:15,2h 31m,,Economy,24.0,12322.12,1760
6822,AirAsia,Chenai,Bangalore,11/19/2025,8:15,1h 38m,non-stop,Eco,33.0,2029.12,290
6823,GoAir,Bangalore,Cochin,08/09/2025,2:30,0h 50m,2 stops,Eco,17.0,2905.87,360
6824,IndiGo,Delhi,Kolkata,14-Aug-2025,16:45,0h 48m,Non Stop,economy,,9100.51,1300
6825,IndiGo,MUMBAI,Kolkata,2025-10-24,3:45,1h 42m,Non Stop,Eco,1.0,11076.16,1650
6826,IndiGo,Kolkata,Mumbai,01/23/2025,4:30,1h 31m,2 stops,Biz,34.0,35049.97,1650
6827,Vistara,Chenai,Delhi,2025-01-31,11:45,2h 10m,2+ stops,Business,13.0,47157.18,1760
6828,GoAir,Hyderabad,HYDERABAD,2025-06-20,10:45,5h 49m,,Business,56.0,18533.13,1030
6829,Air India,MUMBAI,Mumbai,16-Aug-2025,15:15,2h 1m,2+ stops,economy,21.0,9085.14,1030
6830,indigo,Chenai,Cochin,10-Jan-2025,2:00,4h 1m,,Business,41.0,11087.48,500
6831,Go Air,delhi,Kolkata,10/06/2025,7:45,2h 11m,2+ stops,Eco,28.0,9476.26,1300
6832,AIR INDIA,Kolkata,Mumbai,2025-03-25,11:15,2h 45m,1 Stop,Economy,26.0,13006.75,1650
6833,Go Air,Mumbai,Cochin,06/17/2025,12:30,1h 7m,2 stops,Economy,52.0,6205.87,860
6834,indigo,Chenai,cochin,03/30/2025,2:30,2h 55m,1 stop,economy,18.0,4181.45,500
6835,IndiGo,delhi,Chennai,09-May-2025,10:45,3h 23m,2+ stops,Business,24.0,40905.15,1760
6836,Air India,delhi,Kolkata,2025-07-25,19:15,3h 6m,1 Stop,BUSINESS,6.0,29444.21,1300
6837,GoAir,Banglore,Delhi,27/05/2025,4:45,5h 32m,1 Stop,Biz,42.0,34176.25,1740
6838,Spice Jet,Bangalore,Cochin,12/21/2025,16:15,1h 49m,,Economy,59.0,2639.03,360
6839,SpiceJet,Mumbai,Chennai,31/01/2025,6:30,3h 43m,,Business,55.0,20775.44,1030
6840,indigo,Banglore,Hyderabad,2025-05-27,18:45,1h 19m,2 stops,Biz,8.0,11765.36,500
6841,GoAir,Hyderabad,Kolkata,12-Nov-2025,13:15,6h 16m,Non Stop,BUSINESS,23.0,20466.19,1190
6842,Spice Jet,delhi,Cochin,2025-01-20,3:00,2h 1m,1 stop,economy,44.0,12180.43,2100
6843,GoAir,Banglore,Kolkata,09/03/2025,6:15,0h 51m,non-stop,economy,10.0,10817.84,1560
6844,Spice Jet,Kolkata,HYDERABAD,2025-06-05,10:15,2h 58m,Non Stop,Biz,59.0,20233.79,1190
6845,SpiceJet,Banglore,HYDERABAD,10/12/2025,10:45,3h 45m,1 Stop,Eco,46.0,3811.67,500
6846,Vistara,Kolkata,Hyderabad,12/03/2025,14:30,1h 34m,non-stop,Economy,28.0,9241.91,1190
6847,Go Air,Chenai,HYDERABAD,30/12/2025,16:00,1h 49m,non-stop,Eco,52.0,3345.84,515
6848,Spice Jet,delhi,Delhi,17-Apr-2025,2:45,4h 43m,2+ stops,Economy,39.0,7736.4,1030
6849,Go Air,Kolkata,cochin,08/11/2025,3:30,3h 22m,2 stops,BUSINESS,14.0,37950.84,1900
6850,AirAsia,Chenai,HYDERABAD,04/12/2025,14:00,2h 53m,1 stop,Economy,57.0,3462.02,515
6851,IndiGo,Chenai,Cochin,2025-12-29,16:30,2h 36m,,Economy,20.0,3877.77,500
6852,,Chennai,Bangalore,31/07/2025,1:00,1h 3m,1 Stop,Business,34.0,6108.82,290
6853,Go Air,Chennai,HYDERABAD,06/02/2025,21:45,1h 51m,2+ stops,Biz,30.0,10889.93,515
6854,GoAir,Banglore,Hyderabad,21/05/2025,21:30,1h 13m,1 stop,Economy,23.0,3572.91,500
6855,GoAir,delhi,Mumbai,06/19/2025,18:45,1h 34m,1 Stop,BUSINESS,51.0,22241.05,1150
6856,AIR INDIA,Chenai,Delhi,09/03/2025,19:30,2h 37m,2+ stops,Biz,17.0,44006.46,1760
6857,GoAir,Delhi,Bangalore,2025-06-06,18:00,2h 3m,1 Stop,Business,32.0,35507.93,1740
6858,AIR INDIA,Chennai,Bangalore,2025-01-04,14:00,1h 3m,,Eco,26.0,2765.71,290
6859,Go Air,Hyderabad,Delhi,08/12/2025,6:00,0h 42m,1 stop,BUSINESS,2.0,27557.94,1260
6860,IndiGo,Delhi,Mumbai,2025-12-30,7:00,2h 22m,non-stop,BUSINESS,27.0,23980.93,1150
6861,AIR INDIA,Bangalore,HYDERABAD,11/06/2025,22:30,6h 41m,1 stop,BUSINESS,55.0,11404.09,500
6862,Air India,Hyderabad,cochin,2025-05-03,0:15,,2 stops,Economy,27.0,6204.73,700
6863,GoAir,Bangalore,Hyderabad,02-Apr-2025,10:30,1h 29m,2 stops,Biz,25.0,10544.48,500
6864,GoAir,Delhi,Kolkata,2025-09-06,10:00,1h 32m,2+ stops,BUSINESS,29.0,29027.59,1300
6865,Spice Jet,Chenai,cochin,29/12/2025,14:15,2h 21m,,economy,47.0,3711.29,500
6866,GoAir,delhi,cochin,2025-03-19,19:00,4h 35m,,economy,43.0,13263.14,2100
6867,IndiGo,Chennai,Bangalore,05/01/2025,0:00,2h 50m,,BUSINESS,37.0,6701.63,290
6868,AIR INDIA,Banglore,Hyderabad,11-Sep-2025,23:15,2h 31m,2 stops,Economy,25.0,4426.58,500
6869,GoAir,Bangalore,Delhi,02/15/2025,21:15,4h 5m,1 stop,Biz,3.0,36053.24,1740
6870,,Delhi,cochin,11/06/2025,15:00,3h 3m,1 Stop,Biz,,42358.24,2100
6871,AIR INDIA,Kolkata,Chennai,2025-01-07,20:45,2h 27m,,Business,37.0,30327.59,1360
6872,SpiceJet,Banglore,Bangalore,02/12/2025,11:45,2h 17m,2+ stops,BUSINESS,19.0,24299.47,1030
6873,AIR INDIA,Hyderabad,Bangalore,01-May-2025,10:15,1h 24m,Non Stop,Business,,11580.7,500
6874,GoAir,Chennai,Delhi,01/08/2025,19:15,2h 15m,Non Stop,Eco,24.0,11598.27,1760
6875,AIR INDIA,Mumbai,Hyderabad,15-Jul-2025,3:45,1h 15m,Non Stop,Business,7.0,14871.68,620
6876,Air India,delhi,cochin,13-Mar-2025,7:30,3h 49m,2 stops,Biz,10.0,,2100
6877,Vistara,Delhi,HYDERABAD,2025-10-21,0:15,1h 19m,2 stops,Business,60.0,27827.08,1260
6878,AIR INDIA,Hyderabad,Bangalore,02/05/2025,5:45,6h 25m,,Economy,27.0,4266.01,500
6879,SpiceJet,Mumbai,Cochin,2025-08-30,2:15,4h 25m,2 stops,Business,29.0,19611.44,860
6880,GoAir,delhi,cochin,10/24/2025,18:15,2h 34m,1 Stop,Business,38.0,38404.18,2100
6881,AirAsia,Delhi,Chennai,09/06/2025,8:30,0h 36m,1 Stop,BUSINESS,41.0,30502.83,1760
6882,GoAir,Delhi,Mumbai,2025-04-09,6:30,2h 21m,1 Stop,Eco,24.0,7061.97,1150
6883,Vistara,Chenai,cochin,2025-03-25,7:00,3h 51m,1 stop,Biz,8.0,13235.48,500
6884,indigo,Mumbai,Delhi,13/11/2025,19:30,2h 52m,Non Stop,Economy,45.0,6988.8,1150
6885,Vistara,Chenai,HYDERABAD,2025-10-17,7:00,5h 17m,1 stop,economy,10.0,4687.08,515
6886,IndiGo,Chennai,Mumbai,02/26/2025,14:45,1h 41m,1 stop,economy,49.0,7346.67,1030
6887,indigo,Chenai,Cochin,15/06/2025,17:15,2h 25m,Non Stop,economy,27.0,3952.08,500
6888,IndiGo,Kolkata,Mumbai,27/10/2025,8:30,5h 4m,2 stops,Biz,33.0,34327.8,1650
6889,IndiGo,Bangalore,Chennai,26-Jul-2025,2:30,2h 51m,,BUSINESS,3.0,6862.01,290
6890,,delhi,Kolkata,2025-04-16,0:15,,1 Stop,Eco,14.0,9337.22,1300
6891,Vistara,Mumbai,Chennai,07/03/2025,11:00,1h 3m,2+ stops,Business,54.0,23558.73,1030
6892,indigo,Hyderabad,Delhi,03/02/2025,21:00,0h 54m,2+ stops,economy,27.0,9940.87,1260
6893,indigo,Mumbai,HYDERABAD,03/28/2025,20:15,1h 49m,non-stop,Biz,29.0,12254.59,620
6894,AIR INDIA,MUMBAI,Delhi,2025-08-08,17:15,1h 7m,non-stop,Biz,35.0,24049.07,1150
6895,AIR INDIA,Chennai,Delhi,10/13/2025,20:30,0h 41m,1 stop,economy,2.0,13067.68,1760
6896,GoAir,Bangalore,Chennai,13-Mar-2025,3:45,1h 25m,non-stop,economy,33.0,2296.44,290
6897,Air India,Chennai,cochin,08/01/2025,9:00,1h 49m,,BUSINESS,7.0,12583.08,500
6898,IndiGo,Bangalore,Kolkata,01/13/2025,0:15,2h 56m,Non Stop,Biz,60.0,29978.96,1560
6899,IndiGo,MUMBAI,Chennai,2025-11-07,7:30,2h 29m,1 Stop,Business,42.0,22537.06,1030
6900,Spice Jet,delhi,Delhi,24/05/2025,6:00,1h 6m,,BUSINESS,51.0,18320.68,1030
6901,Spice Jet,Chenai,Chennai,27-Jul-2025,4:30,1h 33m,1 stop,,32.0,6911.66,1030
6902,IndiGo,Chenai,Cochin,02/08/2025,16:00,4h 32m,non-stop,Economy,49.0,3350.69,500
6903,GoAir,Bangalore,HYDERABAD,02/12/2025,8:30,0h 46m,non-stop,Biz,53.0,10563.05,500
6904,GoAir,MUMBAI,Delhi,10/16/2025,0:30,2h 50m,non-stop,Biz,42.0,20632.2,1150
6905,Spice Jet,Delhi,Chennai,07/09/2025,9:30,,,Eco,,12843.97,1760
6906,SpiceJet,Banglore,HYDERABAD,2025-10-13,6:45,4h 24m,1 Stop,BUSINESS,59.0,8915.57,500
6907,AirAsia,Mumbai,cochin,12/30/2025,7:30,4h 10m,2+ stops,Biz,19.0,,860
6908,Go Air,Kolkata,Cochin,06/05/2025,12:30,5h 13m,,Economy,46.0,13656.91,1900
6909,AirAsia,Bangalore,Hyderabad,07-Apr-2025,23:00,6h 50m,1 Stop,Economy,52.0,3764.05,500
6910,GoAir,delhi,Delhi,16-Aug-2025,11:30,2h 10m,Non Stop,BUSINESS,13.0,18920.19,1030
6911,Go Air,Chennai,Hyderabad,2025-07-11,9:45,5h 52m,1 Stop,BUSINESS,38.0,10318.49,515
6912,indigo,Banglore,HYDERABAD,12-Nov-2025,2:30,0h 54m,2+ stops,Economy,41.0,3425.36,500
6913,Go Air,Banglore,Mumbai,03/03/2025,5:15,2h 28m,1 stop,Business,52.0,15507.21,840
6914,AIR INDIA,Mumbai,Chennai,10/22/2025,18:45,4h 25m,2 stops,BUSINESS,41.0,24909.73,1030
6915,Air India,Mumbai,Chennai,08-Jul-2025,4:45,2h 5m,,Business,53.0,21777.83,1030
6916,Air India,Hyderabad,Cochin,22/01/2025,8:00,2h 43m,1 Stop,economy,35.0,5517.93,700
6917,IndiGo,Chenai,Chennai,21/03/2025,16:30,1h 23m,,BUSINESS,33.0,22017.17,1030
6918,SpiceJet,Bangalore,Chennai,07/29/2025,4:30,1h 45m,,Business,46.0,6042.12,290
6919,Vistara,Chenai,Delhi,29/07/2025,7:30,1h 3m,,Business,1.0,39626.07,1760
6920,Go Air,Chennai,Hyderabad,19-Feb-2025,5:45,1h 28m,1 Stop,economy,8.0,,515
6921,AIR INDIA,Chennai,HYDERABAD,01/23/2025,13:45,2h 47m,2+ stops,BUSINESS,35.0,14601.38,515
6922,AirAsia,Banglore,Hyderabad,04/03/2025,14:15,5h 12m,Non Stop,Business,3.0,9407.44,500
6923,Spice Jet,Kolkata,Bangalore,2025-04-22,18:15,2h 53m,,Biz,47.0,29345.43,1560
6924,AIR INDIA,Banglore,cochin,2025-01-29,7:15,1h 51m,,Biz,8.0,9930.42,360
6925,Go Air,Chenai,cochin,2025-08-29,17:45,2h 37m,1 Stop,BUSINESS,11.0,11239.78,500
6926,GoAir,Bangalore,Cochin,05/07/2025,21:15,1h 36m,Non Stop,Biz,28.0,6806.12,360
6927,Air India,MUMBAI,Cochin,2025-11-22,13:15,0h 40m,2 stops,economy,58.0,6524.0,860
6928,GoAir,Chennai,Mumbai,15-Aug-2025,6:00,2h 3m,2 stops,Business,1.0,22575.67,1030
6929,IndiGo,Chenai,Chennai,03/03/2025,18:30,2h 0m,1 Stop,Economy,40.0,6971.47,1030
6930,Spice Jet,Chennai,Delhi,24/06/2025,20:45,3h 23m,Non Stop,Economy,56.0,10682.58,1760
6931,,Bangalore,Cochin,2025-11-15,1:30,2h 46m,2 stops,Biz,15.0,8395.79,360
6932,IndiGo,Delhi,Hyderabad,23-Apr-2025,13:30,6h 5m,non-stop,Business,30.0,25714.99,1260
6933,AirAsia,Delhi,Chennai,23/04/2025,17:15,2h 3m,1 stop,BUSINESS,53.0,29492.19,1760
6934,indigo,Delhi,HYDERABAD,15-Dec-2025,17:00,1h 33m,1 Stop,Economy,29.0,8354.87,1260
6935,,Banglore,Mumbai,2025-12-02,16:30,2h 6m,2 stops,Eco,25.0,6516.75,840
6936,AIR INDIA,Kolkata,Chennai,2025-12-08,8:00,1h 28m,,economy,42.0,11152.8,1360
6937,Go Air,Delhi,Cochin,08/23/2025,4:15,,Non Stop,,58.0,12577.29,2100
6938,Spice Jet,Bangalore,Chennai,12/16/2025,1:00,5h 20m,1 Stop,Biz,40.0,6122.3,290
6939,SpiceJet,Kolkata,Chennai,11/26/2025,12:45,4h 39m,,Eco,26.0,10054.34,1360
6940,AIR INDIA,Banglore,cochin,09/02/2025,18:45,2h 13m,,economy,31.0,3093.2,360
6941,AIR INDIA,Chennai,cochin,22-May-2025,17:15,6h 16m,1 Stop,Economy,25.0,5092.01,500
6942,Vistara,Bangalore,HYDERABAD,10/29/2025,19:30,1h 34m,Non Stop,BUSINESS,15.0,11852.52,500
6943,SpiceJet,delhi,Chennai,27/05/2025,2:45,2h 12m,1 stop,,48.0,11808.64,1760
6944,Spice Jet,MUMBAI,Hyderabad,11/05/2025,5:45,2h 32m,non-stop,Business,58.0,10661.51,620
6945,,Banglore,Bangalore,10/26/2025,22:45,4h 26m,1 Stop,Eco,54.0,7465.59,1030
6946,Vistara,Bangalore,HYDERABAD,2025-08-04,4:45,3h 4m,Non Stop,BUSINESS,59.0,10835.69,500
6947,Vistara,Bangalore,Delhi,12-Sep-2025,1:15,4h 5m,Non Stop,Eco,6.0,14179.8,1740
6948,Air India,Banglore,Mumbai,14/09/2025,4:30,7h 10m,,Eco,59.0,6424.3,840
6949,GoAir,Bangalore,Chennai,13-Dec-2025,22:45,2h 51m,2 stops,BUSINESS,34.0,5995.59,290
6950,indigo,MUMBAI,Delhi,11-Sep-2025,14:45,,non-stop,economy,11.0,8606.81,1150
6951,IndiGo,Banglore,Delhi,28/12/2025,13:00,3h 29m,2 stops,Eco,54.0,12630.74,1740
6952,Vistara,Hyderabad,Mumbai,19/03/2025,3:00,2h 37m,non-stop,Eco,34.0,4962.23,620
6953,,Mumbai,Delhi,2025-09-03,12:45,1h 40m,non-stop,Biz,14.0,24393.42,1150
6954,AIR INDIA,MUMBAI,Delhi,11-Feb-2025,19:15,2h 2m,non-stop,economy,9.0,9028.07,1150
6955,GoAir,Delhi,cochin,2025-02-27,18:45,4h 29m,1 Stop,Economy,1.0,15178.93,2100
6956,AIR INDIA,Banglore,Hyderabad,2025-12-05,21:45,9h 5m,1 stop,Biz,55.0,11263.65,500
6957,,Banglore,Chennai,11/08/2025,2:15,1h 41m,,Eco,32.0,2398.62,290
6958,Air India,Bangalore,Kolkata,2025-09-28,20:45,3h 45m,non-stop,Economy,30.0,13512.22,1560
6959,Spice Jet,Hyderabad,Delhi,22-May-2025,10:30,2h 8m,,Eco,48.0,8394.97,1260
6960,indigo,MUMBAI,Hyderabad,04/23/2025,5:00,1h 47m,1 stop,BUSINESS,42.0,13218.68,620
6961,AirAsia,Delhi,HYDERABAD,2025-12-26,19:00,1h 37m,1 stop,Economy,7.0,8887.29,1260
6962,Air India,delhi,HYDERABAD,05/14/2025,1:15,1h 50m,1 Stop,Eco,52.0,9030.8,1260
6963,SpiceJet,MUMBAI,Cochin,07/15/2025,2:30,1h 30m,1 Stop,Business,,18491.61,860
6964,Air India,Hyderabad,cochin,2025-01-28,5:45,1h 22m,,economy,3.0,5843.28,700
6965,AIR INDIA,Banglore,Cochin,07/21/2025,8:30,4h 22m,1 Stop,Biz,24.0,9324.82,360
6966,indigo,Hyderabad,Kolkata,2025-02-01,11:30,0h 33m,non-stop,Eco,45.0,7628.21,1190
6967,GoAir,Kolkata,Delhi,2025-05-31,10:45,4h 27m,non-stop,economy,16.0,8373.74,1300
6968,IndiGo,Kolkata,cochin,11/07/2025,10:30,3h 38m,Non Stop,Biz,45.0,37136.2,1900
6969,AIR INDIA,Chenai,Hyderabad,07/24/2025,7:30,5h 0m,2 stops,Eco,24.0,4438.81,515
6970,indigo,Hyderabad,Delhi,08/05/2025,2:00,4h 31m,non-stop,economy,50.0,8738.91,1260
6971,Go Air,delhi,Hyderabad,26-Jan-2025,8:30,3h 10m,Non Stop,economy,10.0,8024.59,1260
6972,Go Air,Mumbai,Kolkata,13-Dec-2025,4:30,2h 13m,1 stop,economy,57.0,9986.04,1650
6973,Go Air,Kolkata,Chennai,19-Sep-2025,6:45,1h 59m,,Economy,38.0,8140.66,1360
6974,Vistara,Delhi,Kolkata,03/01/2025,11:15,2h 15m,,Business,30.0,35467.34,1300
6975,GoAir,Chenai,Mumbai,05/11/2025,1:00,2h 12m,,Eco,10.0,6646.22,1030
6976,Air India,Chennai,Delhi,01/04/2025,5:15,1h 30m,2+ stops,Economy,41.0,14099.08,1760
6977,indigo,Chennai,Mumbai,14-Dec-2025,15:45,3h 38m,Non Stop,economy,23.0,7978.67,1030
6978,indigo,Chennai,cochin,05/22/2025,13:00,2h 28m,2 stops,Economy,48.0,4124.69,500
6979,SpiceJet,delhi,Bangalore,12/05/2025,9:30,0h 46m,2+ stops,Eco,15.0,13789.25,1740
6980,Vistara,MUMBAI,Kolkata,17/05/2025,14:00,2h 15m,,economy,43.0,12413.04,1650
6981,Vistara,Kolkata,HYDERABAD,16/03/2025,1:15,5h 45m,non-stop,Eco,3.0,10978.49,1190
6982,,Kolkata,cochin,04-Sep-2025,13:45,2h 33m,Non Stop,economy,40.0,13276.81,1900
6983,AIR INDIA,Hyderabad,Delhi,12/12/2025,8:00,5h 10m,Non Stop,Business,54.0,26000.83,1260
6984,Vistara,Delhi,cochin,2025-06-08,6:15,1h 58m,1 Stop,Business,39.0,48164.16,2100
6985,GoAir,Bangalore,HYDERABAD,2025-09-14,22:30,2h 22m,Non Stop,Economy,57.0,3241.4,500
6986,Go Air,Delhi,cochin,05/04/2025,2:15,1h 27m,1 stop,Business,17.0,39593.15,2100
6987,Air India,Kolkata,HYDERABAD,09/03/2025,21:00,0h 46m,1 stop,Business,51.0,27038.16,1190
6988,Go Air,Delhi,cochin,2025-03-19,0:45,5h 1m,non-stop,Business,56.0,39158.9,2100
6989,SpiceJet,Delhi,HYDERABAD,2025-05-24,11:45,3h 53m,1 Stop,Biz,44.0,22934.57,1260
6990,Vistara,Banglore,Hyderabad,2025-09-25,11:00,1h 28m,Non Stop,Eco,14.0,4190.16,500
6991,GoAir,Kolkata,Delhi,12/10/2025,11:45,3h 15m,Non Stop,BUSINESS,55.0,22459.48,1300
6992,GoAir,Kolkata,Mumbai,2025-03-09,17:15,3h 40m,Non Stop,Business,,30650.22,1650
6993,AIR INDIA,Hyderabad,Kolkata,15/11/2025,11:45,2h 31m,1 Stop,economy,44.0,8979.5,1190
6994,AirAsia,Chenai,Mumbai,09/15/2025,8:45,2h 19m,2+ stops,Biz,6.0,23766.28,1030
6995,AirAsia,Chennai,Cochin,2025-07-28,10:45,1h 14m,Non Stop,Biz,16.0,9125.38,500
6996,AirAsia,Chennai,Hyderabad,2025-03-26,4:30,2h 33m,Non Stop,BUSINESS,,,515
6997,Air India,Hyderabad,Cochin,2025-04-03,15:30,1h 47m,1 stop,Biz,36.0,16841.51,700
6998,Vistara,Hyderabad,Chennai,18/09/2025,1:15,2h 25m,2 stops,BUSINESS,10.0,13130.45,515
6999,GoAir,Bangalore,Hyderabad,21/01/2025,13:15,0h 54m,1 Stop,Biz,49.0,8678.21,500
7000,Go Air,delhi,Kolkata,24/06/2025,12:45,3h 31m,,Economy,28.0,8639.15,1300
7001,GoAir,Chenai,cochin,29/06/2025,22:30,6h 2m,1 stop,Eco,16.0,4035.37,500
7002,AIR INDIA,Delhi,Hyderabad,03/03/2025,17:00,4h 23m,2 stops,Eco,6.0,12036.52,1260
7003,IndiGo,Banglore,Delhi,11-Sep-2025,5:15,1h 16m,non-stop,economy,6.0,13213.44,1740
7004,AirAsia,MUMBAI,Hyderabad,08/01/2025,23:30,2h 25m,Non Stop,economy,32.0,4403.92,620
7005,GoAir,Banglore,Cochin,30/11/2025,2:15,1h 55m,Non Stop,Economy,52.0,2626.16,360
7006,IndiGo,Mumbai,Bangalore,11/23/2025,15:15,1h 46m,1 Stop,BUSINESS,25.0,18907.75,840
7007,Go Air,Delhi,cochin,08/12/2025,5:00,3h 16m,Non Stop,Biz,12.0,39099.92,2100
7008,Vistara,Banglore,Delhi,01/20/2025,9:00,2h 2m,,,25.0,13792.14,1740
7009,AirAsia,Mumbai,Bangalore,05/09/2025,7:00,1h 18m,non-stop,economy,10.0,5273.88,840
7010,IndiGo,Hyderabad,HYDERABAD,2025-12-07,7:30,2h 2m,2+ stops,BUSINESS,23.0,23534.14,1030
7011,indigo,Delhi,Bangalore,2025-04-20,12:00,1h 44m,Non Stop,economy,13.0,12848.11,1740
7012,AirAsia,Hyderabad,Kolkata,04/09/2025,5:15,3h 1m,1 stop,Eco,6.0,8415.44,1190
7013,SpiceJet,Chennai,Mumbai,19-Aug-2025,4:00,3h 17m,2 stops,BUSINESS,42.0,22440.9,1030
7014,Air India,delhi,Kolkata,21-Aug-2025,5:30,1h 23m,,Biz,14.0,28366.23,1300
7015,IndiGo,Mumbai,Kolkata,2025-12-05,6:15,3h 34m,2+ stops,Economy,18.0,13644.39,1650
7016,Go Air,Hyderabad,cochin,10/06/2025,9:30,3h 39m,,Business,7.0,13686.25,700
7017,GoAir,MUMBAI,Bangalore,10-Dec-2025,22:15,,1 stop,,32.0,5833.34,840
7018,,delhi,Delhi,2025-07-26,7:45,2h 40m,1 stop,Eco,51.0,7463.39,1030
7019,AirAsia,Banglore,Hyderabad,2025-04-24,2:45,1h 38m,2+ stops,Biz,14.0,10742.64,500
7020,Vistara,Kolkata,Chennai,12/14/2025,16:30,1h 20m,1 stop,Economy,30.0,11160.75,1360
7021,AIR INDIA,Banglore,Cochin,04-Aug-2025,13:30,4h 39m,,economy,37.0,3108.07,360
7022,indigo,Mumbai,HYDERABAD,06/07/2025,15:30,6h 33m,2 stops,BUSINESS,20.0,13041.0,620
7023,GoAir,Mumbai,Cochin,02/07/2025,11:00,6h 43m,1 stop,Economy,21.0,6696.03,860
7024,,Kolkata,Delhi,03/26/2025,15:45,1h 27m,1 stop,Eco,6.0,10908.84,1300
7025,Air India,Delhi,cochin,26-Dec-2025,15:45,2h 29m,1 Stop,Eco,45.0,14439.48,2100
7026,SpiceJet,Mumbai,Cochin,23-Apr-2025,16:00,5h 40m,,Eco,16.0,7064.96,860
7027,Vistara,Chenai,Kolkata,2025-10-15,9:00,1h 43m,,Eco,14.0,11325.86,1360
7028,SpiceJet,Chenai,Kolkata,15/07/2025,4:00,2h 1m,2 stops,BUSINESS,43.0,24925.26,1360
7029,Go Air,Banglore,Bangalore,09-Jul-2025,12:30,1h 26m,Non Stop,Eco,14.0,6471.68,1030
7030,GoAir,Mumbai,Delhi,14/01/2025,21:15,4h 45m,non-stop,Eco,35.0,7606.47,1150
7031,SpiceJet,Kolkata,Mumbai,2025-10-11,20:15,5h 21m,1 Stop,Biz,12.0,33648.58,1650
7032,Spice Jet,Kolkata,Delhi,2025-07-28,7:15,3h 4m,2+ stops,Business,42.0,25004.84,1300
7033,AirAsia,Hyderabad,cochin,06/09/2025,10:00,2h 27m,1 Stop,economy,27.0,4343.7,700
7034,AirAsia,Hyderabad,Cochin,05/27/2025,3:00,3h 37m,non-stop,,30.0,4479.45,700
7035,IndiGo,Hyderabad,Delhi,04-Feb-2025,22:45,2h 27m,1 Stop,Business,19.0,27425.02,1260
7036,GoAir,Bangalore,HYDERABAD,22-Sep-2025,10:15,3h 58m,non-stop,BUSINESS,44.0,9398.65,500
7037,Spice Jet,delhi,Cochin,04/01/2025,3:45,3h 4m,1 Stop,BUSINESS,34.0,39769.35,2100
7038,,delhi,Cochin,23/09/2025,12:30,4h 56m,,Biz,7.0,47062.41,2100
7039,SpiceJet,Delhi,Kolkata,02/21/2025,18:15,2h 26m,2 stops,economy,37.0,9696.23,1300
7040,AirAsia,delhi,HYDERABAD,14/02/2025,20:15,2h 19m,2+ stops,Economy,15.0,9465.75,1260
7041,GoAir,Chennai,Bangalore,2025-05-01,14:00,1h 52m,2 stops,economy,,2346.88,290
7042,SpiceJet,Chenai,cochin,07-May-2025,4:30,2h 7m,1 Stop,Biz,23.0,10969.1,500
7043,Spice Jet,Chenai,Kolkata,2025-02-23,3:30,4h 30m,1 Stop,BUSINESS,25.0,25947.14,1360
7044,Go Air,Kolkata,Delhi,2025-11-11,16:45,1h 37m,1 stop,economy,24.0,8699.11,1300
7045,Air India,Mumbai,cochin,27-Apr-2025,19:45,,1 stop,BUSINESS,47.0,18421.86,860
7046,indigo,Banglore,Chennai,07/28/2025,2:00,1h 6m,,economy,34.0,2159.51,290
7047,Air India,Bangalore,Hyderabad,22-Nov-2025,20:30,3h 4m,Non Stop,BUSINESS,15.0,11289.93,500
7048,,Bangalore,Hyderabad,2025-08-09,21:00,2h 31m,1 Stop,Business,35.0,9289.41,500
7049,AirAsia,Hyderabad,Mumbai,06/22/2025,16:45,2h 25m,2 stops,Biz,52.0,13044.26,620
7050,IndiGo,Mumbai,Kolkata,07/27/2025,5:15,1h 11m,,Eco,55.0,10268.7,1650
7051,AirAsia,delhi,Chennai,07/26/2025,13:00,5h 46m,2 stops,economy,43.0,12791.75,1760
7052,IndiGo,MUMBAI,Mumbai,06/18/2025,21:45,4h 45m,2+ stops,Biz,54.0,22173.22,1030
7053,GoAir,Bangalore,Delhi,16-Feb-2025,0:45,3h 17m,2 stops,Business,34.0,35973.76,1740
7054,SpiceJet,Hyderabad,Chennai,23/07/2025,8:00,2h 47m,2 stops,Eco,29.0,3903.33,515
7055,GoAir,delhi,Delhi,2025-08-19,10:15,2h 47m,Non Stop,BUSINESS,4.0,20920.68,1030
7056,Go Air,Kolkata,Delhi,18-Jul-2025,4:45,1h 8m,Non Stop,Business,54.0,23408.52,1300
7057,indigo,Hyderabad,Mumbai,13-Apr-2025,6:00,4h 13m,2+ stops,BUSINESS,3.0,16103.05,620
7058,Vistara,Chennai,Cochin,24/06/2025,17:00,3h 18m,2 stops,Economy,47.0,,500
7059,AirAsia,Delhi,cochin,25/06/2025,23:15,2h 55m,Non Stop,BUSINESS,53.0,34490.95,2100
7060,Spice Jet,Hyderabad,HYDERABAD,2025-02-10,5:30,2h 41m,2 stops,BUSINESS,10.0,21941.73,1030
7061,Go Air,MUMBAI,Delhi,20-Feb-2025,19:00,0h 48m,Non Stop,Eco,59.0,6133.07,1150
7062,GoAir,delhi,Bangalore,30-Oct-2025,16:30,0h 35m,non-stop,economy,36.0,11071.24,1740
7063,Go Air,Chennai,Mumbai,11/04/2025,17:15,1h 42m,Non Stop,BUSINESS,47.0,19532.27,1030
7064,Go Air,Hyderabad,Bangalore,08/06/2025,2:00,2h 0m,2+ stops,Economy,2.0,4575.58,500
7065,indigo,Hyderabad,Cochin,13-Oct-2025,6:15,,,Business,30.0,15088.08,700
7066,SpiceJet,Hyderabad,Delhi,18-Oct-2025,5:00,1h 49m,1 stop,BUSINESS,2.0,,1260
7067,Spice Jet,Kolkata,Bangalore,2025-01-06,19:30,3h 52m,1 stop,economy,39.0,9429.97,1560
7068,Spice Jet,Bangalore,Cochin,30-Aug-2025,23:15,0h 50m,non-stop,economy,32.0,2733.67,360
7069,,Delhi,cochin,2025-03-21,23:00,2h 51m,1 Stop,Economy,,13278.1,2100
7070,Vistara,Mumbai,Kolkata,12/20/2025,8:15,0h 40m,2+ stops,Economy,50.0,13024.21,1650
7071,indigo,Chennai,Cochin,2025-08-27,23:00,2h 6m,1 Stop,Economy,15.0,3966.61,500
7072,Air India,Chenai,Kolkata,08/11/2025,6:45,1h 57m,2 stops,Biz,51.0,29919.73,1360
7073,SpiceJet,delhi,Mumbai,14-Jun-2025,10:15,1h 35m,1 Stop,Biz,,22864.43,1150
7074,Vistara,Kolkata,Chennai,2025-06-09,3:45,1h 59m,1 Stop,economy,38.0,10720.93,1360
7075,IndiGo,Banglore,HYDERABAD,17/08/2025,8:30,1h 3m,1 Stop,Biz,6.0,9659.48,500
7076,SpiceJet,Bangalore,Chennai,2025-03-24,15:30,2h 14m,non-stop,BUSINESS,22.0,6004.1,290
7077,,Chenai,HYDERABAD,09/01/2025,13:15,1h 0m,1 stop,BUSINESS,55.0,8832.0,515
7078,Air India,delhi,Bangalore,12/20/2025,16:30,1h 52m,1 stop,BUSINESS,56.0,37804.39,1740
7079,SpiceJet,Banglore,Mumbai,06/08/2025,17:30,1h 29m,2+ stops,Eco,55.0,5725.62,840
7080,SpiceJet,Chenai,Delhi,2025-05-11,0:00,5h 22m,2+ stops,Economy,42.0,11106.55,1760
7081,Go Air,Kolkata,cochin,13-Mar-2025,23:15,3h 27m,non-stop,Business,18.0,34619.45,1900
7082,AirAsia,delhi,Kolkata,24-Dec-2025,19:45,1h 25m,2+ stops,Biz,53.0,23957.59,1300
7083,SpiceJet,delhi,Kolkata,17-Dec-2025,9:15,3h 19m,Non Stop,BUSINESS,32.0,26431.74,1300
7084,Air India,Chenai,Delhi,25-Feb-2025,8:15,1h 28m,2 stops,BUSINESS,8.0,44030.44,1760
7085,Air India,Bangalore,HYDERABAD,2025-11-22,0:45,1h 22m,2+ stops,Economy,25.0,4552.2,500
7086,Vistara,Mumbai,Chennai,03/06/2025,1:30,1h 35m,2 stops,Eco,30.0,9251.87,1030
7087,,Mumbai,Kolkata,12/04/2025,6:00,2h 32m,1 Stop,Business,58.0,31541.21,1650
7088,AirAsia,delhi,Hyderabad,03/27/2025,14:45,2h 38m,1 Stop,Biz,40.0,24167.12,1260
7089,indigo,Chenai,Bangalore,18/05/2025,0:45,3h 25m,Non Stop,Eco,28.0,2590.13,290
7090,SpiceJet,delhi,Mumbai,11/08/2025,2:30,3h 30m,1 stop,Business,17.0,21953.11,1150
7091,Air India,Kolkata,Delhi,2025-10-28,11:15,5h 14m,,Business,56.0,29898.48,1300
7092,GoAir,Chenai,Bangalore,06/10/2025,22:30,2h 16m,1 Stop,economy,1.0,2257.53,290
7093,Go Air,Chennai,Kolkata,2025-03-20,16:45,1h 22m,non-stop,Economy,12.0,9577.76,1360
7094,IndiGo,Chenai,cochin,03/29/2025,4:15,5h 40m,non-stop,Biz,37.0,,500
7095,GoAir,Mumbai,Bangalore,01/09/2025,14:45,3h 8m,non-stop,Biz,15.0,17111.2,840
7096,IndiGo,delhi,Delhi,27-Dec-2025,10:45,4h 34m,2 stops,BUSINESS,46.0,24170.75,1030
7097,indigo,Chenai,Mumbai,17/08/2025,8:15,3h 53m,1 Stop,economy,35.0,7468.78,1030
7098,IndiGo,Banglore,cochin,05-Sep-2025,8:45,3h 34m,1 stop,Eco,46.0,2901.18,360
7099,indigo,delhi,Delhi,15-Oct-2025,21:15,2h 9m,Non Stop,Biz,3.0,22989.62,1030
7100,Vistara,Banglore,Hyderabad,01/06/2025,17:00,4h 50m,non-stop,Economy,33.0,4254.87,500
7101,IndiGo,Hyderabad,cochin,12/21/2025,15:00,0h 55m,,Biz,40.0,15874.52,700
7102,IndiGo,Delhi,HYDERABAD,14-Jun-2025,19:45,3h 6m,non-stop,Business,29.0,25633.97,1260
7103,SpiceJet,Hyderabad,Bangalore,06-Apr-2025,8:45,5h 1m,1 stop,Eco,3.0,4131.61,500
7104,IndiGo,MUMBAI,Kolkata,07/20/2025,23:15,2h 43m,1 Stop,economy,25.0,11562.4,1650
7105,Spice Jet,delhi,cochin,13-Nov-2025,5:15,4h 0m,non-stop,Biz,24.0,38159.09,2100
7106,Vistara,Bangalore,Hyderabad,22/03/2025,0:00,1h 18m,1 stop,Eco,43.0,3927.07,500
7107,indigo,Chenai,HYDERABAD,12/29/2025,22:45,1h 10m,2+ stops,Eco,44.0,3968.7,515
7108,Spice Jet,delhi,Hyderabad,06/03/2025,18:15,2h 22m,Non Stop,BUSINESS,22.0,23772.24,1260
7109,Go Air,Hyderabad,cochin,15-Dec-2025,8:15,3h 51m,non-stop,economy,13.0,4876.26,700
7110,GoAir,Chennai,Bangalore,14/02/2025,4:15,0h 52m,,Economy,10.0,2585.33,290
7111,Air India,Hyderabad,Delhi,26-Aug-2025,21:45,2h 1m,1 stop,Economy,9.0,9656.5,1260
7112,IndiGo,Delhi,Kolkata,09/16/2025,18:00,2h 28m,1 Stop,Economy,43.0,9141.93,1300
7113,Spice Jet,Delhi,Bangalore,22/01/2025,3:45,4h 44m,1 Stop,economy,60.0,11457.14,1740
7114,Spice Jet,MUMBAI,Delhi,19/04/2025,23:45,4h 5m,1 stop,Eco,59.0,7795.51,1150
7115,AirAsia,delhi,Bangalore,13/06/2025,5:00,2h 47m,non-stop,Biz,4.0,33329.97,1740
7116,GoAir,Hyderabad,Mumbai,17-Apr-2025,5:00,4h 42m,2+ stops,Economy,,4904.67,620
7117,AIR INDIA,Mumbai,Chennai,2025-02-15,6:15,6h 2m,Non Stop,Economy,38.0,8146.29,1030
7118,Spice Jet,Bangalore,cochin,04/22/2025,22:15,0h 40m,non-stop,Economy,17.0,2692.59,360
7119,Air India,Kolkata,Hyderabad,14/11/2025,15:00,3h 31m,,Business,55.0,24736.82,1190
7120,AirAsia,Delhi,Cochin,03/09/2025,3:30,1h 56m,1 stop,economy,1.0,13046.28,2100
7121,Spice Jet,Kolkata,Bangalore,09/04/2025,5:15,2h 44m,,Biz,14.0,31337.63,1560
7122,indigo,Kolkata,HYDERABAD,2025-02-13,9:00,2h 58m,2+ stops,Biz,31.0,25112.15,1190
7123,GoAir,Bangalore,Chennai,02/03/2025,22:00,3h 11m,Non Stop,Biz,22.0,5729.13,290
7124,Spice Jet,Hyderabad,Chennai,20-Dec-2025,11:30,2h 16m,non-stop,Economy,23.0,3746.29,515
7125,Air India,Banglore,Kolkata,2025-03-06,6:30,2h 53m,1 Stop,Biz,34.0,35442.8,1560
7126,Air India,Mumbai,Kolkata,2025-05-11,9:15,3h 12m,2+ stops,Biz,37.0,43697.31,1650
7127,IndiGo,Kolkata,Bangalore,05/26/2025,0:45,2h 2m,2+ stops,BUSINESS,38.0,33320.57,1560
7128,AIR INDIA,Chenai,Hyderabad,03/27/2025,11:45,2h 10m,non-stop,economy,47.0,4118.78,515
7129,Go Air,Kolkata,Bangalore,11/26/2025,8:00,2h 22m,2+ stops,Business,60.0,30679.39,1560
7130,Go Air,Chennai,cochin,03-Aug-2025,20:00,3h 36m,1 Stop,Eco,18.0,4182.15,500
7131,IndiGo,Hyderabad,cochin,2025-01-16,18:45,7h 34m,,Business,50.0,15018.4,700
7132,AIR INDIA,delhi,Hyderabad,07-May-2025,0:00,1h 40m,1 Stop,BUSINESS,,26610.0,1260
7133,indigo,Mumbai,Kolkata,07/06/2025,2:30,5h 1m,1 Stop,Eco,7.0,11400.88,1650
7134,Vistara,Mumbai,Kolkata,2025-10-16,11:30,3h 8m,,Economy,36.0,13219.07,1650
7135,GoAir,Mumbai,HYDERABAD,24/03/2025,14:30,1h 35m,Non Stop,Eco,31.0,4044.16,620
7136,AirAsia,Hyderabad,cochin,24-Aug-2025,15:15,1h 53m,2+ stops,Economy,8.0,5084.81,700
7137,Vistara,Banglore,Delhi,25/04/2025,2:30,6h 47m,1 Stop,economy,55.0,12275.78,1740
7138,IndiGo,Bangalore,Hyderabad,08/09/2025,19:30,2h 48m,Non Stop,Eco,5.0,4059.33,500
7139,IndiGo,Banglore,HYDERABAD,2025-07-28,17:30,1h 34m,non-stop,BUSINESS,,11149.43,500
7140,Spice Jet,MUMBAI,HYDERABAD,09-Jun-2025,2:30,1h 53m,,Economy,47.0,4175.11,620
7141,indigo,Kolkata,Chennai,12-Aug-2025,2:30,2h 20m,2 stops,Business,9.0,32355.96,1360
7142,AirAsia,Hyderabad,Mumbai,29/09/2025,1:00,4h 22m,Non Stop,BUSINESS,46.0,11064.04,620
7143,GoAir,Chennai,Bangalore,2025-04-27,18:30,1h 16m,2+ stops,BUSINESS,44.0,5685.24,290
7144,indigo,Delhi,cochin,01/06/2025,15:00,2h 58m,,Economy,28.0,15631.61,2100
7145,Vistara,MUMBAI,HYDERABAD,02-Jul-2025,20:30,5h 36m,non-stop,BUSINESS,31.0,,620
7146,AirAsia,MUMBAI,HYDERABAD,20/08/2025,7:15,1h 37m,non-stop,Economy,22.0,4154.06,620
7147,Spice Jet,Bangalore,Kolkata,08-Feb-2025,0:00,5h 15m,Non Stop,Business,3.0,31328.21,1560
7148,Air India,Hyderabad,Bangalore,2025-12-07,16:15,3h 14m,,Business,51.0,11585.37,500
7149,AirAsia,Chennai,cochin,04/14/2025,14:00,2h 27m,2+ stops,Eco,49.0,3427.28,500
7150,Go Air,Chenai,Bangalore,18-Apr-2025,7:00,1h 46m,1 stop,Economy,41.0,2271.97,290
7151,Spice Jet,MUMBAI,Bangalore,2025-02-14,6:00,4h 42m,2 stops,Business,51.0,15930.69,840
7152,SpiceJet,Banglore,Hyderabad,2025-08-05,7:30,1h 58m,non-stop,Biz,41.0,9196.89,500
7153,GoAir,Bangalore,Chennai,03-Dec-2025,19:00,,Non Stop,Biz,32.0,4417.87,290
7154,AirAsia,Hyderabad,Cochin,27/09/2025,20:00,3h 43m,2+ stops,Economy,54.0,5600.08,700
7155,IndiGo,MUMBAI,cochin,2025-01-20,6:45,1h 58m,1 Stop,Biz,6.0,19883.53,860
7156,Spice Jet,MUMBAI,Cochin,14-Mar-2025,11:45,6h 2m,2+ stops,Biz,52.0,17083.88,860
7157,GoAir,Chenai,Mumbai,09/14/2025,18:00,1h 29m,1 Stop,BUSINESS,44.0,17988.29,1030
7158,Spice Jet,Chenai,Kolkata,06/12/2025,2:00,3h 37m,2 stops,Business,54.0,25619.09,1360
7159,Vistara,Banglore,Chennai,23-Nov-2025,22:00,1h 41m,2 stops,Business,44.0,7409.0,290
7160,Air India,Chennai,Hyderabad,20-May-2025,15:15,0h 55m,,BUSINESS,10.0,10981.15,515
7161,AIR INDIA,Banglore,Hyderabad,29/07/2025,4:30,4h 16m,2 stops,BUSINESS,5.0,12890.0,500
7162,IndiGo,Mumbai,HYDERABAD,02/06/2025,19:00,1h 48m,1 stop,Biz,10.0,15318.12,620
7163,Air India,delhi,Hyderabad,18-Feb-2025,18:45,1h 14m,,Economy,45.0,8667.88,1260
7164,AirAsia,Delhi,Kolkata,04/12/2025,8:15,0h 45m,non-stop,Business,40.0,22773.91,1300
7165,Go Air,Hyderabad,Cochin,2025-08-02,10:30,1h 24m,,Biz,41.0,15106.69,700
7166,Air India,Banglore,Mumbai,2025-05-04,19:30,1h 1m,,economy,23.0,6938.07,840
7167,IndiGo,Hyderabad,Bangalore,06/12/2025,4:45,1h 19m,non-stop,economy,24.0,3744.08,500
7168,IndiGo,delhi,Cochin,08/04/2025,22:15,5h 56m,2+ stops,Biz,48.0,46630.68,2100
7169,GoAir,MUMBAI,Bangalore,28/12/2025,5:30,2h 20m,,Eco,18.0,5854.51,840
7170,Air India,Chennai,Bangalore,2025-10-11,7:15,2h 51m,,economy,42.0,2802.53,290
7171,AIR INDIA,Delhi,HYDERABAD,10/11/2025,10:15,1h 48m,Non Stop,Eco,32.0,9063.65,1260
7172,AIR INDIA,Banglore,HYDERABAD,2025-01-07,12:30,2h 25m,,Biz,39.0,,500
7173,AIR INDIA,delhi,Cochin,05/08/2025,22:00,1h 3m,non-stop,economy,35.0,14644.51,2100
7174,indigo,Chennai,Delhi,07/09/2025,1:00,7h 8m,1 stop,BUSINESS,15.0,36257.76,1760
7175,indigo,delhi,Hyderabad,11/04/2025,2:45,4h 27m,2 stops,Business,3.0,29122.74,1260
7176,GoAir,Hyderabad,Cochin,2025-08-01,16:30,1h 55m,1 stop,Biz,25.0,13759.79,700
7177,IndiGo,Chenai,Cochin,11/26/2025,21:00,2h 7m,,Economy,16.0,4301.12,500
7178,Air India,Chenai,Kolkata,04/02/2025,14:15,2h 27m,Non Stop,Business,13.0,31939.28,1360
7179,Go Air,Kolkata,cochin,01/01/2025,5:45,2h 38m,1 stop,Business,16.0,38737.47,1900
7180,Air India,delhi,Hyderabad,30/05/2025,10:00,1h 44m,1 Stop,economy,40.0,9471.97,1260
7181,Go Air,Kolkata,Hyderabad,27-Jan-2025,22:15,1h 11m,2+ stops,Eco,37.0,7900.66,1190
7182,GoAir,Delhi,HYDERABAD,11-Nov-2025,15:45,1h 34m,2+ stops,Business,43.0,,1260
7183,Go Air,Chenai,Bangalore,08/02/2025,22:30,1h 23m,,Economy,4.0,2389.22,290
7184,AirAsia,MUMBAI,Chennai,29-Mar-2025,15:30,1h 1m,2 stops,Business,33.0,20980.75,1030
7185,SpiceJet,Kolkata,Delhi,10/03/2025,15:00,2h 59m,Non Stop,Economy,51.0,8099.08,1300
7186,,Banglore,Kolkata,2025-12-01,16:30,4h 54m,2+ stops,Eco,45.0,11436.97,1560
7187,GoAir,Mumbai,Hyderabad,12/02/2025,4:30,2h 47m,,Economy,6.0,4856.64,620
7188,Spice Jet,Kolkata,Delhi,2025-08-30,23:00,2h 32m,non-stop,BUSINESS,36.0,24210.4,1300
7189,AirAsia,MUMBAI,Kolkata,08/06/2025,13:00,1h 28m,,Economy,26.0,11744.99,1650
7190,Vistara,Chennai,Mumbai,27-Jan-2025,0:15,2h 2m,2+ stops,Eco,4.0,10344.77,1030
7191,indigo,Bangalore,Kolkata,04/03/2025,9:45,3h 21m,,Economy,,11883.4,1560
7192,Vistara,Mumbai,Chennai,01-Oct-2025,12:30,2h 4m,1 stop,Eco,49.0,8291.85,1030
7193,indigo,Chennai,HYDERABAD,20/05/2025,22:15,2h 42m,2 stops,BUSINESS,50.0,10078.31,515
7194,indigo,delhi,Delhi,22/01/2025,1:00,1h 51m,2+ stops,Economy,39.0,8210.31,1030
7195,,Bangalore,cochin,03/01/2025,21:15,3h 43m,1 stop,Biz,,8169.43,360
7196,IndiGo,delhi,Mumbai,2025-01-11,5:45,5h 19m,2+ stops,economy,7.0,10186.33,1150
7197,IndiGo,Kolkata,Mumbai,2025-05-20,0:30,1h 55m,,economy,52.0,11366.09,1650
7198,Go Air,Delhi,Cochin,06/04/2025,6:45,4h 31m,Non Stop,Economy,25.0,13998.62,2100
7199,AirAsia,Delhi,Hyderabad,04/14/2025,20:30,4h 52m,non-stop,BUSINESS,24.0,27108.34,1260
7200,Spice Jet,Delhi,HYDERABAD,25/10/2025,18:15,0h 54m,1 stop,BUSINESS,2.0,26665.33,1260
7201,SpiceJet,Bangalore,Mumbai,02-Nov-2025,2:30,3h 38m,2 stops,Eco,36.0,6543.23,840
7202,AirAsia,Chennai,Delhi,26/02/2025,11:30,0h 50m,2 stops,Business,27.0,33528.27,1760
7203,Vistara,Delhi,Kolkata,15/12/2025,2:45,2h 26m,Non Stop,Economy,50.0,9940.8,1300
7204,Spice Jet,Chennai,Mumbai,07/27/2025,18:30,,2+ stops,Eco,16.0,8524.61,1030
7205,,Delhi,HYDERABAD,2025-08-30,13:00,2h 26m,non-stop,Biz,8.0,27294.62,1260
7206,GoAir,Chenai,Mumbai,2025-07-30,15:15,1h 10m,2 stops,Economy,24.0,8052.86,1030
7207,SpiceJet,MUMBAI,Hyderabad,2025-11-04,22:30,0h 36m,,BUSINESS,60.0,10801.4,620
7208,SpiceJet,Chennai,Hyderabad,16-May-2025,5:15,1h 7m,non-stop,Eco,15.0,3597.46,515
7209,Air India,delhi,HYDERABAD,2025-06-09,14:15,1h 35m,1 stop,Economy,42.0,9528.85,1260
7210,Air India,Hyderabad,Bangalore,21/04/2025,14:00,1h 1m,Non Stop,BUSINESS,27.0,11631.11,500
7211,SpiceJet,Chenai,cochin,04/20/2025,8:45,1h 49m,1 Stop,Biz,47.0,9824.85,500
7212,Vistara,Banglore,Chennai,08/08/2025,13:15,5h 4m,2 stops,Biz,30.0,8267.75,290
7213,Go Air,Chenai,Hyderabad,18/09/2025,3:15,4h 43m,2 stops,BUSINESS,27.0,10587.58,515
7214,Spice Jet,Banglore,cochin,19/07/2025,14:15,1h 52m,Non Stop,BUSINESS,18.0,6868.58,360
7215,IndiGo,Mumbai,Delhi,22-Oct-2025,0:15,1h 5m,,Economy,30.0,8382.61,1150
7216,GoAir,Hyderabad,cochin,12/01/2025,15:45,7h 16m,,BUSINESS,53.0,13367.77,700
7217,SpiceJet,delhi,Kolkata,10/07/2025,4:45,,2+ stops,economy,52.0,9488.77,1300
7218,Air India,Bangalore,Cochin,03/02/2025,1:30,3h 52m,1 Stop,Eco,48.0,3141.86,360
7219,AirAsia,Chenai,Bangalore,16/07/2025,3:30,1h 13m,non-stop,Biz,10.0,5667.66,290
7220,AIR INDIA,Hyderabad,HYDERABAD,05/12/2025,8:30,4h 29m,Non Stop,economy,1.0,8494.4,1030
7221,GoAir,Kolkata,Hyderabad,25/08/2025,19:45,3h 28m,1 stop,Eco,33.0,8100.57,1190
7222,IndiGo,Hyderabad,Mumbai,14/05/2025,3:30,2h 40m,,Economy,11.0,4881.36,620
7223,AIR INDIA,Delhi,Bangalore,17-Jan-2025,13:45,1h 48m,non-stop,Eco,58.0,11634.8,1740
7224,indigo,Delhi,Bangalore,11/09/2025,20:45,4h 28m,non-stop,economy,9.0,12404.97,1740
7225,AIR INDIA,Delhi,Mumbai,03/03/2025,8:45,1h 48m,2 stops,Business,7.0,30152.11,1150
7226,indigo,Chennai,cochin,04/04/2025,7:00,2h 1m,Non Stop,economy,56.0,3531.64,500
7227,Air India,delhi,HYDERABAD,2025-08-23,6:30,1h 20m,non-stop,economy,4.0,11274.56,1260
7228,Air India,Bangalore,Delhi,2025-08-02,4:15,4h 24m,1 stop,economy,36.0,13428.68,1740
7229,Go Air,Chennai,Mumbai,01/29/2025,9:00,1h 19m,1 Stop,Biz,59.0,17853.89,1030
7230,AirAsia,Hyderabad,HYDERABAD,2025-11-23,0:15,2h 35m,2 stops,economy,19.0,8486.32,1030
7231,GoAir,Chenai,cochin,04/02/2025,7:00,1h 27m,2 stops,Economy,22.0,3885.89,500
7232,Spice Jet,delhi,Hyderabad,2025-12-18,22:30,2h 5m,2 stops,economy,52.0,8980.87,1260
7233,Spice Jet,Hyderabad,cochin,2025-12-13,20:15,2h 2m,Non Stop,Biz,34.0,13834.8,700
7234,AIR INDIA,Delhi,Cochin,2025-09-17,12:15,2h 14m,Non Stop,Biz,20.0,47924.27,2100
7235,AirAsia,Bangalore,Kolkata,22-Jan-2025,11:15,2h 30m,,BUSINESS,49.0,28672.05,1560
7236,Vistara,Hyderabad,cochin,24-May-2025,18:30,2h 21m,2 stops,Business,13.0,16843.32,700
7237,GoAir,Delhi,cochin,03-Sep-2025,7:15,1h 57m,,economy,12.0,14776.45,2100
7238,indigo,MUMBAI,Hyderabad,01/09/2025,18:45,2h 37m,1 Stop,Biz,58.0,11268.1,620
7239,AirAsia,MUMBAI,Delhi,06/08/2025,8:15,4h 2m,Non Stop,,53.0,6903.92,1150
7240,Vistara,Bangalore,Kolkata,28/08/2025,14:15,0h 58m,Non Stop,economy,9.0,11905.7,1560
7241,Vistara,Delhi,Cochin,10/19/2025,2:30,1h 37m,2+ stops,economy,32.0,18162.94,2100
7242,GoAir,Mumbai,HYDERABAD,18/04/2025,21:45,2h 43m,2+ stops,BUSINESS,43.0,13157.3,620
7243,,Kolkata,Chennai,05-Jan-2025,2:00,1h 25m,1 stop,,58.0,9238.59,1360
7244,AirAsia,Banglore,Kolkata,02-Nov-2025,8:45,1h 58m,2+ stops,Eco,15.0,11497.34,1560
7245,SpiceJet,MUMBAI,HYDERABAD,2025-08-06,23:30,1h 49m,1 Stop,BUSINESS,60.0,11096.79,620
7246,indigo,delhi,Bangalore,02/10/2025,14:45,2h 27m,non-stop,BUSINESS,55.0,31778.23,1740
7247,AIR INDIA,Hyderabad,Chennai,2025-11-20,16:00,1h 18m,,Biz,3.0,13339.76,515
7248,AIR INDIA,Kolkata,Delhi,2025-09-24,11:30,3h 0m,non-stop,Biz,,29889.74,1300
7249,AirAsia,Bangalore,Mumbai,2025-09-24,19:15,1h 3m,non-stop,Economy,9.0,5212.83,840
7250,Go Air,Kolkata,cochin,10/11/2025,5:15,5h 12m,2 stops,Eco,48.0,11545.88,1900
7251,AirAsia,Bangalore,Delhi,2025-02-27,6:15,2h 6m,2 stops,economy,29.0,11148.23,1740
7252,AirAsia,Chennai,Mumbai,2025-03-30,6:45,3h 0m,non-stop,Biz,27.0,20065.51,1030
7253,AIR INDIA,Delhi,Mumbai,04/09/2025,3:15,0h 58m,2+ stops,BUSINESS,2.0,32347.35,1150
7254,SpiceJet,Mumbai,Hyderabad,2025-01-09,9:00,4h 7m,1 stop,Eco,59.0,4106.86,620
7255,SpiceJet,Delhi,HYDERABAD,28-Nov-2025,22:30,3h 49m,Non Stop,Eco,40.0,8381.67,1260
7256,Spice Jet,Banglore,Delhi,13/11/2025,0:00,0h 49m,non-stop,economy,11.0,13013.24,1740
7257,Air India,Chenai,Chennai,10/03/2025,6:00,2h 58m,2+ stops,Eco,17.0,9319.77,1030
7258,SpiceJet,Bangalore,Mumbai,01/08/2025,17:45,2h 21m,1 stop,Eco,36.0,6347.55,840
7259,Go Air,Hyderabad,Bangalore,2025-12-07,12:30,6h 19m,2 stops,economy,45.0,4260.84,500
7260,GoAir,Chennai,Mumbai,12-Feb-2025,7:45,2h 6m,2 stops,Eco,31.0,6875.04,1030
7261,Vistara,Chenai,Bangalore,2025-05-09,15:00,3h 10m,2 stops,BUSINESS,35.0,7324.56,290
7262,IndiGo,Hyderabad,cochin,13/12/2025,11:15,2h 24m,2 stops,Eco,6.0,5821.25,700
7263,Vistara,Hyderabad,Delhi,30-Nov-2025,16:30,1h 26m,Non Stop,Eco,43.0,9359.64,1260
7264,Vistara,Bangalore,HYDERABAD,2025-08-28,22:45,6h 44m,2+ stops,BUSINESS,44.0,13577.02,500
7265,AirAsia,Chennai,Delhi,03-Jan-2025,23:15,1h 12m,Non Stop,Economy,23.0,11208.72,1760
7266,Spice Jet,MUMBAI,HYDERABAD,2025-04-13,7:15,3h 33m,non-stop,economy,28.0,3679.43,620
7267,GoAir,Hyderabad,cochin,09/08/2025,9:00,,2 stops,economy,57.0,4385.61,700
7268,Go Air,Banglore,Mumbai,11/23/2025,0:30,2h 30m,1 Stop,Eco,21.0,5186.22,840
7269,Spice Jet,Mumbai,Chennai,02/28/2025,9:30,0h 49m,1 Stop,BUSINESS,57.0,19117.29,1030
7270,indigo,Chennai,Delhi,03/06/2025,13:15,1h 33m,non-stop,Eco,22.0,12352.54,1760
7271,indigo,Hyderabad,Bangalore,2025-06-10,2:45,0h 54m,2 stops,economy,4.0,4244.79,500
7272,SpiceJet,delhi,HYDERABAD,04/22/2025,1:00,0h 55m,Non Stop,economy,13.0,8058.69,1260
7273,GoAir,Chenai,Cochin,14/03/2025,7:30,1h 10m,2+ stops,BUSINESS,3.0,11968.22,500
7274,indigo,Banglore,cochin,17/07/2025,13:30,1h 34m,2 stops,Economy,35.0,3072.06,360
7275,Go Air,delhi,Hyderabad,25-Oct-2025,3:45,1h 30m,1 stop,Business,3.0,,1260
7276,indigo,Chennai,Bangalore,26/12/2025,20:45,2h 47m,Non Stop,economy,2.0,2340.98,290
7277,Spice Jet,Delhi,Hyderabad,09/29/2025,15:00,2h 15m,Non Stop,Business,32.0,23831.68,1260
7278,indigo,Chennai,Bangalore,20-May-2025,2:00,3h 12m,2+ stops,Eco,30.0,3005.93,290
7279,AIR INDIA,Bangalore,Delhi,2025-05-14,7:00,2h 40m,2 stops,Eco,44.0,14759.31,1740
7280,SpiceJet,Banglore,Delhi,07/21/2025,23:15,4h 47m,2 stops,BUSINESS,43.0,35965.93,1740
7281,GoAir,Mumbai,Cochin,22/06/2025,13:30,4h 13m,1 Stop,Biz,2.0,17512.74,860
7282,Go Air,Kolkata,Chennai,01/06/2025,22:00,3h 40m,,Biz,11.0,29375.78,1360
7283,SpiceJet,Delhi,Mumbai,07/03/2025,8:00,,non-stop,economy,27.0,7542.61,1150
7284,Spice Jet,Delhi,Mumbai,01/11/2025,5:15,4h 45m,,economy,5.0,8281.45,1150
7285,IndiGo,Mumbai,Hyderabad,2025-07-24,6:00,0h 46m,1 stop,Business,39.0,11100.65,620
7286,Spice Jet,Mumbai,Hyderabad,01/25/2025,0:15,6h 13m,1 stop,Economy,27.0,4921.69,620
7287,Go Air,Mumbai,Delhi,11/08/2025,3:30,0h 57m,1 Stop,Eco,2.0,7920.48,1150
7288,IndiGo,MUMBAI,cochin,24-Jan-2025,13:00,3h 2m,non-stop,Business,29.0,17567.2,860
7289,indigo,Chennai,cochin,2025-01-24,22:30,,non-stop,BUSINESS,27.0,8894.73,500
7290,AIR INDIA,Chenai,Mumbai,2025-05-05,16:30,5h 36m,1 stop,BUSINESS,16.0,24713.02,1030
7291,IndiGo,Chennai,cochin,23/05/2025,21:15,1h 38m,1 Stop,Eco,52.0,3101.13,500
7292,Vistara,delhi,Delhi,24/04/2025,2:30,3h 12m,2+ stops,BUSINESS,52.0,26307.19,1030
7293,IndiGo,MUMBAI,Hyderabad,06-Jul-2025,14:15,1h 6m,2 stops,economy,32.0,4917.2,620
7294,GoAir,Banglore,cochin,12/07/2025,14:30,3h 4m,Non Stop,Business,27.0,7052.59,360
7295,Vistara,Banglore,HYDERABAD,21/02/2025,5:00,1h 0m,,Eco,59.0,4016.41,500
7296,AIR INDIA,Banglore,Chennai,2025-04-22,3:00,2h 54m,non-stop,Business,46.0,6032.78,290
7297,GoAir,Hyderabad,Bangalore,2025-12-26,21:30,1h 18m,2 stops,Biz,19.0,10682.15,500
7298,indigo,Bangalore,Mumbai,2025-09-13,16:00,3h 47m,Non Stop,BUSINESS,10.0,18860.45,840
7299,IndiGo,Hyderabad,Delhi,09-Apr-2025,9:00,1h 33m,2+ stops,Economy,37.0,7806.01,1260
7300,AirAsia,Kolkata,Delhi,05/23/2025,7:45,4h 11m,1 Stop,Biz,40.0,23334.74,1300
7301,SpiceJet,Hyderabad,Bangalore,19/08/2025,19:30,1h 51m,1 stop,Biz,2.0,,500
7302,AIR INDIA,Hyderabad,Kolkata,2025-04-27,0:15,0h 45m,Non Stop,economy,22.0,8826.09,1190
7303,IndiGo,Kolkata,cochin,02/27/2025,3:45,1h 0m,non-stop,Biz,36.0,40262.93,1900
7304,Air India,MUMBAI,HYDERABAD,02/27/2025,15:00,1h 57m,Non Stop,BUSINESS,41.0,12299.43,620
7305,SpiceJet,Kolkata,Delhi,2025-06-09,21:00,3h 30m,2 stops,economy,10.0,9508.83,1300
7306,GoAir,Hyderabad,Delhi,2025-12-14,17:30,3h 45m,2 stops,Eco,34.0,7852.44,1260
7307,GoAir,Hyderabad,Mumbai,2025-04-14,11:00,5h 18m,2 stops,economy,12.0,5523.41,620
7308,Air India,MUMBAI,Chennai,2025-07-30,18:30,2h 13m,1 Stop,economy,1.0,8553.98,1030
7309,Go Air,Delhi,HYDERABAD,17/02/2025,4:15,5h 40m,non-stop,Economy,12.0,8594.55,1260
7310,indigo,Mumbai,Chennai,13-Aug-2025,4:15,3h 8m,,Eco,,7570.91,1030
7311,AIR INDIA,delhi,cochin,09-Dec-2025,13:45,8h 22m,2+ stops,Eco,15.0,19265.05,2100
7312,GoAir,Delhi,Mumbai,02-Feb-2025,15:15,1h 27m,1 stop,Biz,6.0,24275.92,1150
7313,SpiceJet,Delhi,Chennai,2025-05-29,0:00,2h 6m,,BUSINESS,34.0,39825.77,1760
7314,GoAir,delhi,HYDERABAD,2025-05-06,0:45,2h 16m,Non Stop,BUSINESS,42.0,23327.39,1260
7315,AIR INDIA,Banglore,Hyderabad,11/03/2025,16:15,2h 39m,Non Stop,Eco,38.0,3855.13,500
7316,IndiGo,Hyderabad,Mumbai,07/31/2025,6:00,2h 51m,2 stops,BUSINESS,29.0,13360.02,620
7317,AirAsia,Hyderabad,Kolkata,01/08/2025,13:15,0h 43m,1 stop,BUSINESS,9.0,23010.43,1190
7318,IndiGo,Mumbai,Kolkata,29/10/2025,6:15,1h 13m,Non Stop,Eco,4.0,10869.73,1650
7319,SpiceJet,delhi,HYDERABAD,04-Feb-2025,18:30,2h 30m,,Biz,30.0,25100.36,1260
7320,Go Air,delhi,Kolkata,07/06/2025,2:45,4h 28m,Non Stop,Biz,13.0,26704.93,1300
7321,Spice Jet,Mumbai,Bangalore,21-Oct-2025,3:00,3h 38m,2+ stops,BUSINESS,32.0,17600.62,840
7322,IndiGo,Chenai,HYDERABAD,2025-05-02,5:15,1h 30m,1 Stop,Economy,10.0,3922.23,515
7323,SpiceJet,delhi,HYDERABAD,09/04/2025,18:00,3h 55m,2 stops,Economy,43.0,,1260
7324,Spice Jet,Chenai,Mumbai,2025-09-26,14:45,3h 50m,,Business,23.0,19263.99,1030
7325,SpiceJet,Banglore,Delhi,05/01/2025,4:30,1h 38m,1 stop,Economy,57.0,9528.45,1740
7326,Go Air,Mumbai,Delhi,01/07/2025,9:45,1h 33m,2+ stops,Economy,22.0,7936.77,1150
7327,AIR INDIA,Mumbai,Cochin,07/09/2025,10:30,3h 19m,2 stops,Eco,40.0,6362.83,860
7328,indigo,Banglore,Cochin,2025-03-22,13:15,1h 52m,2+ stops,Economy,31.0,3178.38,360
7329,SpiceJet,Delhi,HYDERABAD,04/14/2025,4:30,9h 54m,1 Stop,economy,29.0,9164.93,1260
7330,AIR INDIA,Mumbai,Kolkata,06/29/2025,1:45,1h 57m,2+ stops,Biz,60.0,36369.46,1650
7331,GoAir,delhi,Chennai,02/17/2025,10:00,0h 36m,2+ stops,Economy,15.0,13876.73,1760
7332,SpiceJet,Delhi,Hyderabad,04-Feb-2025,5:30,0h 43m,,Economy,2.0,8769.59,1260
7333,Spice Jet,Delhi,Mumbai,2025-10-30,10:00,1h 53m,,Biz,27.0,24098.26,1150
7334,Spice Jet,Chenai,Delhi,2025-03-11,23:30,1h 43m,1 stop,BUSINESS,40.0,36827.16,1760
7335,SpiceJet,Mumbai,Bangalore,2025-04-23,3:30,7h 27m,1 Stop,Economy,51.0,5916.26,840
7336,SpiceJet,Kolkata,cochin,14/07/2025,0:30,4h 15m,2+ stops,economy,30.0,14675.84,1900
7337,AIR INDIA,Delhi,Chennai,2025-08-08,11:15,2h 37m,1 stop,Economy,3.0,14255.12,1760
7338,SpiceJet,Chennai,cochin,2025-11-06,11:30,2h 35m,,Business,9.0,11407.01,500
7339,SpiceJet,Delhi,Bangalore,02/24/2025,14:45,5h 53m,,BUSINESS,47.0,29986.77,1740
7340,IndiGo,delhi,Hyderabad,02/12/2025,11:45,1h 6m,,BUSINESS,44.0,22721.66,1260
7341,SpiceJet,Chenai,Chennai,10/21/2025,2:45,3h 34m,2 stops,Eco,3.0,7898.31,1030
7342,,Chenai,Cochin,05-Jul-2025,3:30,3h 30m,1 Stop,economy,12.0,3952.27,500
7343,AirAsia,Kolkata,Chennai,02/12/2025,17:45,3h 57m,1 stop,economy,34.0,8626.1,1360
7344,Spice Jet,Chenai,Bangalore,2025-09-14,11:15,5h 12m,,Biz,35.0,6229.17,290
7345,Go Air,Delhi,Mumbai,2025-12-05,7:15,2h 27m,2+ stops,Economy,22.0,8979.45,1150
7346,GoAir,Chennai,Mumbai,04/09/2025,2:00,5h 39m,2 stops,Business,33.0,20582.25,1030
7347,SpiceJet,Hyderabad,Delhi,12-Jul-2025,18:45,2h 12m,2+ stops,BUSINESS,12.0,27041.47,1260
7348,IndiGo,delhi,HYDERABAD,27-Sep-2025,16:15,3h 34m,1 stop,Eco,5.0,9591.58,1260
7349,IndiGo,MUMBAI,HYDERABAD,03/13/2025,21:15,2h 51m,non-stop,Business,44.0,11661.48,620
7350,Air India,Kolkata,Bangalore,26/01/2025,0:45,2h 53m,2+ stops,economy,13.0,12860.74,1560
7351,indigo,Chenai,Mumbai,24/01/2025,18:00,2h 17m,,economy,10.0,7140.68,1030
7352,Go Air,Chennai,Cochin,06/19/2025,22:15,8h 42m,non-stop,economy,10.0,4282.78,500
7353,indigo,Bangalore,cochin,2025-11-22,17:15,4h 50m,Non Stop,Business,19.0,7713.05,360
7354,AIR INDIA,Chenai,Bangalore,19/08/2025,0:30,1h 15m,1 stop,Eco,42.0,,290
7355,,MUMBAI,Delhi,22-Aug-2025,21:45,3h 17m,Non Stop,Business,15.0,21973.74,1150
7356,Air India,MUMBAI,Delhi,2025-10-17,4:15,2h 7m,2+ stops,Economy,29.0,9392.84,1150
7357,indigo,Chenai,Hyderabad,28/02/2025,12:45,3h 7m,,BUSINESS,48.0,11741.8,515
7358,Go Air,Delhi,cochin,01/05/2025,8:45,3h 23m,1 stop,,46.0,36666.22,2100
7359,Spice Jet,delhi,Bangalore,03/01/2025,22:15,6h 27m,1 stop,Business,15.0,35631.51,1740
7360,GoAir,Banglore,Kolkata,05-Aug-2025,20:15,3h 13m,non-stop,Economy,50.0,8833.8,1560
7361,IndiGo,Hyderabad,HYDERABAD,08/25/2025,15:45,4h 29m,,Economy,4.0,7555.01,1030
7362,AirAsia,Hyderabad,Chennai,01/21/2025,20:15,2h 46m,1 stop,Economy,,4032.79,515
7363,IndiGo,Hyderabad,Kolkata,03/04/2025,15:30,1h 26m,1 Stop,Economy,49.0,8193.25,1190
7364,indigo,MUMBAI,Cochin,10/18/2025,21:00,1h 54m,1 Stop,economy,30.0,6372.71,860
7365,,Bangalore,Kolkata,2025-02-15,4:30,1h 36m,2+ stops,Biz,39.0,30805.53,1560
7366,Air India,Banglore,HYDERABAD,10-Apr-2025,11:15,7h 2m,1 stop,Business,7.0,12951.83,500
7367,Air India,Mumbai,Hyderabad,06-Jan-2025,18:00,1h 6m,,Economy,2.0,5669.57,620
7368,AIR INDIA,Hyderabad,Bangalore,20-Jul-2025,3:15,6h 3m,,BUSINESS,50.0,12058.1,500
7369,indigo,delhi,Kolkata,09/10/2025,6:30,4h 55m,2 stops,Biz,38.0,29024.4,1300
7370,GoAir,Chennai,Kolkata,24-Nov-2025,13:30,5h 58m,2+ stops,Economy,6.0,10085.94,1360
7371,indigo,Banglore,Cochin,02/09/2025,8:15,1h 38m,2 stops,Business,57.0,7689.06,360
7372,Spice Jet,Delhi,Chennai,06-Feb-2025,16:30,2h 57m,,Biz,43.0,34938.87,1760
7373,indigo,Delhi,Mumbai,13/12/2025,20:15,10h 20m,non-stop,BUSINESS,,21207.64,1150
7374,SpiceJet,Kolkata,Mumbai,08/01/2025,22:45,3h 21m,2+ stops,BUSINESS,35.0,32646.08,1650
7375,Air India,Chenai,cochin,01/02/2025,23:15,3h 6m,1 Stop,Business,51.0,11569.49,500
7376,Air India,delhi,Mumbai,05/16/2025,19:30,2h 58m,2 stops,BUSINESS,31.0,28449.25,1150
7377,AIR INDIA,Chenai,Mumbai,22-Oct-2025,4:30,1h 57m,1 Stop,economy,38.0,7151.53,1030
7378,Vistara,Banglore,HYDERABAD,2025-02-11,14:15,1h 20m,non-stop,Biz,55.0,11131.51,500
7379,Air India,Kolkata,Delhi,27/10/2025,8:15,5h 20m,1 Stop,BUSINESS,27.0,29947.53,1300
7380,GoAir,MUMBAI,Chennai,2025-06-28,6:00,2h 24m,,Business,16.0,21864.72,1030
7381,IndiGo,Hyderabad,Chennai,04/09/2025,16:15,1h 29m,2 stops,BUSINESS,41.0,10665.14,515
7382,indigo,MUMBAI,Cochin,02/12/2025,10:15,3h 55m,,BUSINESS,,18965.3,860
7383,Go Air,Hyderabad,Cochin,25-Jan-2025,9:00,6h 42m,1 Stop,economy,55.0,5273.63,700
7384,Vistara,Mumbai,Delhi,17/12/2025,9:15,1h 34m,1 Stop,economy,58.0,8358.72,1150
7385,Spice Jet,delhi,Mumbai,07/11/2025,5:45,1h 46m,1 Stop,Economy,39.0,7722.24,1150
7386,Go Air,Bangalore,Cochin,24-Jan-2025,8:45,3h 11m,1 stop,Economy,53.0,2598.09,360
7387,indigo,Kolkata,Mumbai,15/11/2025,0:00,0h 48m,2+ stops,Business,44.0,39208.2,1650
7388,SpiceJet,delhi,Bangalore,18/01/2025,7:45,3h 5m,Non Stop,Biz,20.0,33631.02,1740
7389,Air India,Banglore,Bangalore,11/11/2025,20:15,,non-stop,Eco,18.0,7597.1,1030
7390,AIR INDIA,Chennai,Delhi,08/02/2025,17:00,2h 57m,1 Stop,Eco,11.0,13598.7,1760
7391,Air India,Hyderabad,Cochin,2025-10-10,4:15,1h 30m,non-stop,Business,38.0,15028.07,700
7392,indigo,Delhi,HYDERABAD,31-Jan-2025,11:15,5h 9m,,Business,44.0,26731.23,1260
7393,Spice Jet,MUMBAI,Bangalore,20/05/2025,11:15,0h 37m,1 Stop,BUSINESS,26.0,15518.28,840
7394,SpiceJet,Kolkata,Chennai,11/02/2025,22:15,4h 12m,,economy,28.0,10586.51,1360
7395,IndiGo,Hyderabad,Mumbai,01/14/2025,10:15,1h 2m,2 stops,economy,32.0,4850.1,620
7396,Go Air,Chenai,Cochin,04-Feb-2025,0:00,0h 46m,2+ stops,Biz,20.0,11289.81,500
7397,IndiGo,Banglore,Bangalore,01/02/2025,15:15,2h 31m,Non Stop,Biz,48.0,19592.52,1030
7398,Go Air,Bangalore,Chennai,06/11/2025,5:00,8h 18m,2+ stops,Business,16.0,7266.17,290
7399,Go Air,Delhi,Cochin,21/06/2025,19:15,5h 36m,Non Stop,Economy,24.0,13638.61,2100
7400,SpiceJet,Delhi,Cochin,2025-08-30,1:15,1h 10m,2+ stops,economy,54.0,15076.71,2100
7401,Vistara,Banglore,cochin,02-Nov-2025,0:15,1h 49m,Non Stop,Economy,10.0,3217.55,360
7402,Spice Jet,MUMBAI,HYDERABAD,2025-03-18,2:00,1h 27m,2 stops,BUSINESS,10.0,14323.83,620
7403,IndiGo,Banglore,Chennai,25/09/2025,8:15,2h 38m,Non Stop,BUSINESS,52.0,5703.35,290
7404,AirAsia,Chenai,Delhi,24/01/2025,22:30,3h 40m,,Business,17.0,34644.05,1760
7405,SpiceJet,MUMBAI,Chennai,09/11/2025,17:45,2h 56m,2 stops,Eco,,7150.45,1030
7406,AIR INDIA,MUMBAI,Cochin,21-Jan-2025,16:15,1h 34m,2 stops,Biz,1.0,23458.86,860
7407,AirAsia,Kolkata,Bangalore,30-Apr-2025,14:45,2h 37m,2+ stops,Eco,48.0,9893.46,1560
7408,Air India,Mumbai,Chennai,2025-03-12,23:45,1h 15m,non-stop,BUSINESS,16.0,22602.77,1030
7409,Go Air,Bangalore,Hyderabad,05/18/2025,22:30,2h 59m,,Eco,10.0,3821.28,500
7410,IndiGo,Chennai,Cochin,2025-08-26,11:45,7h 41m,,BUSINESS,45.0,10564.01,500
7411,Go Air,Mumbai,Cochin,23-May-2025,4:00,5h 16m,1 stop,Economy,28.0,6514.32,860
7412,indigo,Chennai,Cochin,21/05/2025,4:00,3h 17m,2 stops,Economy,38.0,3977.78,500
7413,Go Air,Bangalore,cochin,01/23/2025,11:15,6h 38m,Non Stop,economy,,3316.02,360
7414,Spice Jet,MUMBAI,Cochin,28/07/2025,8:45,2h 7m,1 Stop,Business,44.0,15755.72,860
7415,Air India,Chenai,Cochin,26/06/2025,21:30,1h 57m,2 stops,Biz,20.0,12440.33,500
7416,SpiceJet,delhi,HYDERABAD,12/13/2025,10:15,1h 40m,,Biz,5.0,25413.46,1260
7417,IndiGo,delhi,Kolkata,12/23/2025,15:00,6h 50m,,Eco,24.0,10170.37,1300
7418,AIR INDIA,Chennai,Kolkata,14/05/2025,22:45,2h 25m,non-stop,BUSINESS,45.0,28092.22,1360
7419,indigo,Mumbai,HYDERABAD,03/16/2025,3:15,3h 1m,2+ stops,Biz,,14218.07,620
7420,GoAir,Chenai,Delhi,2025-02-24,22:30,2h 38m,Non Stop,Biz,29.0,35045.61,1760
7421,AirAsia,delhi,Hyderabad,15/06/2025,15:00,4h 10m,2 stops,Business,44.0,23024.64,1260
7422,indigo,Banglore,Kolkata,2025-09-02,4:30,4h 54m,,,59.0,10895.43,1560
7423,Spice Jet,delhi,Bangalore,02-Jan-2025,0:30,3h 12m,,Biz,3.0,35265.55,1740
7424,Air India,Bangalore,Chennai,15-Feb-2025,10:15,2h 22m,2 stops,Economy,52.0,2601.46,290
7425,indigo,Delhi,Mumbai,14/08/2025,21:15,1h 55m,Non Stop,economy,5.0,7875.87,1150
7426,AirAsia,Banglore,Cochin,22-Dec-2025,13:00,1h 58m,,Biz,9.0,7180.16,360
7427,AirAsia,Chennai,cochin,12/08/2025,14:00,2h 37m,1 stop,Eco,23.0,3625.73,500
7428,Spice Jet,MUMBAI,cochin,08-Nov-2025,21:00,0h 36m,1 Stop,Biz,20.0,19449.07,860
7429,SpiceJet,Delhi,Hyderabad,20/09/2025,10:30,1h 1m,1 Stop,Business,41.0,24310.11,1260
7430,indigo,delhi,cochin,14/07/2025,23:45,1h 4m,,Economy,59.0,14923.83,2100
7431,indigo,Chennai,cochin,2025-06-13,21:45,5h 58m,2+ stops,Economy,25.0,4633.48,500
7432,IndiGo,Mumbai,cochin,07-Jul-2025,0:30,2h 49m,1 Stop,Business,43.0,17121.5,860
7433,Go Air,Bangalore,HYDERABAD,22-Aug-2025,1:30,2h 15m,2+ stops,Biz,15.0,12298.29,500
7434,Air India,Banglore,Hyderabad,03/14/2025,8:45,,,Eco,32.0,4204.9,500
7435,GoAir,MUMBAI,Delhi,28/05/2025,16:00,3h 17m,2+ stops,Eco,55.0,7654.52,1150
7436,AirAsia,Delhi,cochin,2025-06-07,16:15,1h 5m,non-stop,Business,53.0,36096.6,2100
7437,indigo,Bangalore,Hyderabad,11/11/2025,19:45,1h 19m,Non Stop,BUSINESS,,10022.9,500
7438,Spice Jet,Chennai,Bangalore,2025-02-04,14:15,0h 52m,2+ stops,economy,49.0,2016.33,290
7439,SpiceJet,Banglore,Delhi,07/21/2025,23:15,4h 47m,2 stops,BUSINESS,43.0,36743.63,1740
7440,Air India,Delhi,Hyderabad,03/20/2025,2:30,2h 12m,2 stops,Economy,14.0,11295.61,1260
7441,,MUMBAI,Hyderabad,06/07/2025,8:30,2h 7m,1 Stop,,37.0,5129.07,620
7442,AirAsia,Bangalore,Cochin,26/10/2025,9:00,2h 51m,1 Stop,economy,57.0,2645.11,360
7443,AIR INDIA,Hyderabad,Chennai,08/30/2025,5:30,3h 2m,,Business,38.0,11524.53,515
7444,SpiceJet,Kolkata,Cochin,30/08/2025,1:30,8h 15m,Non Stop,Economy,20.0,13804.19,1900
7445,Spice Jet,Kolkata,Hyderabad,17-Mar-2025,22:00,6h 40m,2+ stops,Eco,8.0,10271.53,1190
7446,Vistara,delhi,Kolkata,29-May-2025,6:15,2h 46m,2 stops,Eco,50.0,11345.85,1300
7447,SpiceJet,Banglore,Kolkata,08/11/2025,6:45,,1 stop,Business,4.0,33096.8,1560
7448,AirAsia,Chennai,Mumbai,02/13/2025,22:30,2h 34m,,Business,28.0,19420.44,1030
7449,GoAir,Delhi,Kolkata,18/04/2025,15:30,2h 54m,2+ stops,economy,58.0,8438.64,1300
7450,Vistara,delhi,Bangalore,31/08/2025,22:15,2h 5m,1 stop,Eco,55.0,13278.07,1740
7451,Go Air,Kolkata,Chennai,06/29/2025,2:00,1h 38m,,Business,60.0,21962.25,1360
7452,AIR INDIA,Mumbai,Chennai,26-Nov-2025,23:15,1h 55m,1 stop,Economy,14.0,8773.63,1030
7453,AirAsia,Bangalore,Delhi,2025-09-22,6:00,4h 40m,Non Stop,Biz,25.0,32964.28,1740
7454,GoAir,Chenai,Mumbai,10/12/2025,12:00,2h 45m,non-stop,BUSINESS,55.0,18654.48,1030
7455,,delhi,HYDERABAD,2025-08-10,13:30,1h 19m,2 stops,Biz,20.0,28312.62,1260
7456,Air India,delhi,Cochin,2025-01-12,13:30,1h 34m,2 stops,BUSINESS,38.0,52250.68,2100
7457,Go Air,Hyderabad,Mumbai,04/03/2025,8:45,1h 21m,,economy,1.0,4893.48,620
7458,GoAir,Chennai,Bangalore,2025-01-16,14:00,5h 19m,non-stop,Biz,30.0,5823.38,290
7459,SpiceJet,Kolkata,Delhi,2025-05-10,18:15,2h 36m,1 Stop,Biz,40.0,24243.25,1300
7460,Go Air,Bangalore,cochin,28-Jan-2025,10:15,1h 19m,1 Stop,Eco,28.0,2550.6,360
7461,Air India,Hyderabad,cochin,12/03/2025,18:15,1h 10m,,Business,44.0,15786.9,700
7462,Go Air,MUMBAI,Hyderabad,2025-04-01,1:15,3h 0m,non-stop,economy,22.0,4133.61,620
7463,IndiGo,delhi,HYDERABAD,05/11/2025,0:15,1h 33m,1 stop,economy,60.0,8853.59,1260
7464,AIR INDIA,Banglore,HYDERABAD,2025-08-05,4:15,2h 41m,2 stops,,21.0,4813.81,500
7465,Spice Jet,Banglore,Mumbai,05-Oct-2025,10:45,1h 31m,1 Stop,BUSINESS,53.0,14905.69,840
7466,GoAir,Bangalore,Kolkata,2025-12-12,5:00,3h 28m,non-stop,Biz,5.0,30663.56,1560
7467,indigo,delhi,HYDERABAD,28-Jan-2025,0:30,2h 3m,,Eco,48.0,8651.23,1260
7468,Vistara,Banglore,Mumbai,02/19/2025,17:30,1h 17m,,Eco,52.0,6770.4,840
7469,Go Air,Kolkata,Chennai,12-Jul-2025,12:30,2h 39m,non-stop,Eco,60.0,8883.02,1360
7470,AirAsia,Chennai,cochin,08/20/2025,15:30,2h 11m,2+ stops,Business,37.0,9256.43,500
7471,Spice Jet,Chennai,Cochin,11/12/2025,8:15,7h 32m,,Business,53.0,9881.56,500
7472,GoAir,Hyderabad,Delhi,03/30/2025,10:15,1h 18m,Non Stop,BUSINESS,,23008.03,1260
7473,Vistara,MUMBAI,Mumbai,04/16/2025,15:00,2h 2m,1 Stop,Biz,12.0,23155.83,1030
7474,IndiGo,MUMBAI,HYDERABAD,08/02/2025,7:30,1h 52m,non-stop,Biz,23.0,12466.52,620
7475,AIR INDIA,Chenai,Kolkata,08/15/2025,6:00,9h 3m,1 Stop,Business,46.0,30643.32,1360
7476,AirAsia,Bangalore,Chennai,11/25/2025,8:00,1h 47m,2 stops,BUSINESS,57.0,5507.26,290
7477,Vistara,Chenai,Delhi,2025-07-06,6:00,3h 27m,1 stop,BUSINESS,16.0,38612.57,1760
7478,indigo,Hyderabad,cochin,02/08/2025,20:15,0h 37m,2+ stops,Economy,38.0,6343.66,700
7479,AIR INDIA,Bangalore,Mumbai,26-Jan-2025,5:45,3h 7m,1 stop,BUSINESS,11.0,20448.34,840
7480,GoAir,Kolkata,cochin,2025-04-11,6:00,1h 18m,1 stop,Eco,53.0,11780.68,1900
7481,AirAsia,Chenai,Chennai,2025-04-06,6:15,1h 32m,non-stop,Eco,22.0,6172.29,1030
7482,Air India,Mumbai,Kolkata,26/07/2025,22:45,4h 30m,2+ stops,BUSINESS,43.0,39550.62,1650
7483,Air India,Banglore,Mumbai,2025-05-04,19:30,1h 1m,,economy,23.0,,840
7484,Go Air,Banglore,Kolkata,2025-11-01,7:00,3h 13m,Non Stop,economy,31.0,8889.16,1560
7485,GoAir,Chennai,HYDERABAD,04-Feb-2025,16:00,2h 0m,,Business,54.0,9006.66,515
7486,Spice Jet,Delhi,Kolkata,27/10/2025,22:45,1h 11m,1 stop,BUSINESS,58.0,24882.49,1300
7487,Vistara,Mumbai,Hyderabad,2025-03-26,0:00,,,Economy,16.0,6005.69,620
7488,Air India,MUMBAI,Bangalore,2025-04-06,1:15,1h 7m,,Business,49.0,18398.13,840
7489,Go Air,Banglore,HYDERABAD,2025-11-04,15:15,6h 11m,Non Stop,Economy,15.0,4261.17,500
7490,AirAsia,Chennai,Hyderabad,2025-05-09,4:30,1h 24m,2+ stops,Business,37.0,10423.85,515
7491,Air India,delhi,Delhi,2025-03-07,2:15,0h 45m,2+ stops,Economy,7.0,9073.58,1030
7492,Air India,Kolkata,cochin,14/02/2025,12:15,6h 42m,2+ stops,Economy,5.0,18279.38,1900
7493,indigo,Hyderabad,Bangalore,04/25/2025,6:15,1h 39m,non-stop,BUSINESS,,11252.81,500
7494,indigo,Bangalore,Chennai,07/04/2025,2:30,4h 14m,2+ stops,Business,7.0,8108.38,290
7495,AIR INDIA,Delhi,Hyderabad,2025-03-22,5:00,1h 29m,,Eco,37.0,8918.32,1260
7496,AirAsia,Delhi,cochin,06/19/2025,13:30,2h 17m,2+ stops,BUSINESS,37.0,41588.22,2100
7497,AirAsia,Bangalore,HYDERABAD,2025-05-24,0:30,2h 22m,2+ stops,Biz,16.0,11074.94,500
7498,Go Air,Delhi,Bangalore,2025-05-29,1:15,2h 0m,2+ stops,Business,6.0,38263.41,1740
7499,Go Air,delhi,Chennai,17/01/2025,21:00,3h 28m,1 stop,Economy,54.0,11289.72,1760
7500,Spice Jet,Kolkata,Mumbai,08/21/2025,7:00,3h 27m,1 stop,economy,38.0,11605.47,1650
7501,AIR INDIA,Mumbai,HYDERABAD,08/07/2025,3:30,3h 20m,2 stops,BUSINESS,59.0,14577.81,620
7502,GoAir,MUMBAI,Cochin,16-May-2025,14:30,5h 32m,non-stop,Business,23.0,18461.81,860
7503,AirAsia,Kolkata,Bangalore,09/13/2025,0:45,0h 44m,non-stop,Biz,20.0,28077.95,1560
7504,SpiceJet,MUMBAI,Mumbai,09/03/2025,13:15,2h 59m,2+ stops,Economy,21.0,7331.7,1030
7505,GoAir,Banglore,Delhi,08/12/2025,5:45,1h 55m,2 stops,BUSINESS,59.0,32984.38,1740
7506,Go Air,delhi,HYDERABAD,2025-05-23,8:15,1h 41m,2 stops,Eco,9.0,10307.87,1260
7507,IndiGo,Chennai,Mumbai,01-May-2025,12:15,1h 53m,1 stop,economy,60.0,6703.6,1030
7508,AIR INDIA,Mumbai,Bangalore,02/01/2025,22:30,1h 56m,,Business,32.0,19726.1,840
7509,Vistara,MUMBAI,cochin,2025-10-29,23:45,4h 54m,,Economy,43.0,7356.56,860
7510,Air India,Delhi,Chennai,20/02/2025,13:00,4h 28m,,Eco,,13823.11,1760
7511,SpiceJet,delhi,cochin,04-Apr-2025,8:45,4h 3m,1 Stop,,15.0,43247.91,2100
7512,GoAir,delhi,cochin,2025-08-29,6:15,3h 16m,1 Stop,Biz,22.0,,2100
7513,IndiGo,Kolkata,Hyderabad,02-Jun-2025,22:00,2h 37m,2 stops,Economy,3.0,8305.12,1190
7514,Go Air,Bangalore,Mumbai,15-Jul-2025,17:45,2h 43m,non-stop,economy,53.0,4949.82,840
7515,Air India,Mumbai,Hyderabad,23-Sep-2025,18:30,1h 47m,1 stop,Economy,20.0,5015.92,620
7516,indigo,Mumbai,Bangalore,06/08/2025,15:45,3h 21m,non-stop,Business,7.0,19290.82,840
7517,Go Air,MUMBAI,Delhi,14-Mar-2025,14:00,3h 25m,1 Stop,Eco,57.0,7301.66,1150
7518,Air India,Bangalore,Chennai,2025-06-02,20:15,3h 6m,Non Stop,BUSINESS,3.0,,290
7519,Air India,Hyderabad,Chennai,06/15/2025,3:15,2h 23m,,BUSINESS,39.0,10988.62,515
7520,Vistara,Delhi,cochin,30/11/2025,21:45,3h 51m,Non Stop,Economy,25.0,16852.72,2100
7521,IndiGo,Mumbai,Delhi,04/16/2025,10:15,2h 52m,2+ stops,Business,34.0,27966.08,1150
7522,Go Air,Banglore,Hyderabad,25/12/2025,17:00,1h 46m,1 Stop,Biz,54.0,9932.32,500
7523,Vistara,delhi,cochin,01-Dec-2025,1:00,6h 58m,1 Stop,Biz,12.0,53385.79,2100
7524,Air India,Hyderabad,Delhi,09/05/2025,22:30,2h 30m,non-stop,Eco,56.0,7985.58,1260
7525,SpiceJet,MUMBAI,Mumbai,2025-01-16,17:45,2h 1m,2 stops,Economy,11.0,7630.62,1030
7526,Air India,MUMBAI,Chennai,2025-09-04,5:15,1h 57m,1 Stop,BUSINESS,13.0,27165.48,1030
7527,IndiGo,Delhi,Hyderabad,01/11/2025,15:00,2h 0m,,Biz,34.0,27753.17,1260
7528,Go Air,Hyderabad,Cochin,05/30/2025,12:00,1h 6m,2 stops,Eco,58.0,4226.11,700
7529,SpiceJet,Kolkata,Chennai,18/04/2025,13:30,1h 43m,Non Stop,Biz,35.0,25343.39,1360
7530,AIR INDIA,Delhi,cochin,18-Apr-2025,17:30,2h 25m,,BUSINESS,49.0,45530.67,2100
7531,GoAir,Banglore,Kolkata,07/28/2025,12:30,1h 0m,non-stop,Eco,58.0,8703.45,1560
7532,GoAir,MUMBAI,Hyderabad,02/04/2025,22:15,1h 53m,2 stops,BUSINESS,13.0,11501.2,620
7533,,Hyderabad,Mumbai,2025-05-05,1:30,4h 56m,Non Stop,Biz,37.0,12722.53,620
7534,GoAir,Hyderabad,Kolkata,23-Jun-2025,21:45,6h 4m,,Economy,28.0,8026.46,1190
7535,Spice Jet,Chennai,cochin,29-Sep-2025,16:15,4h 31m,,Business,1.0,10669.64,500
7536,Vistara,MUMBAI,cochin,01/27/2025,1:30,0h 48m,,BUSINESS,2.0,21155.79,860
7537,,Kolkata,Delhi,19-Oct-2025,12:30,1h 8m,2 stops,economy,30.0,9565.34,1300
7538,IndiGo,Hyderabad,cochin,2025-06-02,0:30,0h 39m,non-stop,Economy,42.0,4756.21,700
7539,IndiGo,Kolkata,HYDERABAD,2025-12-13,8:00,1h 55m,1 stop,BUSINESS,19.0,24226.21,1190
7540,Spice Jet,delhi,Kolkata,09-Sep-2025,0:00,0h 51m,,Business,53.0,23750.18,1300
7541,Air India,Bangalore,Chennai,10/16/2025,16:00,3h 36m,2+ stops,economy,24.0,2648.55,290
7542,AirAsia,Bangalore,cochin,2025-12-08,7:00,2h 32m,,Biz,8.0,7687.51,360
7543,SpiceJet,Hyderabad,Delhi,04/26/2025,20:15,1h 13m,1 stop,Eco,13.0,7413.22,1260
7544,Go Air,Bangalore,cochin,07/20/2025,6:45,1h 6m,non-stop,Eco,50.0,2399.16,360
7545,IndiGo,delhi,Bangalore,2025-03-16,1:00,2h 35m,2 stops,BUSINESS,5.0,42499.06,1740
7546,Vistara,Chennai,HYDERABAD,19/03/2025,5:30,5h 50m,Non Stop,Business,14.0,11811.94,515
7547,Air India,Hyderabad,Chennai,10-Nov-2025,5:30,3h 15m,1 stop,BUSINESS,,12484.24,515
7548,,Hyderabad,Kolkata,28/07/2025,15:00,3h 57m,1 Stop,Eco,11.0,9824.18,1190
7549,Spice Jet,MUMBAI,Delhi,22/05/2025,8:15,2h 31m,Non Stop,economy,47.0,5859.67,1150
7550,Air India,MUMBAI,cochin,11/05/2025,18:30,4h 59m,non-stop,economy,55.0,6320.46,860
7551,SpiceJet,Bangalore,HYDERABAD,2025-10-02,18:00,1h 39m,2+ stops,Business,31.0,9077.6,500
7552,Air India,Chenai,Mumbai,2025-10-01,5:45,1h 40m,Non Stop,Biz,18.0,22806.71,1030
7553,Vistara,Banglore,Chennai,12/22/2025,18:15,6h 49m,1 Stop,economy,8.0,3239.79,290
7554,indigo,Chennai,Bangalore,14/01/2025,14:15,3h 18m,2+ stops,BUSINESS,30.0,5981.52,290
7555,Vistara,Bangalore,Kolkata,2025-03-23,16:30,2h 1m,non-stop,,28.0,13324.07,1560
7556,indigo,Chenai,Mumbai,2025-03-27,22:45,5h 12m,Non Stop,BUSINESS,42.0,20630.73,1030
7557,indigo,Mumbai,Hyderabad,19-Sep-2025,9:30,2h 46m,Non Stop,BUSINESS,38.0,11786.42,620
7558,GoAir,Kolkata,Chennai,29/08/2025,13:00,0h 47m,Non Stop,Business,1.0,29526.28,1360
7559,,Chennai,HYDERABAD,23-Aug-2025,16:45,3h 35m,non-stop,BUSINESS,22.0,9745.99,515
7560,indigo,Chenai,Mumbai,03/11/2025,19:00,2h 33m,,BUSINESS,24.0,20349.45,1030
7561,IndiGo,Chennai,Kolkata,02-Mar-2025,0:15,6h 0m,1 Stop,Biz,60.0,22753.44,1360
7562,AIR INDIA,MUMBAI,Mumbai,2025-03-23,16:30,2h 40m,2+ stops,Eco,28.0,9768.89,1030
7563,IndiGo,Bangalore,Mumbai,2025-03-01,5:00,1h 22m,,Biz,44.0,17293.42,840
7564,AIR INDIA,Chennai,cochin,26-Feb-2025,22:45,1h 43m,1 stop,economy,29.0,4292.03,500
7565,Go Air,MUMBAI,Kolkata,2025-12-09,16:00,0h 42m,Non Stop,Eco,26.0,10671.93,1650
7566,indigo,Bangalore,Mumbai,03/04/2025,18:00,1h 1m,,Eco,25.0,6397.73,840
7567,SpiceJet,Kolkata,Cochin,06-Oct-2025,20:00,1h 48m,non-stop,Economy,53.0,11546.77,1900
7568,Vistara,Bangalore,Cochin,02/04/2025,4:00,2h 11m,2+ stops,Eco,30.0,3519.2,360
7569,Vistara,Chennai,Cochin,23/08/2025,22:45,2h 4m,1 stop,Biz,50.0,11382.12,500
7570,GoAir,Banglore,Mumbai,2025-06-15,2:00,4h 34m,non-stop,Economy,28.0,5609.09,840
7571,Vistara,Mumbai,Hyderabad,07/09/2025,16:00,4h 9m,2+ stops,Eco,26.0,5841.82,620
7572,AIR INDIA,Hyderabad,Kolkata,2025-11-28,22:15,1h 47m,,Eco,9.0,9884.75,1190
7573,GoAir,delhi,Cochin,25-Mar-2025,19:45,3h 37m,,Economy,35.0,13854.0,2100
7574,AIR INDIA,Bangalore,Kolkata,01/07/2025,8:00,2h 2m,1 Stop,Economy,17.0,11284.97,1560
7575,Air India,Chennai,Cochin,09/26/2025,13:00,0h 57m,,BUSINESS,24.0,10676.21,500
7576,Vistara,Bangalore,Delhi,07/30/2025,11:45,2h 7m,1 Stop,Economy,57.0,13624.11,1740
7577,Spice Jet,delhi,cochin,15-Aug-2025,18:45,1h 1m,2+ stops,Eco,37.0,14614.14,2100
7578,Spice Jet,Mumbai,HYDERABAD,23-Mar-2025,4:00,2h 30m,1 Stop,Business,43.0,12568.63,620
7579,Vistara,Mumbai,cochin,06-Sep-2025,12:00,2h 45m,non-stop,Economy,45.0,6130.39,860
7580,SpiceJet,Mumbai,Delhi,09/02/2025,8:15,1h 5m,2 stops,Biz,48.0,20581.91,1150
7581,AIR INDIA,Chenai,Bangalore,05/03/2025,14:00,2h 9m,1 stop,Business,16.0,6774.75,290
7582,GoAir,Bangalore,Hyderabad,2025-07-15,4:30,,2+ stops,Business,39.0,10385.14,500
7583,Go Air,Chenai,Bangalore,2025-04-03,4:15,2h 26m,Non Stop,Biz,32.0,5525.22,290
7584,SpiceJet,MUMBAI,cochin,30/08/2025,14:15,5h 56m,1 stop,Eco,19.0,7069.47,860
7585,Vistara,MUMBAI,cochin,2025-08-20,2:00,4h 16m,non-stop,Business,51.0,18662.09,860
7586,SpiceJet,Delhi,Kolkata,12/06/2025,22:45,2h 14m,Non Stop,Biz,26.0,27742.26,1300
7587,Go Air,Banglore,Mumbai,2025-02-22,8:45,4h 24m,1 stop,Eco,37.0,6048.89,840
7588,Spice Jet,Bangalore,Chennai,19-Oct-2025,17:45,2h 49m,Non Stop,Biz,40.0,4946.35,290
7589,AirAsia,Hyderabad,HYDERABAD,05/04/2025,9:45,4h 49m,2 stops,BUSINESS,7.0,23167.04,1030
7590,IndiGo,Hyderabad,Mumbai,11-Feb-2025,22:00,3h 46m,,BUSINESS,4.0,12944.74,620
7591,IndiGo,Mumbai,Delhi,11/28/2025,5:00,3h 31m,2 stops,Eco,13.0,9298.32,1150
7592,Air India,Bangalore,HYDERABAD,01/07/2025,6:45,4h 27m,1 Stop,Economy,18.0,4277.88,500
7593,IndiGo,delhi,HYDERABAD,09/28/2025,16:30,3h 32m,1 Stop,Economy,60.0,9583.42,1260
7594,Air India,Hyderabad,Cochin,18-Oct-2025,3:30,6h 15m,2 stops,BUSINESS,9.0,19487.55,700
7595,Go Air,Bangalore,Kolkata,24-May-2025,11:00,0h 46m,Non Stop,economy,28.0,9443.08,1560
7596,AirAsia,Banglore,Cochin,19/12/2025,8:00,2h 43m,non-stop,economy,4.0,2767.28,360
7597,Vistara,Hyderabad,Mumbai,02/17/2025,20:15,2h 45m,non-stop,Eco,8.0,5415.69,620
7598,GoAir,Delhi,Hyderabad,25-Sep-2025,1:00,2h 47m,,Economy,44.0,8649.89,1260
7599,AIR INDIA,Bangalore,cochin,01/12/2025,5:30,1h 43m,,BUSINESS,33.0,8348.28,360
7600,Go Air,Chennai,Delhi,2025-10-17,14:30,1h 55m,1 Stop,Economy,51.0,10310.27,1760
7601,Air India,Chenai,Kolkata,07/01/2025,3:00,2h 36m,1 stop,economy,38.0,9880.18,1360
7602,GoAir,Hyderabad,cochin,05/27/2025,7:30,4h 27m,2+ stops,BUSINESS,36.0,14927.51,700
7603,SpiceJet,Banglore,cochin,02-Feb-2025,22:15,4h 24m,2+ stops,Biz,42.0,8628.91,360
7604,AirAsia,Kolkata,Chennai,01/27/2025,19:45,1h 4m,2 stops,BUSINESS,12.0,28557.25,1360
7605,IndiGo,delhi,Bangalore,10-Oct-2025,11:45,2h 23m,non-stop,Eco,43.0,10928.62,1740
7606,Spice Jet,Delhi,Mumbai,15-Aug-2025,2:30,2h 48m,1 Stop,economy,55.0,7769.15,1150
7607,Go Air,Kolkata,Chennai,10-Dec-2025,20:15,2h 52m,1 Stop,Biz,9.0,27313.13,1360
7608,Vistara,Bangalore,Hyderabad,06/11/2025,18:45,1h 30m,,Business,47.0,11959.43,500
7609,Vistara,Chenai,Kolkata,21-Nov-2025,11:30,1h 16m,Non Stop,Biz,56.0,32399.82,1360
7610,AIR INDIA,Mumbai,cochin,09/06/2025,13:45,6h 45m,1 Stop,BUSINESS,25.0,,860
7611,indigo,Hyderabad,Kolkata,03/16/2025,20:45,3h 40m,2 stops,Eco,13.0,9939.57,1190
7612,IndiGo,Chenai,Hyderabad,18/10/2025,5:30,2h 53m,,Business,40.0,10318.3,515
7613,SpiceJet,Banglore,Delhi,2025-08-17,19:15,5h 52m,1 stop,Eco,49.0,11430.32,1740
7614,indigo,Kolkata,Bangalore,2025-11-01,1:00,2h 12m,Non Stop,Biz,58.0,28770.92,1560
7615,SpiceJet,Banglore,Mumbai,08/15/2025,15:45,2h 38m,,Business,18.0,17209.84,840
7616,IndiGo,Kolkata,Chennai,09/12/2025,21:15,1h 15m,,economy,48.0,10582.74,1360
7617,Spice Jet,Banglore,Mumbai,08-Apr-2025,3:45,1h 58m,2 stops,Eco,2.0,6456.51,840
7618,indigo,Mumbai,Kolkata,02/18/2025,7:45,4h 52m,non-stop,Biz,30.0,34249.44,1650
7619,IndiGo,Chennai,Hyderabad,19/01/2025,16:15,1h 28m,2 stops,Business,48.0,9614.34,515
7620,SpiceJet,Mumbai,cochin,16-May-2025,19:45,2h 8m,2 stops,economy,6.0,6847.27,860
7621,SpiceJet,Kolkata,Delhi,27/12/2025,19:45,2h 4m,,BUSINESS,46.0,26355.69,1300
7622,AIR INDIA,Hyderabad,Mumbai,07/20/2025,16:30,0h 55m,Non Stop,Business,23.0,13311.5,620
7623,AIR INDIA,Bangalore,Kolkata,23-Jul-2025,10:45,4h 11m,non-stop,Eco,19.0,10194.49,1560
7624,indigo,Delhi,Cochin,2025-11-24,22:15,1h 53m,1 stop,Biz,28.0,43634.67,2100
7625,AirAsia,delhi,Delhi,20-Feb-2025,11:30,1h 19m,,Economy,7.0,7135.79,1030
7626,Spice Jet,Hyderabad,HYDERABAD,05/15/2025,2:15,3h 13m,1 Stop,Economy,27.0,7622.97,1030
7627,GoAir,Hyderabad,cochin,02-Dec-2025,18:45,3h 40m,2+ stops,Eco,40.0,5942.61,700
7628,SpiceJet,Chenai,cochin,04/11/2025,2:15,3h 21m,,BUSINESS,,10078.69,500
7629,Air India,Kolkata,Mumbai,22-Feb-2025,22:45,1h 27m,Non Stop,Economy,15.0,11895.18,1650
7630,IndiGo,Chenai,Chennai,05/13/2025,21:00,3h 36m,2 stops,Economy,43.0,7139.72,1030
7631,Vistara,Hyderabad,Bangalore,2025-03-11,6:45,7h 13m,non-stop,economy,35.0,4588.9,500
7632,SpiceJet,MUMBAI,cochin,04/13/2025,9:00,2h 12m,non-stop,,35.0,5906.27,860
7633,SpiceJet,Kolkata,Chennai,08/09/2025,10:30,0h 55m,,BUSINESS,60.0,23851.22,1360
7634,AIR INDIA,Kolkata,Hyderabad,31/08/2025,7:45,1h 22m,1 stop,,5.0,29894.27,1190
7635,,Delhi,cochin,08/03/2025,6:15,1h 24m,2 stops,Business,49.0,44160.77,2100
7636,AIR INDIA,Chenai,Hyderabad,06/16/2025,5:00,2h 1m,Non Stop,Business,13.0,11909.05,515
7637,,Bangalore,Mumbai,27-Oct-2025,15:30,1h 13m,Non Stop,economy,18.0,5730.03,840
7638,IndiGo,Delhi,Bangalore,22/04/2025,11:00,1h 52m,non-stop,Biz,45.0,32211.87,1740
7639,Spice Jet,Delhi,Cochin,08/17/2025,17:00,8h 5m,,Biz,37.0,35122.1,2100
7640,AirAsia,Delhi,Hyderabad,2025-04-13,23:45,2h 6m,,Economy,54.0,7809.61,1260
7641,SpiceJet,Delhi,Chennai,2025-05-29,4:00,1h 15m,Non Stop,BUSINESS,12.0,34870.85,1760
7642,Spice Jet,Mumbai,Kolkata,2025-02-17,15:45,2h 3m,non-stop,Biz,5.0,33705.38,1650
7643,Air India,Chenai,Kolkata,12/30/2025,2:00,4h 46m,2 stops,Biz,9.0,34956.17,1360
7644,AirAsia,Banglore,Kolkata,10/27/2025,6:30,1h 5m,non-stop,Eco,1.0,10524.16,1560
7645,,Chennai,HYDERABAD,04/01/2025,23:30,10h 6m,non-stop,economy,6.0,4741.47,515
7646,Vistara,Banglore,HYDERABAD,05/28/2025,18:45,1h 45m,2+ stops,Biz,53.0,12147.43,500
7647,SpiceJet,Banglore,Hyderabad,03/03/2025,4:30,2h 13m,2 stops,Economy,22.0,3602.2,500
7648,GoAir,Delhi,cochin,17/05/2025,18:00,5h 27m,non-stop,Business,46.0,36084.79,2100
7649,Vistara,Kolkata,Cochin,2025-09-04,8:30,2h 45m,1 stop,Biz,41.0,42959.96,1900
7650,AIR INDIA,delhi,Chennai,12-Feb-2025,1:15,1h 22m,non-stop,BUSINESS,33.0,35731.79,1760
7651,IndiGo,Mumbai,cochin,16/07/2025,1:15,1h 11m,1 stop,Economy,52.0,6206.19,860
7652,Go Air,Chenai,Chennai,09-Jul-2025,0:45,1h 58m,,BUSINESS,11.0,20282.75,1030
7653,indigo,Banglore,Chennai,11/10/2025,19:45,2h 15m,2+ stops,Eco,33.0,2644.75,290
7654,Go Air,Delhi,Cochin,2025-03-22,2:15,2h 17m,Non Stop,Biz,38.0,,2100
7655,indigo,Kolkata,Cochin,2025-09-16,19:45,11h 40m,Non Stop,Biz,9.0,42581.02,1900
7656,AIR INDIA,delhi,Mumbai,02/07/2025,18:45,2h 9m,1 stop,Biz,54.0,25560.16,1150
7657,SpiceJet,MUMBAI,Bangalore,07-Sep-2025,18:00,0h 52m,1 Stop,economy,37.0,5937.57,840
7658,AIR INDIA,Chenai,Chennai,28-Apr-2025,23:30,,2 stops,Eco,24.0,7502.32,1030
7659,SpiceJet,delhi,cochin,01/26/2025,22:15,3h 32m,,BUSINESS,59.0,40969.17,2100
7660,IndiGo,Hyderabad,Delhi,03/21/2025,2:00,6h 15m,non-stop,Eco,60.0,9165.4,1260
7661,Air India,delhi,Mumbai,01/25/2025,22:15,1h 0m,Non Stop,Business,4.0,25709.44,1150
7662,AIR INDIA,MUMBAI,cochin,2025-04-11,22:30,1h 34m,1 stop,Business,33.0,19574.4,860
7663,IndiGo,MUMBAI,Chennai,19/04/2025,19:00,4h 42m,,Biz,43.0,19933.29,1030
7664,AirAsia,Hyderabad,Mumbai,13/05/2025,9:00,1h 47m,Non Stop,Business,4.0,10743.22,620
7665,AIR INDIA,Delhi,Mumbai,13/04/2025,1:45,4h 34m,non-stop,BUSINESS,52.0,22532.04,1150
7666,Spice Jet,Hyderabad,cochin,04/08/2025,13:15,2h 22m,,Eco,17.0,5025.6,700
7667,indigo,Hyderabad,cochin,2025-10-15,13:00,,non-stop,Economy,34.0,4886.06,700
7668,AIR INDIA,Kolkata,Hyderabad,2025-09-23,0:30,8h 13m,,BUSINESS,1.0,27771.17,1190
7669,Go Air,MUMBAI,Mumbai,05/26/2025,4:30,1h 49m,2+ stops,BUSINESS,12.0,21820.54,1030
7670,Go Air,Chenai,cochin,2025-06-18,13:30,1h 36m,,BUSINESS,52.0,9367.88,500
7671,,Hyderabad,Kolkata,2025-03-04,6:15,5h 52m,Non Stop,economy,26.0,8269.12,1190
7672,indigo,Hyderabad,Chennai,01/28/2025,6:45,2h 18m,1 Stop,Biz,45.0,10949.37,515
7673,IndiGo,Kolkata,Delhi,12/12/2025,11:30,2h 45m,2 stops,Business,16.0,30595.99,1300
7674,AIR INDIA,delhi,Delhi,2025-05-31,14:30,2h 56m,2+ stops,BUSINESS,14.0,30170.61,1030
7675,IndiGo,Chennai,cochin,06-Dec-2025,1:00,4h 46m,non-stop,economy,56.0,3991.0,500
7676,GoAir,Banglore,Mumbai,06/19/2025,5:45,5h 57m,1 stop,BUSINESS,40.0,16624.03,840
7677,AIR INDIA,Chennai,Cochin,12/10/2025,11:45,3h 2m,2 stops,Biz,34.0,11522.31,500
7678,SpiceJet,delhi,Hyderabad,2025-05-14,15:15,2h 47m,1 Stop,Biz,60.0,23445.64,1260
7679,Air India,Hyderabad,HYDERABAD,2025-04-26,5:00,2h 58m,2 stops,Eco,52.0,8146.77,1030
7680,IndiGo,Mumbai,cochin,2025-03-13,8:30,2h 7m,Non Stop,BUSINESS,47.0,16038.07,860
7681,AIR INDIA,MUMBAI,Bangalore,15-Oct-2025,20:30,5h 16m,2 stops,BUSINESS,52.0,19866.17,840
7682,indigo,Kolkata,cochin,2025-04-16,17:00,1h 2m,,Economy,25.0,12395.36,1900
7683,AIR INDIA,Delhi,Chennai,06/08/2025,3:45,,non-stop,Biz,15.0,38917.66,1760
7684,GoAir,Banglore,HYDERABAD,2025-07-28,10:15,1h 21m,1 stop,BUSINESS,8.0,10856.52,500
7685,Vistara,MUMBAI,Kolkata,03/04/2025,9:00,3h 15m,2+ stops,,49.0,13332.1,1650
7686,AirAsia,Delhi,Kolkata,2025-04-17,20:45,,non-stop,Eco,22.0,8293.36,1300
7687,IndiGo,Chenai,Delhi,22-May-2025,2:45,1h 28m,1 stop,economy,17.0,12757.89,1760
7688,Spice Jet,Kolkata,Hyderabad,17/04/2025,6:15,3h 57m,1 Stop,economy,53.0,7471.71,1190
7689,Air India,Hyderabad,Mumbai,05/31/2025,2:45,1h 42m,2 stops,Economy,6.0,5903.56,620
7690,Vistara,Chenai,Hyderabad,08/11/2025,5:00,0h 54m,1 Stop,Business,5.0,12200.57,515
7691,GoAir,Kolkata,Hyderabad,20/12/2025,13:45,6h 16m,Non Stop,Business,18.0,23712.27,1190
7692,AIR INDIA,Hyderabad,Kolkata,26/11/2025,0:30,1h 25m,2+ stops,Economy,9.0,10752.71,1190
7693,SpiceJet,Bangalore,HYDERABAD,10/18/2025,10:15,2h 13m,2 stops,Eco,16.0,3762.48,500
7694,Air India,Kolkata,Mumbai,09/09/2025,8:45,3h 13m,non-stop,Eco,6.0,13044.07,1650
7695,Go Air,delhi,Delhi,04/02/2025,10:00,4h 19m,1 Stop,Biz,35.0,18938.18,1030
7696,Spice Jet,Hyderabad,cochin,2025-03-20,16:30,1h 39m,2 stops,BUSINESS,40.0,15441.66,700
7697,IndiGo,MUMBAI,Hyderabad,2025-02-19,18:15,,,Economy,31.0,4355.9,620
7698,indigo,Hyderabad,Delhi,31-Aug-2025,17:45,4h 49m,Non Stop,Business,27.0,24626.67,1260
7699,Air India,Kolkata,Mumbai,11/04/2025,12:30,1h 30m,non-stop,Business,17.0,33932.27,1650
7700,IndiGo,MUMBAI,Chennai,2025-06-23,13:45,1h 43m,2 stops,BUSINESS,49.0,19568.06,1030
7701,AIR INDIA,Kolkata,Hyderabad,12-Feb-2025,19:45,,Non Stop,Economy,17.0,10146.89,1190
7702,SpiceJet,Mumbai,Chennai,2025-12-17,18:15,,Non Stop,Eco,25.0,7242.5,1030
7703,AIR INDIA,Kolkata,Mumbai,03/03/2025,13:45,1h 43m,,BUSINESS,37.0,36565.48,1650
7704,Spice Jet,Bangalore,Hyderabad,2025-01-24,7:30,2h 9m,1 Stop,Economy,,3567.01,500
7705,IndiGo,Mumbai,Bangalore,02/19/2025,4:30,4h 0m,,economy,31.0,6704.78,840
7706,indigo,Delhi,Cochin,2025-05-11,11:45,0h 48m,Non Stop,BUSINESS,21.0,40462.97,2100
7707,Vistara,Delhi,Kolkata,08/04/2025,10:00,4h 2m,Non Stop,economy,13.0,11109.23,1300
7708,IndiGo,delhi,Cochin,2025-09-28,14:45,1h 43m,2 stops,economy,3.0,15646.18,2100
7709,SpiceJet,MUMBAI,Mumbai,11/18/2025,17:30,2h 7m,Non Stop,BUSINESS,51.0,17835.12,1030
7710,AIR INDIA,Banglore,Chennai,07-Oct-2025,21:30,6h 4m,1 Stop,Business,31.0,7551.97,290
7711,Spice Jet,Kolkata,Delhi,2025-06-21,5:00,2h 8m,2 stops,Economy,52.0,9189.04,1300
7712,SpiceJet,Delhi,HYDERABAD,30-Jul-2025,23:15,2h 27m,,BUSINESS,58.0,23974.36,1260
7713,Air India,Banglore,Kolkata,07/30/2025,16:30,6h 23m,,Business,15.0,34498.61,1560
7714,Air India,delhi,Chennai,2025-12-23,20:30,2h 25m,1 stop,Biz,,38405.16,1760
7715,Vistara,Kolkata,Hyderabad,24-Sep-2025,5:45,2h 40m,2 stops,Economy,1.0,10874.25,1190
7716,Air India,Mumbai,Kolkata,17/08/2025,15:15,4h 53m,2 stops,Economy,41.0,12367.53,1650
7717,GoAir,Delhi,HYDERABAD,20-Nov-2025,15:45,1h 23m,,Economy,45.0,8740.11,1260
7718,Vistara,Kolkata,Mumbai,2025-02-16,22:00,1h 5m,non-stop,Eco,55.0,9949.92,1650
7719,,Delhi,cochin,28/02/2025,11:15,1h 6m,1 stop,Eco,46.0,13434.05,2100
7720,IndiGo,Mumbai,Cochin,2025-05-12,4:45,3h 3m,non-stop,economy,50.0,5683.55,860
7721,SpiceJet,Chenai,Chennai,2025-03-01,12:45,4h 40m,non-stop,Biz,57.0,15314.21,1030
7722,Air India,Delhi,cochin,23/11/2025,10:00,2h 25m,,economy,35.0,14456.11,2100
7723,SpiceJet,Mumbai,Delhi,04-Oct-2025,17:30,1h 49m,1 stop,Business,,23693.18,1150
7724,AirAsia,Hyderabad,Chennai,08/17/2025,0:30,1h 51m,1 Stop,Eco,31.0,3605.52,515
7725,Spice Jet,MUMBAI,Bangalore,2025-08-11,2:30,1h 20m,1 Stop,Biz,13.0,19174.06,840
7726,Spice Jet,Chennai,Cochin,18/10/2025,4:15,3h 12m,2+ stops,Biz,37.0,11949.2,500
7727,,Chenai,HYDERABAD,2025-05-28,4:30,2h 51m,non-stop,Biz,8.0,11538.33,515
7728,AirAsia,Delhi,Hyderabad,08-Jun-2025,7:15,0h 37m,2+ stops,Eco,46.0,8533.31,1260
7729,GoAir,Hyderabad,HYDERABAD,04/06/2025,17:00,1h 15m,2+ stops,BUSINESS,58.0,20152.72,1030
7730,,MUMBAI,Delhi,2025-05-25,6:45,3h 16m,non-stop,BUSINESS,16.0,20176.6,1150
7731,Go Air,Bangalore,Delhi,2025-02-15,8:45,2h 25m,2+ stops,Biz,14.0,34924.02,1740
7732,Air India,Chennai,Delhi,07-Mar-2025,14:00,1h 21m,2 stops,BUSINESS,27.0,41630.73,1760
7733,Vistara,delhi,Mumbai,23/02/2025,6:45,3h 43m,non-stop,BUSINESS,46.0,25681.11,1150
7734,indigo,Delhi,Hyderabad,2025-12-28,7:00,2h 57m,2+ stops,Eco,16.0,10430.43,1260
7735,AIR INDIA,delhi,Chennai,2025-02-01,13:00,1h 11m,1 stop,Economy,39.0,12350.11,1760
7736,Air India,Mumbai,Hyderabad,04/11/2025,2:00,3h 45m,non-stop,Eco,1.0,5640.04,620
7737,AIR INDIA,Hyderabad,Bangalore,02/10/2025,4:45,6h 54m,1 Stop,Economy,,4992.84,500
7738,Vistara,Mumbai,HYDERABAD,30/08/2025,20:30,1h 42m,,Eco,3.0,5835.84,620
7739,SpiceJet,Chenai,Chennai,08/13/2025,22:30,1h 16m,,Eco,2.0,8040.9,1030
7740,Vistara,MUMBAI,Chennai,09/06/2025,4:30,2h 26m,1 stop,Eco,51.0,7655.09,1030
7741,indigo,delhi,HYDERABAD,08-May-2025,19:45,0h 44m,non-stop,BUSINESS,18.0,27547.71,1260
7742,GoAir,Bangalore,Kolkata,09/04/2025,1:00,4h 52m,2 stops,BUSINESS,16.0,33221.56,1560
7743,AIR INDIA,Banglore,Cochin,05/18/2025,7:45,9h 15m,non-stop,Eco,38.0,3703.04,360
7744,Air India,Banglore,cochin,2025-04-16,17:30,1h 57m,2 stops,economy,26.0,3322.4,360
7745,AirAsia,Kolkata,Delhi,2025-10-20,6:45,1h 13m,Non Stop,Business,22.0,23670.04,1300
7746,Vistara,Delhi,Mumbai,15/05/2025,14:30,3h 46m,1 Stop,Business,34.0,25350.26,1150
7747,IndiGo,delhi,cochin,29-Dec-2025,16:00,4h 14m,,BUSINESS,53.0,40783.04,2100
7748,SpiceJet,Kolkata,Mumbai,26-Jan-2025,4:00,4h 52m,2 stops,Business,19.0,37335.56,1650
7749,Air India,delhi,Delhi,05-Aug-2025,13:45,1h 30m,,BUSINESS,21.0,23150.96,1030
7750,AirAsia,delhi,Delhi,17-Sep-2025,11:15,2h 25m,2+ stops,,31.0,7747.22,1030
7751,AirAsia,Banglore,Kolkata,07/31/2025,8:45,1h 34m,2 stops,Biz,31.0,31700.06,1560
7752,AIR INDIA,delhi,Cochin,08/28/2025,0:45,1h 3m,2 stops,economy,,16239.08,2100
7753,AIR INDIA,Chenai,Mumbai,20/12/2025,21:00,3h 23m,Non Stop,Economy,4.0,9071.46,1030
7754,GoAir,Mumbai,Bangalore,21/04/2025,16:00,5h 28m,2+ stops,Economy,44.0,6205.56,840
7755,SpiceJet,Chenai,Mumbai,29/11/2025,7:15,4h 13m,1 stop,Economy,20.0,8205.93,1030
7756,IndiGo,delhi,Mumbai,22-Feb-2025,6:00,1h 23m,2 stops,Economy,59.0,8148.42,1150
7757,AirAsia,Chennai,Mumbai,2025-05-02,18:00,4h 52m,1 Stop,Eco,27.0,7092.45,1030
7758,AirAsia,Mumbai,Delhi,05/01/2025,15:15,3h 53m,non-stop,economy,15.0,7262.71,1150
7759,SpiceJet,Bangalore,Chennai,2025-10-18,0:45,6h 45m,non-stop,BUSINESS,57.0,5853.47,290
7760,GoAir,Hyderabad,Bangalore,2025-07-04,13:30,5h 21m,1 Stop,economy,31.0,3876.23,500
7761,AIR INDIA,MUMBAI,HYDERABAD,12/26/2025,23:45,4h 18m,2 stops,Biz,22.0,14140.94,620
7762,IndiGo,Mumbai,cochin,2025-11-28,14:00,1h 48m,1 Stop,Economy,60.0,5751.61,860
7763,Go Air,Hyderabad,Kolkata,2025-08-29,10:45,1h 23m,2+ stops,BUSINESS,9.0,25190.73,1190
7764,Go Air,Delhi,cochin,22-Jul-2025,9:30,3h 23m,1 Stop,economy,4.0,15403.71,2100
7765,Vistara,Chennai,HYDERABAD,2025-04-20,18:30,1h 38m,1 Stop,BUSINESS,2.0,14189.22,515
7766,GoAir,Bangalore,Cochin,2025-05-26,22:30,1h 11m,non-stop,Biz,30.0,6437.24,360
7767,AIR INDIA,delhi,cochin,29/03/2025,18:30,1h 55m,Non Stop,Eco,38.0,16488.29,2100
7768,Spice Jet,Bangalore,cochin,06/05/2025,6:30,4h 1m,1 stop,Biz,44.0,7319.91,360
7769,AirAsia,MUMBAI,Delhi,02-Aug-2025,0:15,1h 22m,1 stop,Economy,26.0,7106.31,1150
7770,AirAsia,Chennai,cochin,02/03/2025,18:30,3h 12m,1 Stop,economy,34.0,3766.89,500
7771,Vistara,Delhi,Hyderabad,2025-11-08,10:15,1h 28m,2+ stops,Business,40.0,30136.67,1260
7772,Vistara,Mumbai,Hyderabad,23/01/2025,8:00,2h 35m,1 stop,BUSINESS,59.0,13540.12,620
7773,Air India,Bangalore,cochin,02-Nov-2025,21:15,0h 51m,,BUSINESS,15.0,8440.79,360
7774,Vistara,Hyderabad,Bangalore,22-Aug-2025,18:15,1h 31m,Non Stop,Eco,5.0,4112.49,500
7775,AIR INDIA,Hyderabad,Kolkata,2025-07-24,12:15,0h 49m,1 stop,Business,49.0,26419.24,1190
7776,AirAsia,Chennai,Cochin,02/25/2025,20:30,5h 3m,1 Stop,economy,39.0,3663.23,500
7777,AirAsia,Banglore,Kolkata,2025-01-31,10:15,7h 16m,Non Stop,Economy,9.0,9723.18,1560
7778,Air India,Delhi,Cochin,14/03/2025,11:45,1h 50m,,Eco,59.0,15187.61,2100
7779,Vistara,delhi,Delhi,16/04/2025,16:30,0h 50m,1 Stop,Eco,29.0,7657.18,1030
7780,AirAsia,MUMBAI,Cochin,08/08/2025,5:30,1h 36m,,Economy,46.0,5095.51,860
7781,Air India,Bangalore,Mumbai,15-Jan-2025,18:15,3h 57m,1 stop,economy,38.0,7171.46,840
7782,indigo,delhi,Cochin,30/04/2025,18:00,3h 55m,non-stop,Economy,16.0,13820.45,2100
7783,GoAir,Delhi,HYDERABAD,2025-02-28,22:15,3h 32m,2+ stops,Business,28.0,23100.64,1260
7784,Go Air,MUMBAI,Hyderabad,26-Sep-2025,11:45,2h 57m,1 Stop,Economy,15.0,4815.84,620
7785,AirAsia,Banglore,Hyderabad,04/22/2025,6:30,,1 stop,Business,13.0,9901.37,500
7786,Vistara,delhi,Delhi,05/23/2025,5:15,2h 33m,2 stops,Eco,48.0,8210.51,1030
7787,AirAsia,Banglore,Hyderabad,17/11/2025,23:00,3h 31m,,BUSINESS,60.0,8883.64,500
7788,AirAsia,delhi,cochin,06-Aug-2025,19:45,1h 33m,1 Stop,Eco,11.0,14199.97,2100
7789,indigo,Delhi,Cochin,2025-10-15,3:45,3h 21m,,economy,16.0,14780.92,2100
7790,AirAsia,Banglore,cochin,05/16/2025,9:30,2h 34m,non-stop,Business,42.0,7240.52,360
7791,SpiceJet,Banglore,Hyderabad,25/09/2025,2:15,1h 25m,2 stops,Biz,14.0,10031.7,500
7792,AIR INDIA,Hyderabad,Bangalore,2025-02-13,13:30,7h 46m,1 stop,Biz,45.0,11896.27,500
7793,IndiGo,Bangalore,HYDERABAD,10/02/2025,6:00,1h 13m,,Eco,1.0,4229.81,500
7794,AIR INDIA,Chennai,HYDERABAD,01-Jul-2025,5:00,1h 13m,1 Stop,economy,47.0,3823.77,515
7795,Air India,Hyderabad,Chennai,04/04/2025,12:45,2h 37m,Non Stop,BUSINESS,18.0,11058.36,515
7796,Vistara,Delhi,cochin,10/18/2025,7:45,1h 32m,1 stop,Biz,7.0,54841.44,2100
7797,SpiceJet,Banglore,Hyderabad,17/01/2025,15:45,4h 3m,2 stops,BUSINESS,42.0,9838.84,500
7798,Go Air,Banglore,Delhi,2025-10-22,20:00,1h 15m,2+ stops,Eco,4.0,12774.73,1740
7799,Spice Jet,Hyderabad,Kolkata,11/08/2025,1:00,1h 40m,non-stop,economy,33.0,8168.84,1190
7800,AirAsia,Kolkata,Delhi,10-Nov-2025,23:45,3h 10m,1 Stop,Biz,27.0,24796.54,1300
7801,Go Air,Bangalore,Chennai,08-Nov-2025,10:00,3h 42m,non-stop,Business,30.0,5262.04,290
7802,AirAsia,Chennai,Kolkata,2025-11-19,1:30,4h 11m,2+ stops,Eco,48.0,10258.86,1360
7803,AirAsia,Banglore,cochin,2025-03-19,10:45,1h 4m,1 Stop,economy,19.0,2566.55,360
7804,indigo,Bangalore,Delhi,2025-12-27,0:00,1h 1m,1 Stop,Business,28.0,35360.75,1740
7805,Air India,Chenai,Bangalore,11/01/2025,4:00,8h 39m,,Economy,40.0,3181.68,290
7806,AIR INDIA,delhi,cochin,12/22/2025,19:30,1h 37m,1 stop,Biz,52.0,45758.05,2100
7807,Spice Jet,Chenai,Chennai,2025-08-24,10:45,3h 1m,1 Stop,Biz,24.0,23402.13,1030
7808,AirAsia,Bangalore,cochin,21/05/2025,22:15,4h 0m,1 stop,Biz,43.0,6337.67,360
7809,IndiGo,Delhi,Hyderabad,2025-04-04,10:00,0h 43m,non-stop,BUSINESS,,26301.06,1260
7810,Air India,Banglore,Kolkata,03-Oct-2025,22:45,1h 58m,Non Stop,BUSINESS,37.0,34334.76,1560
7811,Go Air,Delhi,Chennai,2025-03-24,3:45,2h 23m,,economy,8.0,12250.07,1760
7812,AIR INDIA,Bangalore,Delhi,2025-12-06,13:45,3h 40m,,Biz,46.0,39204.19,1740
7813,GoAir,Delhi,Hyderabad,2025-08-26,1:00,2h 58m,2 stops,Eco,30.0,9392.35,1260
7814,IndiGo,Chenai,Kolkata,10/12/2025,21:30,2h 18m,Non Stop,Eco,31.0,8575.1,1360
7815,GoAir,Chenai,Cochin,05-Mar-2025,18:30,2h 27m,,Business,,11080.63,500
7816,Go Air,Kolkata,HYDERABAD,21-May-2025,8:00,7h 25m,2+ stops,Eco,24.0,8422.58,1190
7817,Spice Jet,Kolkata,Hyderabad,01-Feb-2025,8:30,2h 23m,Non Stop,BUSINESS,26.0,21351.82,1190
7818,indigo,Kolkata,Delhi,01/29/2025,5:45,3h 3m,,economy,36.0,9140.02,1300
7819,Air India,Banglore,HYDERABAD,2025-04-28,17:30,6h 45m,1 stop,Eco,20.0,5212.82,500
7820,SpiceJet,Chenai,cochin,08/04/2025,11:45,2h 0m,,Biz,11.0,10503.73,500
7821,,Delhi,cochin,22/10/2025,21:00,2h 23m,1 Stop,BUSINESS,60.0,39912.38,2100
7822,AirAsia,Delhi,Cochin,02-Apr-2025,17:00,1h 20m,1 Stop,Business,53.0,39843.63,2100
7823,indigo,Bangalore,Kolkata,16/08/2025,19:15,4h 5m,1 Stop,BUSINESS,7.0,34025.87,1560
7824,AIR INDIA,MUMBAI,Hyderabad,29-Jul-2025,15:30,3h 1m,2+ stops,,25.0,5188.97,620
7825,SpiceJet,Mumbai,Kolkata,2025-11-17,10:15,3h 17m,,Economy,,10999.34,1650
7826,Go Air,Chennai,Bangalore,13-Feb-2025,18:00,3h 16m,2+ stops,Economy,11.0,2894.09,290
7827,Vistara,Chennai,cochin,2025-04-17,1:00,4h 40m,,BUSINESS,38.0,11973.01,500
7828,Vistara,Kolkata,Delhi,09/08/2025,4:00,2h 6m,2 stops,Eco,39.0,11810.76,1300
7829,indigo,delhi,Chennai,2025-06-28,10:30,6h 59m,1 Stop,Economy,42.0,13088.02,1760
7830,SpiceJet,Bangalore,Mumbai,22-Feb-2025,11:15,4h 32m,1 stop,Economy,21.0,6027.77,840
7831,SpiceJet,Banglore,HYDERABAD,04/13/2025,15:30,0h 48m,2+ stops,Economy,43.0,3756.7,500
7832,indigo,Chenai,Bangalore,11/06/2025,4:30,4h 39m,,economy,7.0,2656.1,290
7833,IndiGo,MUMBAI,Delhi,18-Mar-2025,3:15,2h 46m,Non Stop,Eco,14.0,8038.82,1150
7834,Spice Jet,Banglore,Chennai,28-Sep-2025,14:00,2h 52m,1 Stop,Eco,43.0,2977.72,290
7835,GoAir,Hyderabad,HYDERABAD,01/28/2025,2:00,4h 32m,Non Stop,economy,18.0,7590.25,1030
7836,Vistara,Mumbai,Chennai,2025-01-12,5:00,2h 10m,1 Stop,economy,33.0,8715.63,1030
7837,indigo,Hyderabad,Delhi,02/03/2025,20:30,8h 5m,,Economy,31.0,9229.99,1260
7838,AIR INDIA,Delhi,Bangalore,11/08/2025,3:00,1h 43m,non-stop,economy,30.0,13915.68,1740
7839,Go Air,Hyderabad,Chennai,08-Sep-2025,10:45,8h 13m,non-stop,Biz,33.0,11013.99,515
7840,Air India,MUMBAI,HYDERABAD,05/10/2025,5:00,3h 44m,2+ stops,Economy,28.0,6240.28,620
7841,GoAir,Hyderabad,HYDERABAD,2025-01-26,7:15,4h 41m,non-stop,Eco,2.0,8261.02,1030
7842,Spice Jet,Chennai,Hyderabad,22/07/2025,19:45,1h 10m,non-stop,Eco,3.0,3477.32,515
7843,Spice Jet,Hyderabad,Delhi,18-Jun-2025,4:45,1h 19m,2+ stops,Business,41.0,24493.26,1260
7844,Air India,Bangalore,Cochin,04/09/2025,23:15,1h 37m,,Economy,27.0,2911.52,360
7845,AIR INDIA,Delhi,Hyderabad,20-May-2025,14:45,,1 Stop,BUSINESS,36.0,26423.01,1260
7846,Spice Jet,delhi,Bangalore,09/12/2025,13:00,1h 54m,Non Stop,Eco,47.0,10957.92,1740
7847,AirAsia,Hyderabad,cochin,04/02/2025,3:45,2h 27m,1 Stop,Eco,20.0,4750.86,700
7848,Go Air,Hyderabad,cochin,28-Mar-2025,5:00,2h 3m,1 stop,Biz,15.0,16141.73,700
7849,Go Air,Banglore,Mumbai,2025-09-24,16:30,3h 8m,2 stops,BUSINESS,37.0,18876.16,840
7850,SpiceJet,Chennai,cochin,03/12/2025,21:15,2h 26m,non-stop,Eco,34.0,3563.42,500
7851,AirAsia,Chennai,Kolkata,12/02/2025,8:15,2h 11m,Non Stop,Economy,30.0,9469.24,1360
7852,Vistara,Banglore,Chennai,04/30/2025,10:00,1h 55m,1 stop,Business,60.0,7140.81,290
7853,Air India,Banglore,Hyderabad,10/27/2025,17:15,2h 2m,non-stop,BUSINESS,8.0,11376.62,500
7854,IndiGo,Chennai,Mumbai,2025-04-17,17:00,2h 53m,,Economy,26.0,6727.62,1030
7855,Spice Jet,Delhi,Kolkata,29/12/2025,0:30,1h 26m,Non Stop,Business,50.0,22994.69,1300
7856,indigo,Delhi,Bangalore,06/28/2025,12:00,1h 32m,1 Stop,Business,32.0,34502.03,1740
7857,SpiceJet,Hyderabad,cochin,01/28/2025,20:00,1h 38m,1 stop,BUSINESS,56.0,13241.31,700
7858,IndiGo,delhi,Hyderabad,18/10/2025,22:30,7h 52m,2+ stops,Business,58.0,27021.65,1260
7859,Vistara,Chenai,cochin,2025-10-23,14:00,,2 stops,economy,59.0,4116.14,500
7860,Spice Jet,Mumbai,Hyderabad,06-Jun-2025,16:00,2h 56m,2 stops,Eco,48.0,4670.52,620
7861,,MUMBAI,cochin,03/17/2025,19:45,2h 31m,1 stop,Economy,33.0,5868.53,860
7862,Vistara,Chennai,Delhi,2025-04-02,19:30,5h 21m,2+ stops,Economy,18.0,16261.98,1760
7863,AirAsia,Hyderabad,Delhi,2025-08-19,1:30,2h 5m,1 Stop,economy,27.0,8056.82,1260
7864,AirAsia,Chennai,Mumbai,18-Nov-2025,4:45,3h 9m,2+ stops,economy,1.0,8083.09,1030
7865,indigo,Bangalore,Mumbai,14-Jan-2025,6:45,1h 28m,Non Stop,economy,8.0,6589.72,840
7866,Go Air,Chennai,Kolkata,2025-06-08,20:15,4h 4m,1 Stop,Business,25.0,24950.16,1360
7867,AIR INDIA,Chenai,Delhi,06/04/2025,4:00,1h 23m,non-stop,Economy,4.0,13487.27,1760
7868,AIR INDIA,Chenai,Kolkata,30/08/2025,16:00,1h 43m,2 stops,BUSINESS,28.0,31784.7,1360
7869,indigo,delhi,Cochin,05/01/2025,3:45,0h 47m,,economy,9.0,15046.49,2100
7870,Vistara,Bangalore,Hyderabad,21/11/2025,9:15,5h 4m,2+ stops,Economy,56.0,4836.61,500
7871,GoAir,Hyderabad,cochin,2025-12-20,11:15,6h 31m,1 stop,,15.0,14120.52,700
7872,IndiGo,Chenai,HYDERABAD,07/03/2025,9:00,1h 41m,Non Stop,Economy,7.0,3872.8,515
7873,AirAsia,Kolkata,Bangalore,2025-06-10,11:45,7h 20m,2+ stops,Business,4.0,32969.27,1560
7874,IndiGo,Banglore,Delhi,18-Aug-2025,19:45,3h 34m,2 stops,Economy,1.0,14904.85,1740
7875,AIR INDIA,Kolkata,Delhi,12/29/2025,9:15,1h 9m,,Economy,,9677.71,1300
7876,indigo,delhi,Delhi,2025-12-16,20:30,3h 16m,non-stop,Eco,12.0,7848.23,1030
7877,AirAsia,Chennai,Bangalore,12/17/2025,21:00,3h 21m,Non Stop,Economy,11.0,2652.29,290
7878,AirAsia,delhi,Chennai,2025-10-02,10:30,3h 17m,2+ stops,Biz,33.0,35391.78,1760
7879,SpiceJet,Chenai,cochin,21/06/2025,14:00,5h 32m,,economy,46.0,4133.38,500
7880,Go Air,Bangalore,cochin,07-Jul-2025,11:00,2h 25m,2 stops,Eco,27.0,3187.91,360
7881,Vistara,Delhi,cochin,2025-02-26,3:15,2h 38m,non-stop,BUSINESS,52.0,46565.88,2100
7882,indigo,Chennai,cochin,2025-02-16,8:45,2h 6m,1 stop,economy,15.0,4016.67,500
7883,Air India,Kolkata,Bangalore,18/05/2025,14:00,,2+ stops,BUSINESS,12.0,41544.19,1560
7884,SpiceJet,Chennai,Bangalore,2025-08-25,12:00,1h 4m,2+ stops,Biz,60.0,5534.67,290
7885,AIR INDIA,Hyderabad,Kolkata,20-Dec-2025,4:45,3h 19m,1 Stop,economy,34.0,8825.41,1190
7886,Spice Jet,Delhi,Hyderabad,2025-02-15,19:30,1h 26m,,Eco,16.0,8575.54,1260
7887,SpiceJet,MUMBAI,Cochin,31/05/2025,9:00,3h 34m,1 Stop,economy,60.0,6485.68,860
7888,SpiceJet,Kolkata,HYDERABAD,03-Jan-2025,22:30,1h 6m,1 stop,BUSINESS,20.0,23009.63,1190
7889,AirAsia,MUMBAI,HYDERABAD,27/08/2025,7:45,2h 27m,non-stop,Economy,14.0,4090.34,620
7890,Go Air,Chennai,Delhi,09/12/2025,3:00,0h 58m,non-stop,economy,57.0,9626.44,1760
7891,Vistara,delhi,cochin,26/09/2025,7:45,7h 37m,Non Stop,economy,55.0,15796.01,2100
7892,Vistara,Hyderabad,Mumbai,2025-03-11,17:45,6h 49m,1 stop,Eco,56.0,5338.43,620
7893,Spice Jet,Chennai,Bangalore,09/03/2025,19:15,2h 21m,2 stops,BUSINESS,40.0,6619.86,290
7894,IndiGo,Bangalore,Hyderabad,25-Feb-2025,5:15,1h 7m,,Biz,34.0,10935.99,500
7895,AirAsia,MUMBAI,HYDERABAD,25/09/2025,22:15,1h 15m,2+ stops,BUSINESS,9.0,12409.52,620
7896,Vistara,Chenai,Hyderabad,16/01/2025,9:30,1h 21m,Non Stop,economy,8.0,4182.77,515
7897,Vistara,Banglore,Cochin,08-Oct-2025,5:45,4h 38m,,Business,32.0,9641.81,360
7898,Vistara,Bangalore,Delhi,23-Sep-2025,3:30,1h 55m,2 stops,Economy,59.0,13068.02,1740
7899,Air India,Mumbai,Bangalore,2025-04-21,22:15,1h 52m,1 Stop,Biz,34.0,20179.19,840
7900,SpiceJet,MUMBAI,Mumbai,10-Jul-2025,9:30,5h 47m,2+ stops,Economy,41.0,,1030
7901,indigo,Chennai,Kolkata,26/11/2025,3:00,4h 6m,2 stops,Eco,46.0,9335.07,1360
7902,Air India,Hyderabad,Kolkata,2025-03-23,22:00,2h 1m,2+ stops,Biz,36.0,28081.68,1190
7903,SpiceJet,Bangalore,cochin,23/11/2025,14:15,4h 56m,Non Stop,Business,26.0,7065.71,360
7904,Go Air,Mumbai,Bangalore,18/09/2025,1:00,1h 57m,1 stop,BUSINESS,3.0,17056.98,840
7905,AIR INDIA,Mumbai,HYDERABAD,08-Jul-2025,19:30,3h 36m,non-stop,,47.0,4829.31,620
7906,indigo,MUMBAI,Chennai,10/09/2025,22:30,4h 1m,Non Stop,Business,46.0,,1030
7907,Air India,Delhi,Kolkata,2025-07-05,12:30,2h 17m,,Biz,34.0,26186.17,1300
7908,indigo,Banglore,Kolkata,21-Feb-2025,15:00,1h 13m,2+ stops,Biz,25.0,35563.14,1560
7909,IndiGo,Bangalore,Mumbai,2025-03-10,8:00,0h 38m,non-stop,Business,58.0,14994.22,840
7910,indigo,Banglore,Delhi,13-Jul-2025,5:15,4h 58m,1 stop,Economy,22.0,12373.15,1740
7911,,Chenai,Hyderabad,17/09/2025,1:45,6h 15m,non-stop,Economy,59.0,3966.6,515
7912,indigo,Bangalore,Chennai,17/12/2025,10:15,1h 17m,non-stop,Biz,29.0,5893.18,290
7913,AIR INDIA,Mumbai,Delhi,21-Apr-2025,0:15,3h 14m,1 stop,BUSINESS,27.0,28415.34,1150
7914,Go Air,Bangalore,Chennai,2025-06-14,19:00,1h 28m,2+ stops,Eco,2.0,2744.35,290
7915,SpiceJet,Bangalore,Delhi,04/09/2025,21:30,8h 27m,non-stop,economy,29.0,12716.38,1740
7916,AIR INDIA,delhi,Bangalore,2025-01-29,15:00,3h 53m,Non Stop,Biz,39.0,35493.4,1740
7917,GoAir,MUMBAI,Delhi,2025-08-23,16:45,1h 52m,1 Stop,Eco,17.0,7549.6,1150
7918,Vistara,Bangalore,cochin,2025-07-26,19:00,2h 30m,Non Stop,Biz,46.0,8100.59,360
7919,IndiGo,Delhi,Kolkata,08/12/2025,14:45,7h 5m,2 stops,Biz,3.0,30500.88,1300
7920,AIR INDIA,Chenai,Cochin,2025-12-06,6:30,1h 48m,non-stop,Economy,37.0,3756.63,500
7921,indigo,Chennai,Hyderabad,12/25/2025,21:30,2h 49m,Non Stop,BUSINESS,,9881.32,515
7922,Air India,Bangalore,Delhi,20/11/2025,20:30,1h 47m,2 stops,Eco,6.0,14678.29,1740
7923,IndiGo,Kolkata,Chennai,18/01/2025,20:45,5h 28m,1 Stop,BUSINESS,50.0,26457.18,1360
7924,SpiceJet,Bangalore,Chennai,03/25/2025,8:45,3h 5m,2+ stops,Eco,29.0,2709.09,290
7925,indigo,Chenai,Delhi,06/03/2025,2:00,2h 27m,1 stop,BUSINESS,33.0,37729.0,1760
7926,AirAsia,Chenai,Mumbai,2025-10-15,5:30,2h 42m,1 Stop,,28.0,7341.63,1030
7927,Air India,Bangalore,HYDERABAD,20-Sep-2025,13:15,1h 21m,1 Stop,BUSINESS,13.0,11079.06,500
7928,IndiGo,Bangalore,cochin,14-Oct-2025,12:15,2h 30m,2+ stops,Economy,55.0,3058.75,360
7929,Vistara,Kolkata,Delhi,10-Jul-2025,5:15,2h 47m,non-stop,Economy,26.0,9708.0,1300
7930,SpiceJet,MUMBAI,Chennai,2025-01-21,15:15,3h 31m,non-stop,economy,17.0,6689.8,1030
7931,indigo,Chennai,Hyderabad,12/09/2025,13:30,4h 42m,non-stop,Business,32.0,10468.86,515
7932,Spice Jet,delhi,cochin,13/10/2025,10:30,4h 37m,2+ stops,BUSINESS,23.0,48918.74,2100
7933,Go Air,Chennai,Cochin,2025-06-30,23:45,2h 25m,non-stop,Business,30.0,9399.53,500
7934,Vistara,Hyderabad,Mumbai,25-Nov-2025,10:45,1h 40m,non-stop,Business,6.0,16351.56,620
7935,IndiGo,Chenai,HYDERABAD,28/05/2025,5:45,4h 49m,,Biz,3.0,12447.51,515
7936,Air India,Mumbai,Hyderabad,25-Feb-2025,21:30,2h 58m,2+ stops,Business,48.0,14365.01,620
7937,AIR INDIA,Chenai,Delhi,2025-07-29,21:00,1h 4m,,BUSINESS,31.0,41964.96,1760
7938,IndiGo,Chenai,HYDERABAD,03/08/2025,13:15,2h 6m,1 stop,Eco,37.0,4018.96,515
7939,AIR INDIA,Chenai,HYDERABAD,26-Apr-2025,0:00,4h 9m,Non Stop,BUSINESS,53.0,10260.69,515
7940,AIR INDIA,MUMBAI,Hyderabad,07-May-2025,16:45,2h 59m,2 stops,Biz,52.0,15555.67,620
7941,Vistara,MUMBAI,Bangalore,27/10/2025,23:00,2h 57m,Non Stop,Biz,8.0,20428.33,840
7942,Air India,Banglore,Chennai,05/31/2025,8:00,1h 9m,,BUSINESS,13.0,7106.97,290
7943,AIR INDIA,Kolkata,Chennai,24-Sep-2025,16:15,3h 6m,1 stop,Biz,34.0,28778.44,1360
7944,,Chennai,Delhi,03-Nov-2025,8:45,1h 25m,2+ stops,Eco,25.0,14610.78,1760
7945,IndiGo,Banglore,HYDERABAD,15-Apr-2025,8:30,6h 27m,1 stop,Business,22.0,11682.85,500
7946,AirAsia,Hyderabad,HYDERABAD,2025-04-11,2:30,,,Biz,54.0,18967.41,1030
7947,AIR INDIA,Delhi,Kolkata,20-Nov-2025,10:15,1h 22m,non-stop,Economy,2.0,9973.04,1300
7948,Spice Jet,Kolkata,Bangalore,06/15/2025,8:45,2h 27m,Non Stop,Economy,36.0,10528.0,1560
7949,IndiGo,Mumbai,Cochin,26-Jul-2025,3:15,1h 13m,1 stop,Eco,13.0,6893.05,860
7950,GoAir,Kolkata,Chennai,07/23/2025,7:00,2h 53m,non-stop,Eco,15.0,8779.28,1360
7951,Spice Jet,Mumbai,cochin,28-Jun-2025,20:15,,Non Stop,Biz,13.0,15805.65,860
7952,GoAir,Chenai,Chennai,2025-06-30,16:15,1h 27m,1 Stop,Economy,37.0,7062.5,1030
7953,Spice Jet,Delhi,cochin,2025-11-06,22:30,0h 35m,,BUSINESS,19.0,38458.66,2100
7954,,MUMBAI,Kolkata,13-Jan-2025,15:00,2h 49m,,economy,42.0,11535.42,1650
7955,Air India,Chenai,Chennai,05/04/2025,22:45,3h 2m,Non Stop,Biz,4.0,23291.35,1030
7956,Go Air,Chenai,Bangalore,2025-03-31,3:15,2h 3m,,Business,50.0,6098.81,290
7957,Go Air,Chenai,HYDERABAD,18/03/2025,21:45,1h 1m,2+ stops,economy,53.0,3608.05,515
7958,Spice Jet,delhi,Hyderabad,2025-06-25,15:00,1h 47m,2+ stops,economy,58.0,9208.12,1260
7959,SpiceJet,delhi,cochin,2025-02-08,3:45,0h 56m,2+ stops,Biz,15.0,45179.39,2100
7960,Spice Jet,Banglore,Delhi,02/17/2025,21:15,5h 1m,1 Stop,Economy,35.0,12578.62,1740
7961,indigo,Hyderabad,Bangalore,11-Feb-2025,21:15,3h 31m,2+ stops,Business,58.0,12209.59,500
7962,AIR INDIA,Hyderabad,Chennai,25-Feb-2025,18:00,2h 13m,1 Stop,BUSINESS,45.0,10674.99,515
7963,AirAsia,Mumbai,Kolkata,12/11/2025,9:45,6h 7m,2 stops,economy,15.0,12054.59,1650
7964,AirAsia,Mumbai,HYDERABAD,2025-03-06,14:45,3h 3m,1 stop,Economy,7.0,5362.1,620
7965,AirAsia,Mumbai,Kolkata,22-Aug-2025,6:45,7h 14m,2+ stops,Eco,11.0,12573.98,1650
7966,GoAir,Chenai,Kolkata,12/04/2025,6:30,1h 49m,Non Stop,Eco,25.0,8855.33,1360
7967,Air India,Delhi,Hyderabad,01/06/2025,4:15,5h 13m,1 stop,Biz,23.0,30561.42,1260
7968,Spice Jet,MUMBAI,Hyderabad,12/17/2025,13:45,2h 41m,Non Stop,Economy,11.0,4579.76,620
7969,Air India,MUMBAI,cochin,27/10/2025,0:30,2h 2m,,BUSINESS,15.0,18207.83,860
7970,indigo,Hyderabad,Delhi,2025-11-30,7:30,1h 25m,1 stop,economy,59.0,8890.47,1260
7971,Spice Jet,Mumbai,Chennai,2025-03-31,19:15,,1 stop,Eco,9.0,6687.1,1030
7972,Air India,Bangalore,Delhi,2025-05-28,22:30,2h 13m,1 Stop,Biz,53.0,35648.7,1740
7973,Spice Jet,Hyderabad,Bangalore,05/11/2025,18:00,8h 19m,2 stops,economy,29.0,4737.43,500
7974,Air India,Delhi,Bangalore,29-Jan-2025,9:30,1h 19m,2 stops,Business,29.0,39820.33,1740
7975,SpiceJet,Bangalore,Chennai,12/27/2025,7:30,1h 49m,2 stops,Business,31.0,6049.83,290
7976,Go Air,Mumbai,cochin,12-Jul-2025,6:15,1h 54m,2+ stops,economy,55.0,6287.94,860
7977,indigo,Chenai,Mumbai,05/15/2025,2:00,3h 40m,2+ stops,Eco,47.0,7488.37,1030
7978,indigo,MUMBAI,Mumbai,02/06/2025,10:45,7h 47m,non-stop,Biz,11.0,20608.49,1030
7979,SpiceJet,Banglore,Hyderabad,14-Apr-2025,1:45,4h 25m,2+ stops,Eco,25.0,4315.32,500
7980,SpiceJet,Delhi,Mumbai,24-May-2025,13:30,3h 46m,,Eco,10.0,8396.79,1150
7981,AirAsia,MUMBAI,Kolkata,08-Feb-2025,3:00,1h 42m,,economy,16.0,10148.17,1650
7982,AirAsia,MUMBAI,cochin,29-Mar-2025,11:15,4h 27m,1 Stop,BUSINESS,7.0,18218.44,860
7983,IndiGo,Chenai,Chennai,28/03/2025,10:30,2h 59m,non-stop,economy,39.0,7309.53,1030
7984,AIR INDIA,Kolkata,Delhi,24/01/2025,2:45,2h 48m,1 Stop,BUSINESS,31.0,28601.35,1300
7985,SpiceJet,Chennai,Kolkata,02-Oct-2025,6:00,5h 52m,Non Stop,Business,,25693.43,1360
7986,Spice Jet,Banglore,Delhi,05-Jan-2025,5:15,3h 58m,1 Stop,Biz,41.0,34441.1,1740
7987,Vistara,MUMBAI,Delhi,28-Nov-2025,3:00,6h 29m,2+ stops,Business,7.0,33594.15,1150
7988,GoAir,delhi,cochin,2025-12-21,6:15,2h 30m,2 stops,Eco,18.0,14627.98,2100
7989,AirAsia,Hyderabad,Kolkata,04-Oct-2025,19:00,1h 33m,Non Stop,Economy,37.0,7568.46,1190
7990,AIR INDIA,Hyderabad,cochin,19/10/2025,5:45,2h 12m,,Economy,9.0,6138.19,700
7991,Go Air,MUMBAI,Cochin,2025-08-24,9:00,2h 39m,2+ stops,economy,37.0,6668.65,860
7992,Go Air,MUMBAI,Chennai,2025-01-24,18:00,3h 38m,2 stops,Eco,13.0,7766.76,1030
7993,GoAir,MUMBAI,Bangalore,06-Nov-2025,22:00,3h 41m,non-stop,Eco,48.0,5162.01,840
7994,IndiGo,Mumbai,HYDERABAD,11/12/2025,23:15,1h 16m,,Eco,15.0,4666.51,620
7995,Air India,Hyderabad,Mumbai,05/01/2025,14:45,2h 3m,,Economy,4.0,5472.02,620
7996,Vistara,Kolkata,Delhi,11/01/2025,3:00,2h 8m,2 stops,economy,55.0,11235.9,1300
7997,GoAir,Bangalore,Delhi,01/25/2025,21:45,1h 6m,2+ stops,BUSINESS,25.0,35831.88,1740
7998,AIR INDIA,Hyderabad,Cochin,04/08/2025,10:00,2h 37m,1 stop,,16.0,6158.49,700
7999,Air India,Kolkata,Hyderabad,2025-10-06,18:45,1h 40m,Non Stop,BUSINESS,1.0,27107.47,1190
8000,,Delhi,HYDERABAD,30-Jun-2025,10:00,0h 52m,2+ stops,Eco,49.0,9276.34,1260
8001,AirAsia,Chennai,Delhi,28/06/2025,18:00,2h 53m,Non Stop,Biz,1.0,37191.36,1760
8002,,Delhi,Mumbai,06-Aug-2025,23:00,6h 27m,1 Stop,Biz,47.0,24398.95,1150
8003,Spice Jet,Chenai,Hyderabad,12-Aug-2025,2:45,1h 29m,1 stop,Biz,35.0,9532.88,515
8004,AirAsia,delhi,Delhi,2025-08-27,0:45,3h 46m,non-stop,BUSINESS,16.0,18831.22,1030
8005,AIR INDIA,Bangalore,Kolkata,05/11/2025,16:15,0h 44m,,Biz,37.0,36796.34,1560
8006,AirAsia,Hyderabad,Cochin,09/09/2025,23:45,2h 23m,Non Stop,BUSINESS,6.0,13781.41,700
8007,,Banglore,Chennai,15-Jul-2025,14:45,5h 25m,non-stop,Biz,51.0,5699.95,290
8008,AirAsia,Kolkata,HYDERABAD,21/11/2025,23:45,3h 23m,,economy,9.0,7911.74,1190
8009,indigo,Chenai,Chennai,09/16/2025,4:00,0h 52m,1 Stop,Business,22.0,22860.32,1030
8010,Vistara,delhi,Mumbai,06/04/2025,19:00,2h 2m,2+ stops,Business,12.0,32382.86,1150
8011,AirAsia,Kolkata,Chennai,04/26/2025,16:00,4h 12m,non-stop,Eco,33.0,8599.57,1360
8012,Go Air,Chenai,Delhi,2025-03-15,9:45,2h 1m,,economy,34.0,13228.9,1760
8013,AIR INDIA,Bangalore,Kolkata,01-Jul-2025,21:45,0h 55m,Non Stop,Eco,39.0,11650.62,1560
8014,AIR INDIA,MUMBAI,Chennai,27-Jun-2025,21:45,3h 15m,1 Stop,economy,55.0,7533.68,1030
8015,Go Air,Chenai,cochin,05/18/2025,21:30,0h 56m,2 stops,Eco,15.0,3622.72,500
8016,IndiGo,MUMBAI,Chennai,01/18/2025,16:15,2h 36m,1 stop,Biz,42.0,19703.87,1030
8017,SpiceJet,Bangalore,Cochin,2025-12-28,22:45,0h 57m,,Eco,30.0,2750.6,360
8018,AIR INDIA,Delhi,Mumbai,05/05/2025,15:00,2h 25m,1 Stop,Business,17.0,26078.81,1150
8019,AIR INDIA,Chennai,Kolkata,05/12/2025,18:15,1h 46m,1 Stop,Biz,7.0,35712.63,1360
8020,Air India,Delhi,Bangalore,06/12/2025,10:30,2h 5m,1 stop,Eco,48.0,13782.25,1740
8021,SpiceJet,Bangalore,Chennai,08/05/2025,4:00,2h 22m,Non Stop,Economy,25.0,2400.92,290
8022,IndiGo,Kolkata,Mumbai,03/24/2025,1:00,1h 34m,,Eco,34.0,10748.71,1650
8023,Vistara,Hyderabad,HYDERABAD,2025-03-13,10:00,2h 32m,Non Stop,BUSINESS,12.0,23278.09,1030
8024,,Chennai,Bangalore,20/06/2025,20:45,3h 17m,1 Stop,Biz,7.0,7410.42,290
8025,GoAir,Banglore,Bangalore,06/15/2025,5:45,2h 51m,2+ stops,Biz,13.0,22086.98,1030
8026,indigo,Banglore,Chennai,01/03/2025,1:30,3h 37m,2 stops,Eco,8.0,2979.42,290
8027,AIR INDIA,MUMBAI,Mumbai,03-Jun-2025,22:30,1h 8m,2+ stops,BUSINESS,48.0,24601.13,1030
8028,IndiGo,Hyderabad,Cochin,12/05/2025,17:00,2h 34m,1 Stop,Business,35.0,14704.51,700
8029,Go Air,Banglore,cochin,13/11/2025,12:00,1h 30m,1 Stop,Biz,51.0,6586.16,360
8030,SpiceJet,Mumbai,HYDERABAD,2025-01-09,3:45,2h 38m,1 Stop,Business,33.0,12416.39,620
8031,AIR INDIA,Mumbai,HYDERABAD,11/21/2025,2:30,2h 21m,,Eco,15.0,5309.92,620
8032,SpiceJet,Chennai,Bangalore,2025-07-21,18:45,2h 27m,1 stop,Eco,1.0,2683.69,290
8033,AirAsia,Chenai,Delhi,2025-01-28,23:15,5h 43m,1 stop,economy,24.0,11165.61,1760
8034,AirAsia,Mumbai,Delhi,25/09/2025,1:15,3h 2m,1 stop,Economy,56.0,7001.65,1150
8035,AIR INDIA,Kolkata,Delhi,01/17/2025,21:45,3h 11m,1 Stop,Biz,,29424.99,1300
8036,Air India,Chenai,cochin,10-Sep-2025,3:45,2h 30m,Non Stop,Economy,23.0,4261.08,500
8037,indigo,MUMBAI,Cochin,22-Mar-2025,9:00,3h 15m,1 stop,Biz,41.0,16701.8,860
8038,AIR INDIA,Chenai,Delhi,03/01/2025,3:00,3h 16m,2+ stops,BUSINESS,60.0,36288.41,1760
8039,,Hyderabad,cochin,24/08/2025,23:15,4h 37m,2 stops,economy,13.0,6151.59,700
8040,SpiceJet,Kolkata,Cochin,2025-07-31,11:45,4h 15m,Non Stop,Biz,14.0,34202.43,1900
8041,indigo,Banglore,Cochin,28/10/2025,0:45,1h 34m,,Biz,44.0,8090.24,360
8042,Air India,Mumbai,Bangalore,02/22/2025,12:00,2h 30m,,Biz,22.0,19325.77,840
8043,Vistara,Chennai,Cochin,2025-08-09,13:00,4h 54m,Non Stop,BUSINESS,41.0,10313.42,500
8044,indigo,Banglore,Bangalore,14-Feb-2025,14:15,1h 41m,Non Stop,Economy,28.0,6990.79,1030
8045,IndiGo,Bangalore,Chennai,2025-09-10,22:30,,1 Stop,Biz,30.0,6477.79,290
8046,IndiGo,Mumbai,Kolkata,12-Dec-2025,4:15,6h 22m,Non Stop,Biz,1.0,34659.05,1650
8047,Vistara,Delhi,Bangalore,2025-06-24,10:15,5h 18m,non-stop,Economy,23.0,13757.71,1740
8048,Go Air,Banglore,Kolkata,30-Sep-2025,10:00,2h 27m,2+ stops,BUSINESS,3.0,36765.4,1560
8049,Go Air,MUMBAI,Cochin,23/02/2025,17:15,2h 31m,1 stop,Economy,51.0,5581.6,860
8050,GoAir,Delhi,Kolkata,21-Jan-2025,23:45,1h 26m,2+ stops,economy,43.0,8546.55,1300
8051,GoAir,Mumbai,Bangalore,05/01/2025,19:00,3h 59m,2+ stops,Eco,13.0,6581.86,840
8052,GoAir,Banglore,Kolkata,2025-10-14,23:45,5h 5m,2+ stops,BUSINESS,37.0,35167.8,1560
8053,Air India,Delhi,Bangalore,07/10/2025,19:45,1h 50m,1 stop,BUSINESS,56.0,39871.44,1740
8054,Air India,Kolkata,Cochin,2025-04-25,5:15,5h 30m,2 stops,Business,11.0,41257.23,1900
8055,Air India,Bangalore,Hyderabad,2025-04-07,9:00,2h 47m,2 stops,Business,43.0,12422.36,500
8056,Spice Jet,Kolkata,Delhi,06/01/2025,17:30,2h 13m,2 stops,Economy,44.0,9071.73,1300
8057,indigo,delhi,Hyderabad,2025-01-19,10:15,0h 55m,2 stops,Biz,35.0,28424.33,1260
8058,Air India,Chennai,Hyderabad,09/22/2025,20:15,3h 8m,1 stop,BUSINESS,30.0,11564.21,515
8059,Air India,Kolkata,Mumbai,08/29/2025,2:45,1h 31m,1 Stop,economy,53.0,10563.96,1650
8060,SpiceJet,Chenai,cochin,27-Apr-2025,18:15,2h 29m,,Biz,32.0,10539.35,500
8061,indigo,Hyderabad,Mumbai,2025-01-04,8:45,5h 54m,non-stop,economy,32.0,4563.89,620
8062,IndiGo,Chennai,cochin,28/12/2025,18:30,8h 58m,non-stop,Biz,28.0,10032.85,500
8063,indigo,Hyderabad,Kolkata,25/01/2025,18:45,1h 38m,1 stop,Economy,8.0,8330.21,1190
8064,Air India,Hyderabad,Chennai,2025-05-14,21:00,11h 16m,1 stop,Biz,45.0,12661.02,515
8065,Go Air,Chenai,Bangalore,29-May-2025,3:45,4h 4m,1 stop,Business,37.0,6113.32,290
8066,GoAir,Mumbai,HYDERABAD,02/26/2025,2:30,3h 37m,2 stops,economy,6.0,5214.7,620
8067,GoAir,Banglore,Cochin,2025-03-14,6:30,2h 3m,1 Stop,Eco,15.0,2954.62,360
8068,Vistara,Mumbai,Delhi,10/12/2025,0:45,3h 34m,1 Stop,Economy,48.0,8734.67,1150
8069,indigo,MUMBAI,HYDERABAD,20-May-2025,18:45,2h 2m,2+ stops,Economy,6.0,5340.02,620
8070,Vistara,Kolkata,cochin,02/16/2025,23:00,1h 16m,1 Stop,economy,28.0,14550.32,1900
8071,indigo,MUMBAI,Bangalore,2025-04-02,19:00,4h 18m,Non Stop,Business,7.0,17955.1,840
8072,indigo,Mumbai,Hyderabad,2025-04-14,19:30,2h 32m,2+ stops,Biz,59.0,12439.68,620
8073,Spice Jet,Chennai,Delhi,21-Jun-2025,23:45,0h 53m,2 stops,economy,13.0,13130.29,1760
8074,Go Air,Hyderabad,Chennai,2025-07-08,16:45,1h 26m,non-stop,BUSINESS,37.0,10238.92,515
8075,IndiGo,Chennai,Bangalore,12/19/2025,5:00,3h 22m,2+ stops,Eco,18.0,2663.03,290
8076,IndiGo,Chennai,Delhi,10-Jan-2025,9:30,1h 26m,2 stops,Eco,,13944.29,1760
8077,GoAir,Hyderabad,Chennai,2025-06-16,1:00,1h 51m,,Business,13.0,10792.34,515
8078,AirAsia,Chenai,Chennai,2025-02-28,6:15,6h 32m,non-stop,Biz,58.0,17902.88,1030
8079,Vistara,delhi,Cochin,07/03/2025,8:15,2h 35m,1 stop,Biz,7.0,46501.52,2100
8080,AIR INDIA,Chennai,Bangalore,15-Apr-2025,9:15,2h 37m,non-stop,BUSINESS,3.0,6339.58,290
8081,Air India,Mumbai,Delhi,2025-05-18,17:00,4h 28m,,Eco,30.0,9242.94,1150
8082,Go Air,delhi,Bangalore,31/03/2025,11:30,2h 49m,1 stop,Business,42.0,34154.16,1740
8083,SpiceJet,Mumbai,HYDERABAD,01/22/2025,22:00,2h 15m,2 stops,BUSINESS,16.0,13011.46,620
8084,Air India,Hyderabad,Delhi,12-May-2025,23:15,2h 14m,non-stop,,7.0,10933.3,1260
8085,AIR INDIA,Mumbai,HYDERABAD,08/10/2025,2:45,1h 4m,non-stop,Economy,35.0,4895.16,620
8086,Air India,Chenai,Hyderabad,2025-10-31,18:30,3h 24m,Non Stop,BUSINESS,36.0,10695.43,515
8087,indigo,Hyderabad,Mumbai,07/05/2025,11:45,1h 21m,1 Stop,BUSINESS,3.0,14077.44,620
8088,Air India,Chennai,cochin,12/08/2025,15:30,,,Biz,9.0,13942.74,500
8089,IndiGo,delhi,cochin,29-Aug-2025,1:00,1h 34m,1 Stop,BUSINESS,45.0,38584.67,2100
8090,GoAir,Banglore,HYDERABAD,04/21/2025,20:45,3h 18m,,,16.0,10803.62,500
8091,SpiceJet,Delhi,Mumbai,27-Jul-2025,1:00,2h 20m,1 Stop,Business,46.0,21472.5,1150
8092,IndiGo,Kolkata,cochin,23-Jul-2025,9:45,2h 10m,1 stop,economy,28.0,14098.8,1900
8093,indigo,Bangalore,HYDERABAD,2025-07-23,6:45,,2+ stops,BUSINESS,20.0,12770.45,500
8094,,delhi,Hyderabad,09/02/2025,4:30,1h 14m,2 stops,Business,26.0,26987.02,1260
8095,Go Air,Kolkata,Bangalore,2025-09-16,23:15,2h 51m,,BUSINESS,29.0,32395.52,1560
8096,Vistara,MUMBAI,Mumbai,01/23/2025,9:00,2h 55m,1 Stop,economy,31.0,9517.62,1030
8097,SpiceJet,Delhi,Mumbai,2025-08-28,10:00,1h 46m,2 stops,economy,5.0,8791.19,1150
8098,Go Air,Chenai,Cochin,2025-08-26,4:45,1h 38m,Non Stop,economy,40.0,3536.98,500
8099,Vistara,MUMBAI,Hyderabad,03/30/2025,8:30,2h 6m,2+ stops,Business,39.0,14992.22,620
8100,SpiceJet,Chennai,Kolkata,03/07/2025,12:00,5h 50m,1 Stop,BUSINESS,20.0,28049.7,1360
8101,Air India,Kolkata,Mumbai,06/03/2025,10:30,3h 38m,2 stops,Eco,27.0,,1650
8102,IndiGo,Chenai,Delhi,30/04/2025,2:00,3h 43m,Non Stop,Eco,50.0,12033.96,1760
8103,Go Air,Bangalore,Chennai,10/19/2025,14:15,1h 59m,2 stops,Economy,19.0,2608.63,290
8104,Go Air,Chenai,cochin,22-Dec-2025,5:45,3h 15m,non-stop,Eco,21.0,3658.2,500
8105,Vistara,Bangalore,Delhi,13/04/2025,11:30,2h 47m,1 stop,Biz,60.0,40602.22,1740
8106,Air India,Banglore,Mumbai,2025-01-21,22:45,1h 42m,Non Stop,Eco,34.0,6872.1,840
8107,Air India,Chenai,Cochin,08-Dec-2025,6:15,1h 40m,,Business,11.0,12687.53,500
8108,AIR INDIA,Banglore,cochin,2025-02-25,13:00,2h 47m,2+ stops,Eco,19.0,,360
8109,AIR INDIA,Mumbai,Cochin,12/06/2025,6:15,3h 15m,,Biz,22.0,19293.15,860
8110,,Banglore,Delhi,18-Nov-2025,20:15,4h 46m,Non Stop,Economy,7.0,12178.43,1740
8111,Go Air,Chenai,Kolkata,2025-09-18,20:45,2h 49m,2+ stops,Economy,24.0,10644.04,1360
8112,Vistara,Chennai,Mumbai,06/07/2025,19:45,2h 42m,non-stop,Business,36.0,21120.39,1030
8113,IndiGo,Mumbai,Bangalore,21-Oct-2025,23:00,5h 58m,2 stops,Eco,48.0,,840
8114,AIR INDIA,Chenai,HYDERABAD,11/02/2025,20:00,4h 47m,non-stop,Biz,52.0,10245.21,515
8115,IndiGo,Banglore,Bangalore,01/08/2025,6:30,3h 0m,2+ stops,Biz,13.0,25766.7,1030
8116,GoAir,Bangalore,HYDERABAD,07/28/2025,19:00,1h 42m,Non Stop,economy,12.0,3622.0,500
8117,indigo,Mumbai,Bangalore,09/21/2025,15:30,1h 26m,2 stops,Eco,57.0,6421.29,840
8118,Spice Jet,Bangalore,HYDERABAD,07/09/2025,12:45,1h 15m,non-stop,Biz,21.0,10616.86,500
8119,IndiGo,Delhi,Cochin,2025-02-19,4:45,2h 22m,1 Stop,Business,39.0,46133.42,2100
8120,SpiceJet,Delhi,Chennai,11/28/2025,6:30,3h 55m,non-stop,Economy,7.0,13327.06,1760
8121,Go Air,Delhi,Cochin,05/08/2025,4:15,1h 38m,non-stop,Economy,60.0,12243.11,2100
8122,AIR INDIA,Banglore,Chennai,2025-04-29,9:45,2h 42m,,Business,22.0,6587.19,290
8123,SpiceJet,Mumbai,HYDERABAD,17-Feb-2025,18:30,1h 44m,,Economy,35.0,4121.67,620
8124,AirAsia,Delhi,Hyderabad,02/23/2025,18:45,3h 55m,1 stop,Biz,17.0,21614.45,1260
8125,AirAsia,MUMBAI,HYDERABAD,02/09/2025,20:00,3h 37m,,Business,30.0,11256.8,620
8126,Spice Jet,Chenai,Hyderabad,01/15/2025,2:15,1h 54m,Non Stop,BUSINESS,55.0,9421.84,515
8127,Air India,Delhi,Mumbai,12/09/2025,21:15,1h 14m,Non Stop,economy,56.0,7659.78,1150
8128,IndiGo,Chenai,Mumbai,2025-08-29,7:30,2h 32m,1 stop,Eco,36.0,7344.34,1030
8129,indigo,Kolkata,Hyderabad,05/04/2025,11:00,2h 38m,non-stop,Economy,23.0,8692.64,1190
8130,GoAir,MUMBAI,Chennai,12/04/2025,22:45,2h 46m,1 stop,BUSINESS,58.0,18308.48,1030
8131,SpiceJet,Banglore,cochin,03/09/2025,20:30,5h 46m,,economy,25.0,2949.16,360
8132,GoAir,Chennai,Kolkata,12/28/2025,19:00,5h 17m,2+ stops,Eco,33.0,10027.83,1360
8133,Spice Jet,delhi,cochin,15-Aug-2025,18:45,1h 1m,2+ stops,Eco,37.0,14085.76,2100
8134,IndiGo,Banglore,Cochin,2025-07-14,8:15,,1 stop,Biz,40.0,7455.76,360
8135,GoAir,delhi,Cochin,24/02/2025,10:15,4h 47m,non-stop,BUSINESS,24.0,42849.47,2100
8136,Spice Jet,Hyderabad,cochin,12/11/2025,2:00,3h 30m,1 stop,Business,40.0,13622.92,700
8137,AirAsia,Mumbai,Bangalore,08/06/2025,20:15,1h 13m,1 Stop,BUSINESS,40.0,17098.96,840
8138,AIR INDIA,Banglore,Hyderabad,09/02/2025,21:00,0h 56m,2+ stops,economy,14.0,,500
8139,Vistara,Chenai,Cochin,02/13/2025,20:15,4h 46m,2+ stops,BUSINESS,34.0,12582.58,500
8140,Spice Jet,Chenai,Delhi,31-Jul-2025,1:30,4h 1m,1 Stop,Business,25.0,33028.4,1760
8141,Go Air,Chenai,Delhi,02/09/2025,14:15,4h 0m,2+ stops,BUSINESS,43.0,35665.94,1760
8142,Spice Jet,Mumbai,Cochin,2025-08-30,8:30,1h 3m,Non Stop,Economy,23.0,6216.46,860
8143,Air India,MUMBAI,Mumbai,2025-03-30,5:45,1h 7m,non-stop,BUSINESS,51.0,20322.01,1030
8144,Spice Jet,Kolkata,Mumbai,28-May-2025,16:00,2h 42m,1 stop,Economy,2.0,12711.65,1650
8145,IndiGo,Delhi,HYDERABAD,20-Feb-2025,21:30,1h 4m,1 stop,Biz,58.0,25967.85,1260
8146,Vistara,Chennai,Cochin,17/02/2025,8:45,2h 15m,,economy,47.0,3932.61,500
8147,AirAsia,Chenai,Mumbai,30-Sep-2025,16:45,0h 56m,,economy,16.0,6655.63,1030
8148,,Banglore,Chennai,05/12/2025,23:45,2h 19m,Non Stop,Biz,11.0,6745.97,290
8149,Vistara,Bangalore,Hyderabad,12-May-2025,8:30,2h 37m,,Economy,33.0,4343.83,500
8150,,Mumbai,Kolkata,08/07/2025,20:00,0h 37m,1 stop,Economy,49.0,10562.45,1650
8151,Air India,Delhi,cochin,20/05/2025,5:45,0h 46m,2 stops,Economy,48.0,15377.25,2100
8152,Go Air,Chennai,HYDERABAD,09-Sep-2025,15:00,5h 3m,non-stop,Eco,12.0,3998.52,515
8153,GoAir,Hyderabad,Chennai,2025-01-08,20:00,6h 48m,Non Stop,Business,51.0,8824.93,515
8154,Vistara,delhi,Hyderabad,16/09/2025,5:30,5h 58m,2+ stops,Eco,18.0,12166.01,1260
8155,AirAsia,Banglore,Delhi,14/09/2025,11:30,3h 28m,1 stop,Economy,22.0,11192.69,1740
8156,Go Air,Chennai,cochin,21-Oct-2025,2:30,3h 34m,1 Stop,Business,15.0,8764.54,500
8157,SpiceJet,delhi,Delhi,19/09/2025,9:00,5h 50m,,BUSINESS,7.0,22098.88,1030
8158,IndiGo,Kolkata,Bangalore,09/24/2025,23:30,,,,10.0,11346.04,1560
8159,Vistara,Chenai,Delhi,02/13/2025,2:15,1h 52m,1 stop,BUSINESS,43.0,43404.23,1760
8160,Vistara,Banglore,Cochin,20/02/2025,14:30,2h 42m,1 stop,Eco,51.0,3003.48,360
8161,Vistara,delhi,Mumbai,31/12/2025,1:30,1h 22m,2 stops,BUSINESS,5.0,27871.7,1150
8162,GoAir,MUMBAI,cochin,09/10/2025,9:30,1h 16m,Non Stop,Eco,47.0,5537.21,860
8163,Go Air,Mumbai,Cochin,21/04/2025,18:00,2h 52m,1 stop,,4.0,6135.56,860
8164,AIR INDIA,Delhi,HYDERABAD,2025-04-01,2:45,1h 45m,non-stop,Biz,31.0,25791.06,1260
8165,Spice Jet,Kolkata,Hyderabad,09/30/2025,13:00,1h 21m,1 Stop,BUSINESS,2.0,26135.01,1190
8166,AIR INDIA,Chenai,Delhi,06/09/2025,6:45,3h 30m,non-stop,economy,6.0,12976.82,1760
8167,Spice Jet,delhi,Delhi,16-Jul-2025,14:00,1h 17m,2+ stops,Biz,54.0,18926.19,1030
8168,AIR INDIA,delhi,Delhi,2025-11-10,14:00,1h 43m,1 stop,Biz,48.0,24394.76,1030
8169,Vistara,Mumbai,Delhi,05/01/2025,23:30,5h 1m,,Eco,59.0,9131.83,1150
8170,GoAir,Hyderabad,cochin,2025-12-29,10:00,2h 49m,Non Stop,Eco,37.0,4627.97,700
8171,IndiGo,Delhi,Mumbai,05/23/2025,4:30,1h 23m,2 stops,Biz,55.0,23294.58,1150
8172,GoAir,Hyderabad,Chennai,2025-09-15,0:00,2h 30m,2 stops,economy,37.0,3963.73,515
8173,IndiGo,Kolkata,Mumbai,2025-12-09,21:45,2h 21m,,Economy,54.0,,1650
8174,IndiGo,Mumbai,Hyderabad,28/01/2025,13:45,1h 15m,1 stop,Eco,46.0,4235.43,620
8175,AirAsia,Kolkata,Cochin,08/01/2025,18:00,1h 8m,non-stop,BUSINESS,43.0,33444.21,1900
8176,Go Air,Kolkata,Bangalore,2025-08-14,5:45,1h 49m,non-stop,Biz,36.0,27567.25,1560
8177,indigo,Mumbai,Hyderabad,2025-10-31,21:45,1h 12m,,economy,12.0,4773.93,620
8178,AirAsia,delhi,Delhi,2025-12-03,3:45,2h 13m,2 stops,Business,23.0,20878.96,1030
8179,AIR INDIA,Hyderabad,Bangalore,11-May-2025,19:00,7h 12m,2 stops,Economy,55.0,4504.27,500
8180,AirAsia,Chenai,Bangalore,2025-07-06,7:30,3h 40m,Non Stop,,46.0,2333.92,290
8181,Go Air,Banglore,Mumbai,06/10/2025,6:45,2h 58m,1 Stop,economy,44.0,5839.55,840
8182,Go Air,Hyderabad,Bangalore,31-Oct-2025,7:45,,1 Stop,Biz,34.0,8964.26,500
8183,IndiGo,Mumbai,cochin,24-Jan-2025,14:45,0h 45m,2+ stops,Economy,3.0,6612.57,860
8184,IndiGo,delhi,Chennai,04-Apr-2025,6:15,,1 Stop,Biz,16.0,37293.0,1760
8185,GoAir,Banglore,Bangalore,16-Aug-2025,8:30,1h 22m,non-stop,BUSINESS,,21296.03,1030
8186,SpiceJet,Mumbai,Kolkata,26-Jun-2025,9:30,2h 18m,Non Stop,Business,9.0,31325.61,1650
8187,Vistara,Mumbai,Chennai,01/25/2025,17:45,2h 31m,1 stop,economy,1.0,8900.72,1030
8188,IndiGo,Hyderabad,Cochin,2025-07-21,1:45,4h 1m,Non Stop,BUSINESS,16.0,14418.76,700
8189,AirAsia,Mumbai,Hyderabad,09-Jul-2025,19:00,1h 19m,2+ stops,BUSINESS,,12391.83,620
8190,GoAir,Bangalore,HYDERABAD,02/11/2025,15:00,3h 17m,2 stops,BUSINESS,58.0,9851.28,500
8191,Go Air,Chennai,cochin,2025-08-19,20:15,6h 39m,,Business,5.0,11991.56,500
8192,indigo,Kolkata,Chennai,29-Jul-2025,3:15,0h 47m,Non Stop,Eco,42.0,,1360
8193,Air India,Delhi,Bangalore,08/03/2025,2:00,2h 25m,,BUSINESS,58.0,34312.76,1740
8194,Go Air,Chennai,cochin,2025-07-19,4:30,,2 stops,Business,31.0,12053.09,500
8195,GoAir,Kolkata,cochin,25/08/2025,21:00,7h 3m,2+ stops,Eco,14.0,14670.7,1900
8196,Vistara,Hyderabad,Kolkata,27/07/2025,4:00,,2+ stops,economy,41.0,9798.81,1190
8197,Vistara,MUMBAI,Mumbai,15-Dec-2025,20:45,3h 37m,,Biz,4.0,28141.78,1030
8198,IndiGo,MUMBAI,Delhi,03/12/2025,7:45,5h 34m,2+ stops,Eco,28.0,9094.46,1150
8199,Air India,Banglore,Chennai,25-Jan-2025,12:00,2h 12m,1 Stop,Business,60.0,6997.64,290
8200,Vistara,Kolkata,Cochin,16-Nov-2025,15:00,2h 46m,2+ stops,economy,7.0,16413.67,1900
8201,Go Air,Chenai,Hyderabad,24/12/2025,14:15,1h 3m,1 Stop,Economy,56.0,3699.38,515
8202,SpiceJet,Mumbai,HYDERABAD,01/07/2025,2:15,0h 54m,2+ stops,Eco,60.0,4418.25,620
8203,AirAsia,Banglore,Hyderabad,2025-04-02,11:00,1h 18m,2+ stops,Eco,35.0,3970.28,500
8204,SpiceJet,MUMBAI,Cochin,12-Aug-2025,10:30,4h 20m,Non Stop,Eco,,6692.08,860
8205,indigo,Banglore,Chennai,04/09/2025,9:15,2h 38m,2+ stops,economy,12.0,2581.56,290
8206,AIR INDIA,delhi,Bangalore,03/15/2025,2:15,1h 59m,2+ stops,Biz,14.0,47521.08,1740
8207,Vistara,Hyderabad,cochin,2025-02-20,12:00,5h 38m,1 Stop,BUSINESS,29.0,15470.47,700
8208,AirAsia,Bangalore,Delhi,2025-02-11,3:30,4h 19m,1 Stop,economy,57.0,9905.12,1740
8209,indigo,delhi,Mumbai,10/21/2025,11:45,0h 49m,,Business,48.0,21660.23,1150
8210,IndiGo,MUMBAI,Bangalore,10-Mar-2025,12:45,3h 22m,,Eco,34.0,6443.1,840
8211,SpiceJet,Bangalore,Cochin,26-Nov-2025,8:30,1h 49m,,BUSINESS,7.0,7908.51,360
8212,Go Air,Kolkata,Chennai,2025-06-06,10:45,2h 18m,2+ stops,Eco,17.0,10102.57,1360
8213,Go Air,Chennai,Bangalore,01/03/2025,20:45,1h 6m,2+ stops,Business,20.0,6601.08,290
8214,indigo,Mumbai,Hyderabad,2025-05-11,7:45,0h 52m,non-stop,Business,2.0,13930.63,620
8215,indigo,MUMBAI,Hyderabad,22/07/2025,4:45,0h 46m,non-stop,Eco,26.0,4620.04,620
8216,AIR INDIA,Delhi,Mumbai,01/24/2025,7:45,2h 40m,,Biz,4.0,29625.43,1150
8217,SpiceJet,Chenai,Cochin,2025-05-02,13:30,3h 34m,non-stop,Eco,10.0,4294.83,500
8218,Vistara,Delhi,Mumbai,08/31/2025,19:30,2h 28m,Non Stop,Economy,13.0,9301.21,1150
8219,GoAir,Mumbai,cochin,11/06/2025,0:15,6h 16m,non-stop,Eco,3.0,6255.02,860
8220,SpiceJet,Hyderabad,Mumbai,22-Dec-2025,7:45,3h 6m,1 stop,Business,55.0,12232.08,620
8221,Go Air,Hyderabad,Bangalore,31/01/2025,4:00,2h 47m,1 stop,Business,56.0,8731.92,500
8222,Go Air,delhi,Hyderabad,07/15/2025,4:30,2h 38m,1 stop,economy,7.0,8658.33,1260
8223,SpiceJet,Delhi,Chennai,20-Feb-2025,13:00,3h 0m,2 stops,economy,30.0,13209.81,1760
8224,indigo,Banglore,Kolkata,2025-08-14,1:00,5h 54m,Non Stop,Economy,39.0,10674.09,1560
8225,SpiceJet,Delhi,cochin,2025-03-20,6:00,1h 13m,,Business,14.0,39964.05,2100
8226,Spice Jet,Banglore,Delhi,31-Dec-2025,17:30,2h 36m,non-stop,BUSINESS,58.0,27719.05,1740
8227,Go Air,MUMBAI,Chennai,09/28/2025,6:00,2h 2m,2+ stops,economy,4.0,8099.32,1030
8228,SpiceJet,MUMBAI,Kolkata,09/07/2025,11:45,1h 30m,1 Stop,Biz,23.0,35438.3,1650
8229,SpiceJet,delhi,Delhi,2025-02-09,18:45,9h 38m,1 Stop,Economy,47.0,8023.83,1030
8230,IndiGo,delhi,HYDERABAD,11/12/2025,11:30,1h 30m,,Biz,55.0,24627.37,1260
8231,Go Air,Banglore,Delhi,01/16/2025,6:15,5h 8m,,BUSINESS,27.0,38307.98,1740
8232,indigo,MUMBAI,Cochin,19/06/2025,6:30,3h 12m,Non Stop,Business,50.0,16402.09,860
8233,AIR INDIA,Mumbai,Kolkata,2025-08-02,15:15,1h 46m,non-stop,economy,8.0,12686.09,1650
8234,GoAir,Hyderabad,Mumbai,09/06/2025,21:45,0h 48m,Non Stop,Business,44.0,,620
8235,Spice Jet,Hyderabad,Chennai,2025-07-28,7:45,0h 48m,Non Stop,Biz,53.0,9086.32,515
8236,Go Air,delhi,Hyderabad,2025-10-15,23:30,1h 57m,,economy,38.0,8704.44,1260
8237,AIR INDIA,Bangalore,cochin,2025-01-28,4:30,3h 44m,non-stop,Business,3.0,9630.83,360
8238,Spice Jet,Bangalore,Cochin,25/01/2025,6:45,1h 28m,2 stops,Eco,25.0,2733.71,360
8239,Go Air,delhi,Delhi,03/14/2025,23:15,6h 57m,2+ stops,Eco,46.0,7909.73,1030
8240,Air India,Hyderabad,Kolkata,25/12/2025,21:30,3h 36m,non-stop,Eco,26.0,9666.54,1190
8241,IndiGo,Bangalore,Mumbai,18-Jul-2025,13:15,1h 7m,2 stops,Eco,1.0,6844.57,840
8242,SpiceJet,Hyderabad,Bangalore,02/09/2025,10:00,,2+ stops,Eco,1.0,3654.43,500
8243,SpiceJet,Kolkata,Chennai,05/13/2025,12:15,1h 46m,,Business,41.0,26507.82,1360
8244,Vistara,Banglore,cochin,06/22/2025,10:45,0h 45m,non-stop,Eco,54.0,2931.84,360
8245,GoAir,Hyderabad,Delhi,2025-03-20,8:30,4h 43m,2+ stops,Eco,5.0,9426.5,1260
8246,Spice Jet,Chennai,HYDERABAD,2025-05-02,12:30,2h 1m,1 Stop,Economy,10.0,3922.0,515
8247,indigo,MUMBAI,cochin,2025-12-09,0:15,1h 51m,2+ stops,Eco,5.0,6759.4,860
8248,indigo,Delhi,cochin,04-May-2025,14:30,2h 12m,1 stop,BUSINESS,11.0,38719.6,2100
8249,AIR INDIA,Delhi,Kolkata,11/09/2025,2:00,0h 51m,2 stops,Eco,4.0,11757.19,1300
8250,Air India,Hyderabad,cochin,13/06/2025,0:00,5h 4m,non-stop,economy,48.0,5427.57,700
8251,Air India,Delhi,Chennai,23/12/2025,17:30,2h 24m,non-stop,BUSINESS,42.0,40055.32,1760
8252,AirAsia,Mumbai,Kolkata,03-Jul-2025,23:45,2h 59m,1 stop,Economy,25.0,11387.72,1650
8253,IndiGo,Delhi,cochin,17-May-2025,6:15,5h 24m,1 stop,Economy,10.0,,2100
8254,,Delhi,Mumbai,04/18/2025,14:00,1h 44m,2+ stops,Economy,15.0,9271.75,1150
8255,Air India,Chennai,cochin,2025-12-22,20:30,0h 37m,non-stop,BUSINESS,31.0,11264.74,500
8256,Go Air,Bangalore,HYDERABAD,10-Jun-2025,21:00,2h 58m,Non Stop,Biz,58.0,9480.56,500
8257,Air India,Mumbai,Kolkata,02-Feb-2025,15:00,2h 19m,2 stops,Biz,,39338.64,1650
8258,Spice Jet,Chennai,Mumbai,18/12/2025,18:15,4h 15m,Non Stop,Eco,20.0,7711.23,1030
8259,AIR INDIA,Bangalore,Chennai,18/10/2025,19:45,1h 28m,non-stop,economy,60.0,2244.03,290
8260,Spice Jet,Chenai,Mumbai,2025-10-20,1:00,3h 8m,,BUSINESS,29.0,19435.98,1030
8261,Go Air,Bangalore,HYDERABAD,03-Jul-2025,7:30,,2 stops,economy,37.0,3663.88,500
8262,SpiceJet,Kolkata,Chennai,2025-01-26,12:45,3h 45m,non-stop,Biz,21.0,26915.28,1360
8263,AIR INDIA,Mumbai,Delhi,2025-07-16,22:45,3h 38m,2+ stops,Business,50.0,24808.34,1150
8264,Spice Jet,Hyderabad,Mumbai,05/31/2025,0:30,3h 37m,,Business,37.0,11444.61,620
8265,indigo,Mumbai,Delhi,25-Jun-2025,20:45,3h 47m,,Business,6.0,26441.01,1150
8266,GoAir,MUMBAI,HYDERABAD,15/04/2025,14:30,3h 43m,non-stop,BUSINESS,7.0,12328.92,620
8267,GoAir,Delhi,Cochin,2025-08-24,14:15,4h 8m,1 stop,Biz,,40282.8,2100
8268,AIR INDIA,Banglore,Hyderabad,11/18/2025,2:30,3h 57m,2+ stops,Business,43.0,11960.03,500
8269,GoAir,MUMBAI,Delhi,01/10/2025,21:45,3h 11m,2 stops,Biz,40.0,24883.03,1150
8270,IndiGo,Hyderabad,Mumbai,2025-01-30,17:00,1h 3m,2 stops,Business,38.0,14344.8,620
8271,IndiGo,Bangalore,HYDERABAD,28-Feb-2025,0:30,4h 44m,1 Stop,Biz,55.0,9484.93,500
8272,SpiceJet,delhi,cochin,02/10/2025,18:45,1h 57m,Non Stop,Biz,36.0,37699.56,2100
8273,SpiceJet,Chennai,Cochin,03/12/2025,17:15,,non-stop,economy,8.0,3911.67,500
8274,Air India,Kolkata,Bangalore,15/07/2025,11:45,0h 54m,1 stop,Economy,47.0,11739.38,1560
8275,Go Air,delhi,cochin,02/25/2025,11:15,1h 44m,2 stops,Biz,28.0,42320.34,2100
8276,GoAir,Kolkata,Mumbai,18/04/2025,15:30,4h 20m,1 Stop,economy,30.0,10389.63,1650
8277,indigo,Delhi,Cochin,25/01/2025,3:00,0h 44m,non-stop,,53.0,12663.36,2100
8278,Air India,Kolkata,cochin,17/07/2025,22:30,1h 34m,,Business,36.0,40495.89,1900
8279,Air India,delhi,Hyderabad,30/10/2025,13:15,0h 49m,1 stop,economy,9.0,10353.91,1260
8280,AirAsia,Delhi,Mumbai,2025-12-11,10:00,0h 48m,Non Stop,Biz,26.0,23009.76,1150
8281,IndiGo,Chenai,Hyderabad,06/10/2025,19:00,2h 41m,1 Stop,BUSINESS,7.0,11258.47,515
8282,SpiceJet,Banglore,HYDERABAD,18-May-2025,3:30,2h 54m,1 stop,Business,24.0,9791.85,500
8283,AirAsia,Mumbai,Chennai,04/24/2025,21:45,6h 19m,,Economy,9.0,7494.42,1030
8284,Spice Jet,Hyderabad,Cochin,05/05/2025,23:15,2h 51m,,BUSINESS,29.0,15081.12,700
8285,indigo,Banglore,Hyderabad,04/03/2025,0:15,3h 53m,Non Stop,Biz,37.0,9354.69,500
8286,GoAir,delhi,Chennai,06-Oct-2025,12:15,2h 11m,,Business,38.0,36193.74,1760
8287,AirAsia,Bangalore,Mumbai,2025-05-31,19:15,1h 10m,1 stop,BUSINESS,28.0,15799.24,840
8288,IndiGo,Banglore,Cochin,11/17/2025,1:45,3h 43m,1 stop,BUSINESS,16.0,7908.93,360
8289,indigo,Chennai,Bangalore,2025-12-31,16:00,3h 0m,1 stop,Economy,32.0,2273.11,290
8290,AirAsia,Mumbai,cochin,13-Feb-2025,18:30,2h 12m,,Business,21.0,17443.2,860
8291,indigo,Hyderabad,Delhi,2025-01-11,17:30,2h 37m,1 stop,Biz,31.0,26001.74,1260
8292,Vistara,Hyderabad,cochin,22/01/2025,14:00,6h 10m,1 stop,Business,27.0,,700
8293,,Bangalore,HYDERABAD,09/05/2025,17:30,3h 48m,2 stops,Economy,54.0,3731.17,500
8294,Air India,Banglore,Chennai,07-Feb-2025,22:45,5h 17m,1 Stop,economy,7.0,2967.09,290
8295,Spice Jet,Chenai,cochin,2025-06-14,20:45,2h 19m,1 stop,Eco,3.0,3853.64,500
8296,GoAir,Bangalore,Hyderabad,11/05/2025,21:45,2h 57m,1 Stop,BUSINESS,58.0,9281.77,500
8297,Air India,Bangalore,Chennai,2025-07-07,23:15,2h 39m,2 stops,Economy,14.0,2728.79,290
8298,IndiGo,delhi,Bangalore,18/02/2025,10:15,1h 44m,Non Stop,BUSINESS,54.0,29338.8,1740
8299,Vistara,Delhi,Cochin,2025-07-04,5:00,3h 4m,2 stops,economy,20.0,20687.77,2100
8300,Spice Jet,Bangalore,Hyderabad,05/10/2025,1:00,3h 0m,1 stop,Eco,54.0,3282.88,500
8301,GoAir,Mumbai,HYDERABAD,2025-08-01,0:15,1h 27m,non-stop,BUSINESS,15.0,12316.59,620
8302,SpiceJet,MUMBAI,Chennai,2025-01-01,0:15,3h 11m,1 stop,Business,22.0,18824.28,1030
8303,indigo,Kolkata,cochin,07/06/2025,16:00,3h 7m,,Business,17.0,36002.18,1900
8304,Go Air,Bangalore,Chennai,21/10/2025,2:00,2h 31m,1 stop,Eco,40.0,2305.94,290
8305,AIR INDIA,Banglore,Chennai,17-Apr-2025,5:30,2h 22m,1 Stop,Business,21.0,7141.01,290
8306,GoAir,Banglore,HYDERABAD,16-Mar-2025,4:45,2h 8m,2 stops,Eco,54.0,3830.9,500
8307,AirAsia,Hyderabad,Kolkata,07/18/2025,10:00,3h 0m,,Biz,41.0,22360.81,1190
8308,AIR INDIA,Banglore,Bangalore,06/08/2025,23:15,2h 50m,2+ stops,Economy,56.0,8121.19,1030
8309,AirAsia,MUMBAI,Mumbai,01-Aug-2025,4:30,,Non Stop,Economy,46.0,5962.01,1030
8310,Vistara,delhi,HYDERABAD,28-Mar-2025,2:45,0h 45m,,Biz,4.0,34164.38,1260
8311,,Kolkata,cochin,13/03/2025,2:45,7h 46m,2+ stops,Biz,35.0,45080.54,1900
8312,SpiceJet,Chenai,Hyderabad,11/14/2025,10:15,3h 1m,,economy,48.0,3444.62,515
8313,Go Air,Delhi,Bangalore,2025-03-18,4:00,2h 27m,non-stop,Biz,15.0,33630.26,1740
8314,Air India,Kolkata,HYDERABAD,04/22/2025,6:30,6h 57m,2+ stops,Economy,59.0,9761.11,1190
8315,Vistara,Banglore,Hyderabad,30/03/2025,17:15,2h 59m,1 stop,economy,35.0,4227.02,500
8316,SpiceJet,Chenai,Hyderabad,07-Nov-2025,16:45,2h 17m,1 stop,Biz,56.0,10245.71,515
8317,AIR INDIA,Banglore,cochin,09/11/2025,10:30,1h 47m,non-stop,Economy,59.0,2912.22,360
8318,indigo,MUMBAI,Delhi,05/14/2025,15:30,1h 58m,1 Stop,BUSINESS,3.0,25486.33,1150
8319,indigo,Chennai,Mumbai,25-Dec-2025,12:00,4h 54m,1 Stop,BUSINESS,46.0,20550.27,1030
8320,indigo,Kolkata,Delhi,14-Sep-2025,7:30,1h 19m,non-stop,,49.0,9209.32,1300
8321,AirAsia,Banglore,Hyderabad,2025-09-29,9:00,3h 2m,2+ stops,BUSINESS,5.0,11886.98,500
8322,SpiceJet,MUMBAI,Mumbai,24-May-2025,11:15,2h 34m,,Business,59.0,19047.64,1030
8323,GoAir,Kolkata,Cochin,20/02/2025,2:45,1h 44m,Non Stop,economy,2.0,11617.56,1900
8324,AIR INDIA,Delhi,Mumbai,2025-06-19,17:15,3h 56m,2 stops,Biz,28.0,27899.06,1150
8325,Air India,Banglore,cochin,03/15/2025,8:15,0h 55m,1 Stop,Business,13.0,9064.93,360
8326,SpiceJet,Bangalore,HYDERABAD,2025-04-01,7:30,2h 37m,1 stop,BUSINESS,35.0,8442.33,500
8327,,Bangalore,cochin,2025-07-16,11:15,1h 31m,2 stops,Economy,56.0,2834.86,360
8328,indigo,Kolkata,Bangalore,04/08/2025,7:00,1h 49m,Non Stop,Eco,40.0,10099.62,1560
8329,Air India,delhi,Hyderabad,28/06/2025,17:30,1h 20m,non-stop,BUSINESS,13.0,27966.05,1260
8330,IndiGo,MUMBAI,Delhi,30-Dec-2025,2:30,2h 0m,,Economy,33.0,7799.0,1150
8331,AIR INDIA,Chennai,Bangalore,2025-11-18,16:45,2h 2m,1 stop,Biz,57.0,6343.9,290
8332,Go Air,Chennai,Delhi,30/03/2025,1:15,4h 32m,1 stop,Eco,24.0,13059.24,1760
8333,AirAsia,MUMBAI,Hyderabad,01-May-2025,3:45,2h 53m,1 stop,Business,24.0,11836.79,620
8334,indigo,Banglore,Kolkata,2025-07-26,17:15,3h 21m,,BUSINESS,35.0,33980.19,1560
8335,Go Air,Hyderabad,Cochin,25/01/2025,12:00,1h 8m,1 Stop,economy,42.0,4451.38,700
8336,Vistara,delhi,cochin,14/08/2025,19:30,1h 55m,1 stop,economy,56.0,16069.73,2100
8337,IndiGo,Chennai,Cochin,02-Apr-2025,22:00,4h 50m,non-stop,Eco,41.0,3879.89,500
8338,Go Air,Chenai,Delhi,12/17/2025,4:15,3h 22m,2+ stops,Eco,12.0,13609.73,1760
8339,GoAir,Delhi,Mumbai,11-Sep-2025,0:45,3h 57m,Non Stop,economy,51.0,7222.36,1150
8340,Air India,Bangalore,cochin,2025-04-04,11:00,3h 38m,,Business,44.0,8583.04,360
8341,GoAir,Chennai,Mumbai,2025-08-10,9:30,1h 53m,,Economy,32.0,5882.31,1030
8342,IndiGo,Mumbai,Kolkata,14-Sep-2025,9:00,1h 48m,Non Stop,Biz,5.0,32051.3,1650
8343,SpiceJet,Chenai,Mumbai,14/08/2025,5:00,1h 28m,2+ stops,Biz,16.0,23611.48,1030
8344,GoAir,MUMBAI,Kolkata,12/18/2025,7:45,2h 16m,2+ stops,BUSINESS,55.0,28337.5,1650
8345,Spice Jet,Hyderabad,Mumbai,2025-07-05,21:45,4h 25m,,Biz,19.0,12695.37,620
8346,indigo,Banglore,Kolkata,20-Oct-2025,8:15,3h 26m,Non Stop,BUSINESS,53.0,29156.8,1560
8347,IndiGo,Delhi,Bangalore,10-Dec-2025,1:15,3h 9m,2+ stops,Eco,48.0,12195.33,1740
8348,GoAir,Kolkata,Delhi,09-Apr-2025,3:15,1h 26m,1 stop,Biz,14.0,25191.55,1300
8349,Vistara,Mumbai,Delhi,07/04/2025,15:45,5h 45m,2 stops,Business,12.0,30184.49,1150
8350,Spice Jet,Chenai,Mumbai,17-Jun-2025,15:15,1h 8m,1 Stop,Eco,46.0,7178.25,1030
8351,Go Air,Mumbai,cochin,27/01/2025,14:15,1h 20m,2+ stops,Economy,10.0,6274.3,860
8352,SpiceJet,Chenai,HYDERABAD,17-Oct-2025,1:45,3h 57m,,Biz,26.0,10398.86,515
8353,GoAir,Delhi,Cochin,08/30/2025,15:15,0h 54m,Non Stop,Biz,48.0,35160.56,2100
8354,GoAir,Chennai,Bangalore,02/14/2025,9:00,3h 6m,Non Stop,Biz,16.0,5169.25,290
8355,AIR INDIA,delhi,Mumbai,25/04/2025,6:15,,,Economy,27.0,9184.85,1150
8356,SpiceJet,Bangalore,Kolkata,2025-06-19,3:45,1h 23m,2 stops,economy,52.0,10901.83,1560
8357,SpiceJet,Mumbai,Bangalore,04/19/2025,6:00,4h 9m,non-stop,BUSINESS,44.0,16658.18,840
8358,GoAir,Mumbai,Bangalore,2025-05-23,15:45,1h 36m,1 stop,Business,10.0,16411.33,840
8359,Vistara,Hyderabad,Cochin,03/12/2025,3:45,4h 17m,non-stop,Biz,29.0,14875.52,700
8360,Air India,Kolkata,Chennai,08/31/2025,2:30,3h 50m,,Economy,19.0,10974.84,1360
8361,AIR INDIA,Bangalore,HYDERABAD,2025-05-25,16:00,3h 25m,1 Stop,BUSINESS,12.0,12808.15,500
8362,AIR INDIA,Kolkata,Delhi,2025-04-24,8:00,4h 10m,non-stop,Economy,,9922.0,1300
8363,AirAsia,delhi,Kolkata,07/29/2025,6:45,4h 2m,non-stop,Eco,53.0,7939.38,1300
8364,AIR INDIA,Hyderabad,Kolkata,02/03/2025,11:45,1h 11m,1 stop,BUSINESS,10.0,30111.47,1190
8365,IndiGo,Kolkata,Delhi,21/03/2025,19:00,3h 21m,2+ stops,Business,17.0,29204.83,1300
8366,GoAir,Banglore,HYDERABAD,27-Aug-2025,6:30,1h 43m,non-stop,Biz,31.0,9400.46,500
8367,Go Air,Kolkata,Delhi,01/27/2025,13:30,1h 16m,2 stops,Business,41.0,27957.19,1300
8368,AIR INDIA,Mumbai,Chennai,07/20/2025,11:45,3h 15m,Non Stop,economy,47.0,7412.13,1030
8369,AIR INDIA,Mumbai,HYDERABAD,2025-08-09,19:00,1h 51m,Non Stop,economy,46.0,4274.55,620
8370,GoAir,Kolkata,Mumbai,08/06/2025,12:30,2h 45m,1 stop,Business,18.0,31695.6,1650
8371,Vistara,Chenai,Chennai,24/01/2025,2:00,0h 57m,2+ stops,Business,50.0,23247.42,1030
8372,Vistara,Chenai,Mumbai,01/28/2025,15:00,1h 41m,1 Stop,BUSINESS,23.0,25058.56,1030
8373,Air India,Chennai,Mumbai,01/10/2025,10:45,2h 13m,2+ stops,Economy,45.0,7938.35,1030
8374,AIR INDIA,Hyderabad,Mumbai,01-Apr-2025,1:15,7h 28m,,BUSINESS,36.0,14682.48,620
8375,IndiGo,Banglore,Hyderabad,2025-04-28,15:45,1h 5m,2 stops,Eco,26.0,3799.01,500
8376,Spice Jet,Hyderabad,Bangalore,09/06/2025,4:45,3h 5m,non-stop,Eco,33.0,3169.14,500
8377,GoAir,Mumbai,HYDERABAD,2025-01-15,20:15,4h 19m,2+ stops,Economy,9.0,5284.89,620
8378,Vistara,Chenai,cochin,18-Oct-2025,8:45,2h 35m,2+ stops,Economy,1.0,5039.1,500
8379,indigo,Kolkata,Hyderabad,02/07/2025,10:00,6h 16m,,BUSINESS,5.0,27750.86,1190
8380,Go Air,Mumbai,Bangalore,12/22/2025,5:00,1h 36m,2+ stops,Eco,,5965.26,840
8381,Spice Jet,Chennai,HYDERABAD,12/03/2025,23:00,3h 4m,1 Stop,BUSINESS,7.0,10690.96,515
8382,AIR INDIA,Hyderabad,Kolkata,18/02/2025,13:45,1h 18m,2+ stops,economy,33.0,10088.95,1190
8383,AIR INDIA,Kolkata,Delhi,2025-10-05,19:45,1h 34m,2+ stops,Economy,37.0,11604.79,1300
8384,IndiGo,Mumbai,Hyderabad,23/10/2025,9:30,1h 50m,Non Stop,BUSINESS,46.0,12075.31,620
8385,,delhi,Delhi,09/09/2025,13:00,7h 19m,Non Stop,Economy,41.0,7654.41,1030
8386,IndiGo,Banglore,Bangalore,2025-02-24,0:00,2h 55m,non-stop,BUSINESS,48.0,19362.49,1030
8387,,Chennai,Mumbai,03/06/2025,11:30,1h 40m,,BUSINESS,8.0,20706.63,1030
8388,Air India,Delhi,Bangalore,02/04/2025,5:45,1h 29m,Non Stop,Eco,56.0,12503.46,1740
8389,AIR INDIA,Kolkata,HYDERABAD,05/12/2025,13:00,2h 0m,non-stop,Economy,56.0,8707.29,1190
8390,AirAsia,Banglore,Bangalore,03-Apr-2025,2:00,,,Business,1.0,21947.52,1030
8391,GoAir,Delhi,Chennai,07/15/2025,14:00,2h 6m,1 stop,Economy,24.0,11704.43,1760
8392,AirAsia,delhi,Kolkata,11/10/2025,21:00,2h 32m,,Business,31.0,25298.82,1300
8393,Go Air,Banglore,Cochin,08/13/2025,23:00,3h 4m,2+ stops,BUSINESS,52.0,7958.69,360
8394,Spice Jet,delhi,Kolkata,04/12/2025,7:00,4h 48m,2+ stops,Eco,3.0,11579.97,1300
8395,AirAsia,Banglore,Delhi,2025-09-30,10:00,4h 43m,2 stops,Business,3.0,38852.24,1740
8396,indigo,Banglore,Hyderabad,2025-03-25,14:30,2h 27m,2 stops,BUSINESS,49.0,10668.43,500
8397,SpiceJet,Delhi,HYDERABAD,31/05/2025,16:15,2h 29m,1 Stop,BUSINESS,41.0,22388.84,1260
8398,AIR INDIA,Kolkata,Bangalore,2025-08-15,18:15,2h 38m,,Economy,60.0,11177.62,1560
8399,Go Air,Mumbai,Hyderabad,07/31/2025,12:00,2h 19m,2 stops,Business,12.0,13630.61,620
8400,SpiceJet,MUMBAI,Mumbai,10-Sep-2025,13:00,1h 4m,non-stop,Economy,6.0,7497.55,1030
8401,AIR INDIA,Banglore,Bangalore,11/17/2025,15:45,1h 2m,Non Stop,economy,,8262.35,1030
8402,Spice Jet,Banglore,Kolkata,04/11/2025,17:30,3h 6m,,,20.0,31592.69,1560
8403,Air India,Hyderabad,HYDERABAD,28-Mar-2025,1:30,2h 11m,,economy,14.0,9467.08,1030
8404,,Hyderabad,cochin,2025-05-18,2:45,3h 57m,2 stops,Business,18.0,14394.7,700
8405,Spice Jet,Banglore,HYDERABAD,21-May-2025,15:45,1h 39m,2 stops,economy,44.0,3770.14,500
8406,,Chenai,Delhi,08-Dec-2025,23:45,2h 41m,1 Stop,Eco,11.0,12541.27,1760
8407,Vistara,Delhi,Mumbai,18/06/2025,16:45,3h 8m,2+ stops,Economy,29.0,8981.87,1150
8408,Go Air,Mumbai,cochin,15-Oct-2025,2:15,6h 12m,2 stops,economy,34.0,6391.85,860
8409,Vistara,Chennai,HYDERABAD,2025-03-30,5:30,1h 34m,Non Stop,economy,6.0,4048.11,515
8410,IndiGo,MUMBAI,Delhi,18/10/2025,4:30,5h 25m,1 stop,Biz,51.0,22754.01,1150
8411,Vistara,Delhi,Mumbai,17-Aug-2025,0:00,4h 32m,non-stop,Economy,14.0,9495.73,1150
8412,Vistara,Kolkata,Cochin,06/28/2025,3:15,4h 21m,non-stop,Economy,5.0,16582.63,1900
8413,IndiGo,Kolkata,Delhi,07-Jan-2025,6:45,1h 19m,non-stop,Eco,50.0,7663.83,1300
8414,GoAir,delhi,Kolkata,2025-09-30,21:45,4h 55m,non-stop,economy,58.0,8450.31,1300
8415,AirAsia,MUMBAI,HYDERABAD,2025-04-19,23:00,3h 38m,,BUSINESS,48.0,11541.86,620
8416,IndiGo,delhi,Delhi,19-Sep-2025,12:30,0h 46m,1 Stop,BUSINESS,51.0,21489.33,1030
8417,GoAir,Kolkata,cochin,2025-08-29,3:00,1h 18m,1 Stop,Biz,14.0,37224.56,1900
8418,indigo,Chennai,Hyderabad,2025-10-16,13:30,3h 22m,1 Stop,Biz,44.0,9871.04,515
8419,GoAir,Bangalore,Kolkata,06/01/2025,12:15,2h 23m,Non Stop,Economy,7.0,9804.22,1560
8420,Air India,delhi,HYDERABAD,10-Sep-2025,15:15,3h 52m,2+ stops,Biz,27.0,28758.63,1260
8421,Go Air,Chennai,Delhi,08/08/2025,18:30,5h 30m,2 stops,Business,43.0,35509.99,1760
8422,Go Air,delhi,HYDERABAD,02/10/2025,9:30,0h 48m,1 stop,,22.0,9286.18,1260
8423,AIR INDIA,Chennai,Kolkata,2025-09-05,20:15,4h 4m,Non Stop,Biz,28.0,28612.09,1360
8424,AIR INDIA,Chennai,Mumbai,19/02/2025,18:30,0h 58m,1 stop,Eco,55.0,7720.71,1030
8425,AirAsia,Chennai,Kolkata,02-Nov-2025,12:45,5h 12m,Non Stop,economy,24.0,,1360
8426,IndiGo,Chenai,Mumbai,12/06/2025,22:15,4h 0m,1 Stop,Economy,2.0,8304.19,1030
8427,Air India,Banglore,Cochin,02/16/2025,21:30,2h 51m,1 Stop,Economy,40.0,3238.96,360
8428,Air India,MUMBAI,Cochin,02/22/2025,13:00,2h 49m,1 Stop,Economy,36.0,6181.66,860
8429,SpiceJet,Kolkata,Bangalore,2025-02-15,17:30,1h 40m,non-stop,Eco,6.0,10624.43,1560
8430,SpiceJet,Bangalore,Hyderabad,2025-03-20,12:30,2h 1m,1 Stop,Business,36.0,10464.02,500
8431,Air India,Delhi,Kolkata,09/03/2025,21:45,0h 43m,non-stop,Biz,54.0,21476.79,1300
8432,Air India,MUMBAI,Bangalore,24-Jun-2025,21:45,1h 29m,non-stop,BUSINESS,57.0,18236.4,840
8433,GoAir,Kolkata,Delhi,23/06/2025,14:00,3h 21m,,economy,32.0,8978.76,1300
8434,indigo,Kolkata,Mumbai,23/04/2025,16:45,4h 31m,Non Stop,Biz,41.0,33452.15,1650
8435,Air India,Delhi,Mumbai,2025-11-18,21:45,1h 46m,1 Stop,,5.0,26964.57,1150
8436,GoAir,Chenai,Hyderabad,2025-09-03,14:00,1h 18m,1 Stop,BUSINESS,27.0,9227.69,515
8437,GoAir,Chenai,Cochin,24-Mar-2025,1:30,1h 52m,1 stop,Eco,59.0,3473.65,500
8438,AIR INDIA,Delhi,Bangalore,18-Jul-2025,13:15,1h 21m,non-stop,Biz,13.0,38796.8,1740
8439,Spice Jet,Delhi,HYDERABAD,2025-08-24,12:45,4h 43m,2 stops,Biz,3.0,28253.44,1260
8440,GoAir,delhi,Delhi,05/17/2025,18:30,1h 21m,1 Stop,Eco,16.0,7663.27,1030
8441,Air India,Chenai,cochin,16/12/2025,3:00,1h 45m,2 stops,economy,56.0,4188.1,500
8442,Air India,Mumbai,Bangalore,2025-08-14,21:15,2h 1m,non-stop,Biz,60.0,18719.43,840
8443,Go Air,Banglore,Mumbai,2025-09-24,12:45,2h 52m,non-stop,Eco,3.0,6075.79,840
8444,SpiceJet,Banglore,cochin,2025-01-04,23:45,1h 15m,1 Stop,Eco,37.0,2567.22,360
8445,AirAsia,MUMBAI,HYDERABAD,29-Jul-2025,20:30,1h 18m,1 stop,Business,26.0,11821.9,620
8446,indigo,delhi,HYDERABAD,03/01/2025,8:45,2h 55m,,Biz,18.0,27901.81,1260
8447,Vistara,Bangalore,Hyderabad,09/08/2025,20:00,2h 28m,,economy,3.0,4887.93,500
8448,indigo,Kolkata,Mumbai,09-Sep-2025,18:15,2h 10m,2+ stops,BUSINESS,33.0,33659.71,1650
8449,AirAsia,Chenai,Chennai,15-Mar-2025,5:15,2h 19m,,Business,19.0,20073.88,1030
8450,Go Air,Delhi,Cochin,19-Oct-2025,1:00,3h 1m,Non Stop,BUSINESS,53.0,39956.07,2100
8451,indigo,MUMBAI,Bangalore,2025-07-07,17:30,3h 30m,2 stops,economy,9.0,,840
8452,SpiceJet,Kolkata,Delhi,07-May-2025,4:45,5h 13m,2+ stops,economy,50.0,9931.07,1300
8453,Air India,MUMBAI,cochin,2025-09-03,18:15,6h 22m,2 stops,BUSINESS,54.0,19971.49,860
8454,Go Air,Kolkata,Bangalore,11/18/2025,23:15,2h 12m,2+ stops,Eco,23.0,12104.69,1560
8455,Spice Jet,Bangalore,Chennai,23/03/2025,21:15,2h 6m,2 stops,Eco,41.0,2251.97,290
8456,IndiGo,Chennai,Delhi,12-Jan-2025,17:45,3h 6m,Non Stop,Economy,31.0,11449.82,1760
8457,,delhi,Kolkata,14/11/2025,4:30,1h 52m,,Eco,55.0,8725.36,1300
8458,Spice Jet,Banglore,Kolkata,2025-10-14,12:00,4h 43m,1 stop,Economy,6.0,10438.65,1560
8459,SpiceJet,Kolkata,Cochin,2025-10-01,9:00,2h 23m,2 stops,economy,10.0,13835.8,1900
8460,indigo,MUMBAI,Cochin,08-Aug-2025,9:00,1h 52m,1 Stop,Economy,14.0,6677.63,860
8461,SpiceJet,MUMBAI,Mumbai,12/14/2025,12:30,3h 34m,1 stop,Economy,52.0,7613.31,1030
8462,Spice Jet,MUMBAI,HYDERABAD,2025-12-26,21:45,,non-stop,Economy,59.0,4090.87,620
8463,GoAir,Delhi,Hyderabad,23-Dec-2025,11:45,1h 51m,1 Stop,Business,45.0,24354.0,1260
8464,IndiGo,delhi,Delhi,08/12/2025,8:45,4h 12m,non-stop,Biz,2.0,23983.74,1030
8465,Spice Jet,Chenai,Hyderabad,14-Jul-2025,6:45,2h 10m,2 stops,BUSINESS,,10298.79,515
8466,AIR INDIA,Bangalore,HYDERABAD,01-Oct-2025,15:30,1h 43m,2+ stops,Eco,36.0,4326.89,500
8467,Air India,Bangalore,HYDERABAD,09/14/2025,4:30,2h 21m,1 stop,Eco,26.0,4829.71,500
8468,Air India,Bangalore,cochin,2025-06-27,18:30,2h 53m,2+ stops,Biz,30.0,9147.44,360
8469,GoAir,Banglore,HYDERABAD,18/08/2025,11:30,,2+ stops,Eco,51.0,3925.87,500
8470,AIR INDIA,Hyderabad,Delhi,2025-01-17,18:30,1h 50m,1 Stop,Biz,,29977.52,1260
8471,SpiceJet,Banglore,Cochin,08/11/2025,18:00,1h 11m,Non Stop,Biz,31.0,6444.42,360
8472,GoAir,Banglore,Delhi,20/09/2025,17:45,5h 14m,1 Stop,Eco,26.0,12147.68,1740
8473,IndiGo,delhi,Delhi,05/05/2025,12:30,1h 13m,1 Stop,Economy,3.0,8015.39,1030
8474,indigo,Delhi,Chennai,2025-12-22,4:00,2h 20m,1 Stop,economy,30.0,12759.57,1760
8475,Go Air,Delhi,HYDERABAD,2025-04-22,9:15,5h 28m,,Economy,35.0,8271.72,1260
8476,IndiGo,Hyderabad,Cochin,06/02/2025,7:45,6h 36m,non-stop,Economy,32.0,5057.06,700
8477,Vistara,Bangalore,HYDERABAD,2025-03-19,7:00,4h 50m,Non Stop,BUSINESS,31.0,11332.29,500
8478,Go Air,Chenai,Kolkata,03/23/2025,8:00,3h 20m,Non Stop,Economy,27.0,8861.29,1360
8479,IndiGo,MUMBAI,Kolkata,04-Nov-2025,5:15,2h 40m,2+ stops,Eco,39.0,13343.64,1650
8480,SpiceJet,Kolkata,Hyderabad,19-Jun-2025,13:45,,2 stops,Eco,40.0,9308.94,1190
8481,Spice Jet,Delhi,Hyderabad,01-May-2025,5:30,1h 13m,1 Stop,Eco,31.0,9256.85,1260
8482,AIR INDIA,delhi,HYDERABAD,2025-10-01,22:45,3h 52m,non-stop,Biz,26.0,29039.54,1260
8483,AIR INDIA,Bangalore,Hyderabad,10/13/2025,22:45,7h 7m,1 Stop,,57.0,10490.14,500
8484,SpiceJet,Kolkata,Delhi,03/09/2025,1:30,1h 52m,1 stop,Business,60.0,23091.09,1300
8485,GoAir,Bangalore,Delhi,17/08/2025,0:00,1h 42m,non-stop,Eco,51.0,10528.82,1740
8486,indigo,Banglore,Mumbai,11-Dec-2025,1:45,3h 41m,,Business,57.0,15919.68,840
8487,Go Air,Bangalore,HYDERABAD,30-May-2025,5:15,1h 21m,non-stop,Eco,14.0,3693.66,500
8488,Air India,Banglore,cochin,08/28/2025,21:45,1h 10m,non-stop,BUSINESS,45.0,8024.34,360
8489,Go Air,delhi,Chennai,08-May-2025,2:30,2h 9m,non-stop,BUSINESS,24.0,34176.78,1760
8490,IndiGo,Chennai,Cochin,2025-07-09,23:45,2h 41m,2 stops,BUSINESS,45.0,11428.67,500
8491,Air India,Hyderabad,Cochin,10/08/2025,22:30,2h 22m,1 stop,Eco,54.0,5023.63,700
8492,AIR INDIA,delhi,cochin,10-Feb-2025,18:15,3h 51m,1 Stop,economy,26.0,17202.63,2100
8493,Air India,Bangalore,Cochin,04/02/2025,18:00,2h 20m,Non Stop,BUSINESS,32.0,7732.94,360
8494,Vistara,Kolkata,Bangalore,02/15/2025,23:15,4h 31m,2 stops,Biz,32.0,35703.31,1560
8495,GoAir,MUMBAI,Mumbai,03-Nov-2025,16:30,7h 40m,1 stop,Economy,12.0,8084.53,1030
8496,IndiGo,Chenai,Delhi,12/30/2025,2:45,6h 2m,1 Stop,Economy,14.0,14350.26,1760
8497,AirAsia,Delhi,Cochin,09/11/2025,0:00,2h 27m,2 stops,BUSINESS,54.0,39363.07,2100
8498,Spice Jet,delhi,Mumbai,09/02/2025,21:30,0h 40m,1 stop,economy,29.0,7830.28,1150
8499,Spice Jet,Banglore,Hyderabad,19-Sep-2025,7:00,3h 46m,1 stop,Economy,57.0,3684.87,500
8500,indigo,Banglore,Hyderabad,11/06/2025,20:30,5h 35m,Non Stop,BUSINESS,54.0,10019.35,500
8501,Spice Jet,Chenai,Delhi,07/05/2025,22:30,1h 31m,non-stop,Business,2.0,33328.03,1760
8502,Go Air,MUMBAI,HYDERABAD,2025-08-12,2:45,1h 28m,1 stop,Eco,17.0,4152.6,620
8503,GoAir,Banglore,Bangalore,21-Mar-2025,19:30,2h 51m,Non Stop,Biz,20.0,19747.42,1030
8504,indigo,Banglore,HYDERABAD,10-Feb-2025,8:00,1h 8m,1 Stop,Business,4.0,11414.97,500
8505,indigo,Chenai,HYDERABAD,04-Nov-2025,15:15,2h 26m,1 Stop,economy,57.0,3753.16,515
8506,GoAir,Mumbai,HYDERABAD,23/02/2025,22:45,4h 13m,non-stop,BUSINESS,30.0,12451.3,620
8507,indigo,Chennai,Hyderabad,21-Oct-2025,8:30,1h 45m,Non Stop,economy,60.0,3475.48,515
8508,Air India,delhi,Bangalore,03-Jul-2025,11:45,3h 27m,1 Stop,economy,34.0,13734.4,1740
8509,Spice Jet,Mumbai,cochin,30-Jan-2025,14:45,2h 47m,2+ stops,economy,40.0,6365.89,860
8510,AirAsia,delhi,Mumbai,2025-08-07,6:15,3h 22m,,Business,36.0,23792.86,1150
8511,Spice Jet,Mumbai,cochin,2025-12-01,2:00,3h 46m,Non Stop,Economy,2.0,6398.28,860
8512,Vistara,MUMBAI,Chennai,2025-09-27,0:30,2h 23m,2+ stops,economy,7.0,10940.41,1030
8513,,Banglore,Bangalore,04/09/2025,6:00,,Non Stop,economy,21.0,7586.61,1030
8514,IndiGo,delhi,Chennai,2025-03-18,5:15,2h 40m,,BUSINESS,13.0,37796.13,1760
8515,IndiGo,Chennai,Bangalore,31-Jul-2025,22:30,1h 22m,2+ stops,Biz,47.0,6198.66,290
8516,Go Air,Mumbai,Kolkata,23-May-2025,13:45,1h 59m,non-stop,BUSINESS,40.0,27156.41,1650
8517,Vistara,Mumbai,HYDERABAD,23-Aug-2025,3:00,1h 58m,1 Stop,Eco,30.0,4887.13,620
8518,indigo,Banglore,Chennai,30/10/2025,1:15,3h 40m,Non Stop,Economy,59.0,2224.76,290
8519,SpiceJet,delhi,cochin,06/11/2025,3:00,3h 8m,,Eco,32.0,14449.25,2100
8520,Spice Jet,Kolkata,Bangalore,13/04/2025,20:30,4h 23m,,Biz,43.0,29020.09,1560
8521,SpiceJet,MUMBAI,Hyderabad,2025-07-11,17:15,1h 12m,1 Stop,BUSINESS,28.0,12664.65,620
8522,IndiGo,Hyderabad,Kolkata,03/08/2025,11:00,3h 12m,1 Stop,Biz,20.0,27603.01,1190
8523,AIR INDIA,Chenai,Cochin,03/07/2025,15:15,3h 37m,1 stop,BUSINESS,53.0,10911.91,500
8524,GoAir,delhi,HYDERABAD,28-Apr-2025,20:00,3h 30m,,economy,27.0,9743.77,1260
8525,GoAir,Kolkata,Chennai,26/02/2025,1:15,2h 10m,Non Stop,Business,40.0,22865.32,1360
8526,IndiGo,Delhi,cochin,12/05/2025,16:30,3h 53m,1 Stop,economy,46.0,14213.42,2100
8527,Vistara,delhi,cochin,2025-08-01,9:30,3h 19m,1 stop,Eco,57.0,14951.76,2100
8528,IndiGo,Banglore,Kolkata,02-Apr-2025,11:45,5h 5m,non-stop,economy,29.0,11577.41,1560
8529,Air India,Bangalore,Mumbai,09/11/2025,12:15,2h 19m,2 stops,Biz,29.0,17257.37,840
8530,Spice Jet,Kolkata,Mumbai,2025-05-10,0:00,1h 2m,1 Stop,economy,22.0,10335.4,1650
8531,AirAsia,Hyderabad,Mumbai,14-Apr-2025,12:00,,Non Stop,Economy,35.0,4022.77,620
8532,GoAir,Chenai,Delhi,2025-06-15,14:00,5h 14m,1 stop,Business,36.0,36890.95,1760
8533,SpiceJet,Chennai,Cochin,2025-05-16,5:45,1h 22m,non-stop,Eco,7.0,3749.78,500
8534,indigo,Chennai,Kolkata,16-Jan-2025,14:15,0h 33m,,Business,44.0,24932.26,1360
8535,GoAir,delhi,Cochin,07/24/2025,20:30,3h 58m,1 Stop,Business,50.0,35705.32,2100
8536,Vistara,Mumbai,Delhi,24/08/2025,13:15,2h 30m,Non Stop,BUSINESS,28.0,28508.81,1150
8537,Air India,Hyderabad,Chennai,17/12/2025,6:15,0h 43m,non-stop,Business,50.0,10253.04,515
8538,Vistara,Hyderabad,Kolkata,30-Jan-2025,15:45,2h 51m,1 stop,Biz,22.0,26847.86,1190
8539,Spice Jet,Chenai,HYDERABAD,23/07/2025,17:30,1h 15m,,Eco,16.0,4200.55,515
8540,GoAir,Chennai,Cochin,2025-12-14,19:00,2h 19m,1 Stop,BUSINESS,24.0,10790.46,500
8541,indigo,Banglore,HYDERABAD,03/03/2025,10:45,2h 8m,non-stop,Eco,3.0,4282.63,500
8542,Spice Jet,Mumbai,cochin,19-Dec-2025,13:30,0h 31m,,Eco,34.0,,860
8543,indigo,Chenai,Kolkata,2025-01-07,5:30,3h 46m,,Business,10.0,27283.28,1360
8544,Vistara,Kolkata,Bangalore,29-Apr-2025,12:15,2h 6m,,Biz,41.0,35481.88,1560
8545,Spice Jet,Hyderabad,HYDERABAD,22/08/2025,12:45,1h 41m,Non Stop,economy,23.0,7087.38,1030
8546,SpiceJet,Delhi,HYDERABAD,10-Jan-2025,6:30,2h 0m,,Biz,32.0,25404.23,1260
8547,AIR INDIA,Bangalore,Cochin,06/01/2025,19:00,2h 57m,1 stop,BUSINESS,24.0,9408.65,360
8548,AirAsia,Mumbai,Cochin,2025-01-08,5:45,0h 54m,1 Stop,Business,36.0,14301.25,860
8549,AIR INDIA,Hyderabad,Mumbai,11/03/2025,22:30,2h 4m,2 stops,Business,51.0,,620
8550,Go Air,Delhi,Hyderabad,06/19/2025,3:00,1h 6m,non-stop,Business,17.0,22594.45,1260
8551,IndiGo,Chennai,Kolkata,04/02/2025,2:45,2h 15m,1 stop,BUSINESS,40.0,29009.21,1360
8552,indigo,Chennai,Cochin,2025-08-27,23:00,2h 6m,1 Stop,Economy,15.0,3906.14,500
8553,GoAir,Mumbai,Kolkata,2025-05-15,0:00,1h 8m,non-stop,BUSINESS,52.0,27259.73,1650
8554,Spice Jet,Chenai,Mumbai,26/09/2025,8:45,1h 8m,,BUSINESS,57.0,18253.4,1030
8555,Air India,Delhi,Kolkata,21/02/2025,1:45,2h 16m,1 Stop,Biz,43.0,25784.72,1300
8556,indigo,Hyderabad,HYDERABAD,17/09/2025,16:15,1h 52m,,,30.0,7498.98,1030
8557,SpiceJet,Bangalore,Mumbai,30-Nov-2025,17:30,4h 12m,1 stop,Business,41.0,15751.72,840
8558,Go Air,Mumbai,Hyderabad,28-Jan-2025,22:30,4h 27m,2 stops,Eco,34.0,4962.68,620
8559,Air India,Bangalore,Chennai,07/19/2025,15:15,0h 45m,2+ stops,Biz,1.0,8174.56,290
8560,IndiGo,Delhi,Cochin,2025-06-28,23:15,1h 44m,1 Stop,Business,22.0,48934.27,2100
8561,Spice Jet,Delhi,Bangalore,2025-12-28,13:00,4h 15m,1 stop,BUSINESS,37.0,34639.33,1740
8562,indigo,Bangalore,Hyderabad,16/10/2025,5:15,2h 8m,1 stop,Eco,4.0,4256.12,500
8563,indigo,delhi,Bangalore,2025-11-20,19:15,3h 33m,2 stops,,,14088.57,1740
8564,IndiGo,Delhi,Kolkata,25/04/2025,1:00,1h 39m,Non Stop,Economy,42.0,8317.7,1300
8565,AirAsia,Chenai,cochin,2025-03-17,6:45,2h 44m,non-stop,Economy,38.0,3094.3,500
8566,AirAsia,Delhi,HYDERABAD,2025-05-13,9:15,1h 10m,2 stops,Biz,48.0,23709.82,1260
8567,Spice Jet,delhi,HYDERABAD,12/18/2025,5:45,5h 18m,2+ stops,Eco,,8813.23,1260
8568,AirAsia,Mumbai,Kolkata,2025-08-11,14:00,10h 37m,2 stops,Biz,57.0,35136.32,1650
8569,AirAsia,Hyderabad,Mumbai,07/14/2025,13:45,0h 40m,2+ stops,Economy,45.0,4680.39,620
8570,Air India,MUMBAI,Kolkata,06/10/2025,2:15,1h 57m,2 stops,Biz,54.0,40720.71,1650
8571,IndiGo,Banglore,Kolkata,21/06/2025,22:45,1h 15m,2 stops,Eco,54.0,10812.4,1560
8572,Spice Jet,Mumbai,HYDERABAD,17/01/2025,16:45,2h 43m,2+ stops,Business,30.0,14084.66,620
8573,Air India,Delhi,HYDERABAD,06-Dec-2025,17:30,2h 51m,2+ stops,Economy,44.0,9959.51,1260
8574,Air India,Chenai,Kolkata,12/12/2025,19:30,2h 26m,2+ stops,BUSINESS,5.0,37329.39,1360
8575,Go Air,Hyderabad,Mumbai,2025-03-23,8:15,0h 46m,2 stops,economy,57.0,3844.92,620
8576,Air India,Chennai,Delhi,21/04/2025,3:15,0h 45m,1 Stop,Business,25.0,33768.81,1760
8577,Spice Jet,Hyderabad,cochin,20-Jul-2025,13:00,1h 36m,1 stop,BUSINESS,55.0,12491.63,700
8578,Air India,Kolkata,Cochin,08/08/2025,0:15,2h 59m,1 stop,BUSINESS,7.0,41323.23,1900
8579,GoAir,Hyderabad,Mumbai,08/02/2025,18:15,0h 55m,Non Stop,Economy,31.0,4481.63,620
8580,Spice Jet,Chennai,Delhi,04/10/2025,5:15,2h 52m,1 stop,Biz,48.0,36721.5,1760
8581,AirAsia,Chenai,Bangalore,2025-10-16,12:30,2h 55m,2+ stops,BUSINESS,29.0,5828.42,290
8582,Go Air,Banglore,Hyderabad,29/08/2025,3:00,1h 31m,non-stop,BUSINESS,33.0,10190.99,500
8583,indigo,Chenai,HYDERABAD,2025-05-09,13:45,1h 49m,2 stops,Biz,16.0,12552.93,515
8584,GoAir,delhi,Chennai,2025-07-06,10:30,,non-stop,Business,45.0,28489.38,1760
8585,GoAir,Bangalore,Delhi,15-May-2025,10:15,2h 40m,2 stops,Business,7.0,36437.02,1740
8586,indigo,Delhi,Chennai,06/15/2025,14:15,5h 42m,,Eco,47.0,11825.58,1760
8587,Vistara,MUMBAI,Kolkata,2025-12-05,14:15,2h 36m,1 Stop,Economy,3.0,14707.55,1650
8588,Air India,Chennai,Cochin,23-Dec-2025,4:45,3h 33m,2 stops,economy,3.0,4379.89,500
8589,AIR INDIA,Chennai,Mumbai,02/08/2025,16:45,2h 27m,1 Stop,Business,47.0,22102.39,1030
8590,Spice Jet,Bangalore,Hyderabad,03/12/2025,7:30,0h 48m,non-stop,economy,34.0,3277.14,500
8591,GoAir,Delhi,Hyderabad,02/01/2025,9:45,2h 36m,2 stops,Biz,8.0,27853.99,1260
8592,GoAir,Kolkata,Delhi,22/05/2025,8:00,5h 9m,,Eco,58.0,8254.13,1300
8593,GoAir,Mumbai,cochin,2025-05-15,1:30,2h 15m,1 stop,economy,,5751.24,860
8594,Air India,Mumbai,Delhi,25/07/2025,5:00,3h 8m,1 stop,,22.0,26240.61,1150
8595,IndiGo,MUMBAI,Chennai,11/10/2025,22:00,2h 1m,2+ stops,Business,6.0,27949.53,1030
8596,IndiGo,Hyderabad,Cochin,19-Dec-2025,3:30,5h 57m,1 Stop,Eco,18.0,5607.16,700
8597,SpiceJet,Delhi,Chennai,01/02/2025,2:30,2h 28m,,Biz,43.0,31454.26,1760
8598,,Delhi,HYDERABAD,09/10/2025,18:00,1h 58m,1 Stop,,5.0,9992.19,1260
8599,Spice Jet,Mumbai,Bangalore,2025-11-13,21:15,5h 17m,1 stop,Economy,14.0,6387.45,840
8600,Spice Jet,Kolkata,Chennai,02/17/2025,15:15,3h 0m,2 stops,Eco,4.0,9528.54,1360
8601,Air India,Delhi,Hyderabad,27/06/2025,10:00,2h 36m,1 stop,Business,33.0,31950.15,1260
8602,Spice Jet,Hyderabad,HYDERABAD,06-Dec-2025,8:30,7h 24m,1 stop,BUSINESS,52.0,19368.35,1030
8603,IndiGo,delhi,Bangalore,09-Mar-2025,9:15,5h 34m,2 stops,Economy,6.0,13680.24,1740
8604,indigo,MUMBAI,Chennai,12/31/2025,10:45,1h 24m,non-stop,Eco,47.0,6885.93,1030
8605,GoAir,delhi,Mumbai,07/21/2025,2:15,2h 30m,,Economy,11.0,9040.19,1150
8606,SpiceJet,MUMBAI,Kolkata,2025-01-06,3:45,2h 30m,1 Stop,Biz,19.0,30222.44,1650
8607,Air India,Delhi,Kolkata,21/04/2025,1:45,2h 37m,1 Stop,Biz,19.0,30666.11,1300
8608,Vistara,Hyderabad,Kolkata,03-Apr-2025,20:45,3h 34m,1 stop,Eco,54.0,10241.42,1190
8609,GoAir,Hyderabad,Chennai,04/11/2025,18:30,2h 21m,Non Stop,Economy,37.0,3584.46,515
8610,AIR INDIA,Chennai,Delhi,2025-12-10,15:30,1h 1m,Non Stop,Business,39.0,34012.11,1760
8611,Air India,Hyderabad,HYDERABAD,11/30/2025,0:30,3h 9m,Non Stop,Eco,,7541.5,1030
8612,AIR INDIA,MUMBAI,Chennai,25-Sep-2025,12:15,5h 43m,2 stops,economy,29.0,8848.17,1030
8613,AirAsia,MUMBAI,Chennai,2025-08-02,19:30,1h 6m,1 stop,Eco,13.0,7563.61,1030
8614,Go Air,Chenai,Hyderabad,2025-02-09,4:45,4h 22m,1 stop,Business,3.0,10987.74,515
8615,GoAir,MUMBAI,Delhi,2025-02-18,13:15,4h 40m,1 stop,Eco,30.0,8399.71,1150
8616,Go Air,Mumbai,Chennai,07/31/2025,9:00,2h 54m,2 stops,Biz,32.0,19106.62,1030
8617,Air India,Chennai,Kolkata,02/01/2025,1:30,2h 57m,non-stop,BUSINESS,51.0,25292.54,1360
8618,SpiceJet,MUMBAI,Kolkata,24/03/2025,20:00,2h 23m,1 stop,Economy,40.0,10590.0,1650
8619,indigo,Mumbai,Bangalore,10/01/2025,11:30,1h 26m,2+ stops,economy,,7210.45,840
8620,Spice Jet,Delhi,Cochin,29-Dec-2025,19:30,0h 50m,1 stop,Economy,25.0,14229.12,2100
8621,AIR INDIA,Mumbai,Chennai,17/11/2025,1:30,1h 16m,2 stops,Biz,,24597.47,1030
8622,IndiGo,Delhi,Chennai,09/04/2025,7:00,2h 9m,,Biz,54.0,34738.59,1760
8623,Spice Jet,Bangalore,Delhi,05-May-2025,6:30,1h 38m,,Biz,6.0,38983.01,1740
8624,Vistara,MUMBAI,Hyderabad,08/04/2025,3:45,,2+ stops,BUSINESS,28.0,15412.51,620
8625,Go Air,Bangalore,Kolkata,18-Feb-2025,20:45,1h 17m,2 stops,Biz,60.0,30045.27,1560
8626,SpiceJet,Chennai,Cochin,28/05/2025,11:45,7h 45m,2 stops,Biz,17.0,10919.77,500
8627,AirAsia,MUMBAI,Delhi,04/28/2025,12:15,1h 33m,non-stop,Business,2.0,24936.41,1150
8628,indigo,Chennai,Hyderabad,2025-12-30,6:15,5h 58m,2+ stops,BUSINESS,47.0,11178.38,515
8629,Spice Jet,Delhi,Hyderabad,2025-12-23,11:45,1h 8m,,Eco,10.0,8529.64,1260
8630,Spice Jet,Kolkata,Cochin,04/24/2025,19:45,,2 stops,Eco,44.0,13491.83,1900
8631,Spice Jet,MUMBAI,Mumbai,05/10/2025,23:15,2h 34m,2+ stops,Biz,14.0,23365.3,1030
8632,SpiceJet,Bangalore,Mumbai,2025-03-01,22:45,3h 32m,1 Stop,Business,54.0,16183.34,840
8633,Go Air,Kolkata,Hyderabad,2025-05-04,13:30,3h 5m,1 Stop,BUSINESS,,23558.55,1190
8634,indigo,Chennai,Delhi,09/04/2025,2:15,4h 0m,,Business,2.0,36915.28,1760
8635,Vistara,Kolkata,Bangalore,14-Oct-2025,12:15,2h 50m,Non Stop,Biz,37.0,37453.71,1560
8636,Air India,Chennai,Delhi,2025-07-22,19:15,2h 32m,,,46.0,39781.48,1760
8637,Spice Jet,Chenai,HYDERABAD,04/06/2025,0:30,2h 10m,non-stop,Economy,36.0,3910.14,515
8638,AirAsia,Hyderabad,Kolkata,25/07/2025,20:00,10h 13m,2+ stops,economy,35.0,8747.16,1190
8639,GoAir,Kolkata,cochin,2025-12-11,17:15,3h 40m,1 Stop,Economy,17.0,13439.47,1900
8640,Spice Jet,Banglore,Mumbai,01/11/2025,20:45,2h 30m,1 Stop,BUSINESS,,17059.47,840
8641,AirAsia,Bangalore,Delhi,01-Jun-2025,14:30,2h 44m,Non Stop,BUSINESS,55.0,31101.86,1740
8642,GoAir,Mumbai,Chennai,25/03/2025,6:45,4h 33m,Non Stop,economy,41.0,7228.46,1030
8643,Vistara,Kolkata,cochin,05/22/2025,2:15,2h 9m,Non Stop,Economy,38.0,14240.75,1900
8644,GoAir,Delhi,Hyderabad,21/05/2025,18:00,3h 33m,1 Stop,BUSINESS,48.0,21294.3,1260
8645,GoAir,Bangalore,Kolkata,10/15/2025,7:45,1h 10m,1 stop,Business,25.0,33793.8,1560
8646,SpiceJet,Delhi,Kolkata,06/11/2025,3:30,3h 45m,non-stop,,35.0,8862.86,1300
8647,SpiceJet,Chennai,cochin,12/24/2025,3:00,8h 56m,,Business,39.0,10189.08,500
8648,Vistara,Delhi,Cochin,2025-11-14,5:15,3h 4m,non-stop,economy,27.0,16450.3,2100
8649,GoAir,Hyderabad,HYDERABAD,15/01/2025,10:00,2h 40m,Non Stop,economy,27.0,6210.66,1030
8650,SpiceJet,Chennai,Bangalore,2025-11-05,0:00,5h 3m,,Biz,6.0,7177.06,290
8651,Air India,Hyderabad,Chennai,08/10/2025,14:30,1h 26m,1 stop,BUSINESS,8.0,11393.59,515
8652,IndiGo,delhi,Kolkata,06/16/2025,16:30,3h 19m,,Eco,4.0,9958.64,1300
8653,SpiceJet,Delhi,Cochin,04-Oct-2025,10:00,3h 51m,non-stop,Biz,32.0,40126.48,2100
8654,IndiGo,Hyderabad,HYDERABAD,19/05/2025,14:15,5h 1m,Non Stop,economy,14.0,8241.39,1030
8655,indigo,Delhi,Cochin,2025-02-17,7:00,1h 13m,1 Stop,Biz,13.0,45744.21,2100
8656,indigo,Kolkata,Chennai,02/07/2025,18:45,6h 20m,,BUSINESS,10.0,31415.27,1360
8657,AIR INDIA,Bangalore,Cochin,02/10/2025,23:00,7h 15m,non-stop,BUSINESS,8.0,9000.91,360
8658,Spice Jet,Delhi,Mumbai,2025-09-27,10:30,5h 19m,non-stop,Eco,22.0,8038.72,1150
8659,Spice Jet,Mumbai,Bangalore,29/08/2025,5:45,2h 32m,,Eco,60.0,5533.19,840
8660,AirAsia,MUMBAI,Hyderabad,04/05/2025,21:00,0h 43m,non-stop,Eco,2.0,4220.13,620
8661,Spice Jet,Delhi,Kolkata,23/10/2025,19:00,2h 32m,Non Stop,Economy,53.0,7250.77,1300
8662,IndiGo,Kolkata,Mumbai,11/04/2025,17:00,4h 46m,,Economy,28.0,11486.08,1650
8663,GoAir,Delhi,Cochin,02/06/2025,10:30,4h 50m,Non Stop,Eco,42.0,,2100
8664,indigo,Chenai,cochin,05-Jun-2025,22:45,3h 32m,,Economy,20.0,4041.38,500
8665,SpiceJet,Kolkata,cochin,04/03/2025,9:15,0h 39m,2 stops,Economy,12.0,13707.22,1900
8666,Go Air,Chenai,Cochin,25-Jul-2025,6:45,,1 Stop,BUSINESS,51.0,9227.49,500
8667,Spice Jet,Banglore,cochin,11/29/2025,11:15,3h 47m,,,41.0,2731.31,360
8668,GoAir,MUMBAI,Chennai,03/10/2025,5:30,3h 1m,2+ stops,Eco,53.0,6992.11,1030
8669,AirAsia,Hyderabad,Kolkata,2025-06-09,18:15,1h 32m,Non Stop,economy,32.0,7241.47,1190
8670,Go Air,Delhi,Mumbai,16/11/2025,10:30,3h 25m,1 stop,,23.0,22938.39,1150
8671,Spice Jet,Banglore,cochin,12/31/2025,17:15,2h 2m,1 Stop,Biz,49.0,7269.43,360
8672,Vistara,Chennai,HYDERABAD,05-Mar-2025,21:15,7h 52m,1 Stop,Economy,52.0,4634.08,515
8673,Spice Jet,Bangalore,Hyderabad,10/01/2025,20:45,4h 17m,Non Stop,BUSINESS,46.0,8976.99,500
8674,GoAir,Mumbai,HYDERABAD,09/14/2025,5:45,5h 49m,1 stop,economy,46.0,4181.26,620
8675,AIR INDIA,Banglore,cochin,2025-07-15,9:30,2h 44m,1 Stop,economy,41.0,3578.76,360
8676,AirAsia,Mumbai,Kolkata,16-Jan-2025,12:15,2h 22m,1 Stop,BUSINESS,39.0,28133.31,1650
8677,indigo,delhi,cochin,01/21/2025,7:45,,1 stop,Eco,6.0,15528.57,2100
8678,Spice Jet,Kolkata,Chennai,10/05/2025,9:30,1h 7m,1 Stop,Business,22.0,28298.41,1360
8679,AirAsia,Banglore,Chennai,02/01/2025,8:15,4h 8m,non-stop,BUSINESS,55.0,5531.19,290
8680,IndiGo,delhi,Cochin,08-Jun-2025,12:15,5h 43m,non-stop,BUSINESS,14.0,45173.37,2100
8681,Go Air,Mumbai,Delhi,2025-08-30,5:15,2h 34m,,BUSINESS,48.0,20779.0,1150
8682,AIR INDIA,Chenai,Cochin,12/27/2025,17:00,3h 27m,1 Stop,Eco,52.0,4109.04,500
8683,Go Air,Hyderabad,Mumbai,2025-12-28,4:30,1h 51m,2 stops,Biz,59.0,11830.21,620
8684,Air India,MUMBAI,cochin,11/09/2025,12:15,0h 42m,,Eco,40.0,6387.58,860
8685,Air India,Hyderabad,Chennai,29-Oct-2025,10:00,3h 55m,non-stop,Eco,8.0,4549.83,515
8686,AIR INDIA,Bangalore,HYDERABAD,16/03/2025,12:15,,1 stop,Biz,11.0,12842.58,500
8687,Vistara,Chenai,Mumbai,10/13/2025,23:00,3h 54m,,Eco,41.0,8258.84,1030
8688,GoAir,Banglore,Kolkata,2025-08-22,14:00,4h 48m,2+ stops,,38.0,11227.04,1560
8689,GoAir,Chennai,Delhi,2025-06-07,10:15,1h 11m,2 stops,BUSINESS,7.0,,1760
8690,SpiceJet,Mumbai,HYDERABAD,30-Apr-2025,18:00,0h 59m,2+ stops,Economy,14.0,5210.8,620
8691,,Chennai,Delhi,2025-03-15,22:00,2h 36m,2+ stops,Economy,18.0,15334.1,1760
8692,indigo,Chenai,HYDERABAD,28-Jul-2025,8:30,4h 12m,1 Stop,Economy,5.0,3948.29,515
8693,GoAir,Chennai,Hyderabad,2025-11-29,12:45,6h 40m,non-stop,Biz,17.0,11182.74,515
8694,GoAir,Chenai,HYDERABAD,07/07/2025,14:30,1h 26m,1 stop,Business,29.0,10619.34,515
8695,SpiceJet,Chenai,Bangalore,02/12/2025,20:45,4h 34m,1 Stop,economy,28.0,2440.74,290
8696,SpiceJet,Mumbai,Kolkata,27/07/2025,9:45,3h 6m,,Eco,27.0,11525.11,1650
8697,,Kolkata,cochin,2025-12-12,5:30,1h 9m,,Business,38.0,40901.27,1900
8698,Go Air,Chenai,Mumbai,12/12/2025,20:15,2h 49m,2+ stops,economy,16.0,7517.79,1030
8699,AIR INDIA,MUMBAI,cochin,10/07/2025,19:00,2h 55m,,Business,3.0,21551.7,860
8700,AirAsia,Kolkata,HYDERABAD,2025-06-15,9:00,0h 57m,Non Stop,economy,34.0,7667.16,1190
8701,IndiGo,Bangalore,Cochin,2025-02-27,12:45,2h 51m,non-stop,Economy,55.0,2547.46,360
8702,SpiceJet,Hyderabad,Mumbai,12/15/2025,5:00,2h 25m,Non Stop,,39.0,11660.52,620
8703,AIR INDIA,MUMBAI,Chennai,18-Sep-2025,9:45,7h 22m,Non Stop,Business,52.0,21827.43,1030
8704,indigo,Chenai,HYDERABAD,2025-04-07,22:00,1h 23m,Non Stop,Business,38.0,9788.77,515
8705,IndiGo,Delhi,cochin,2025-12-15,3:15,3h 28m,,Biz,26.0,41788.54,2100
8706,GoAir,Bangalore,Chennai,05-Jan-2025,13:30,1h 8m,Non Stop,,,2122.0,290
8707,Spice Jet,Delhi,Hyderabad,16-Jul-2025,4:30,3h 4m,Non Stop,BUSINESS,48.0,23971.22,1260
8708,AirAsia,Hyderabad,Cochin,13-Oct-2025,4:00,2h 30m,2 stops,BUSINESS,4.0,15512.56,700
8709,Go Air,Delhi,Cochin,27/12/2025,13:30,2h 12m,,BUSINESS,30.0,38419.72,2100
8710,SpiceJet,Banglore,Kolkata,19-Jun-2025,1:00,3h 45m,1 Stop,Business,9.0,,1560
8711,SpiceJet,Mumbai,HYDERABAD,02/16/2025,14:15,5h 7m,,Business,12.0,12735.96,620
8712,Spice Jet,MUMBAI,Mumbai,17/08/2025,15:15,3h 27m,1 stop,Business,14.0,19449.58,1030
8713,AirAsia,MUMBAI,Hyderabad,07/12/2025,3:15,2h 36m,,,55.0,3969.23,620
8714,Spice Jet,Chennai,Bangalore,05/02/2025,12:15,2h 4m,non-stop,Biz,4.0,6672.83,290
8715,AirAsia,Bangalore,Delhi,2025-02-12,15:00,1h 40m,Non Stop,Eco,51.0,10469.65,1740
8716,AirAsia,Delhi,Kolkata,2025-08-24,15:45,2h 12m,1 Stop,Business,28.0,24589.62,1300
8717,GoAir,Chenai,cochin,04/16/2025,12:45,2h 26m,2 stops,BUSINESS,45.0,,500
8718,indigo,Delhi,cochin,2025-05-29,22:00,1h 7m,2+ stops,Business,4.0,49304.08,2100
8719,indigo,MUMBAI,Cochin,09/19/2025,20:00,1h 43m,2+ stops,economy,8.0,7245.21,860
8720,AIR INDIA,Kolkata,Delhi,14-Feb-2025,23:45,4h 16m,non-stop,Business,13.0,27602.18,1300
8721,Vistara,Delhi,Cochin,10-Oct-2025,14:30,5h 56m,,Economy,38.0,16182.64,2100
8722,SpiceJet,delhi,Hyderabad,04/13/2025,9:15,3h 10m,Non Stop,Business,60.0,21818.6,1260
8723,Go Air,Mumbai,Kolkata,25-Apr-2025,5:30,2h 52m,1 Stop,Business,60.0,27012.52,1650
8724,Vistara,Bangalore,Chennai,18-Sep-2025,2:00,5h 46m,1 stop,economy,40.0,2802.72,290
8725,Vistara,delhi,Chennai,09-Oct-2025,17:30,2h 42m,Non Stop,Business,20.0,41247.41,1760
8726,indigo,Chennai,Bangalore,18/11/2025,3:45,3h 53m,,Biz,40.0,6408.85,290
8727,indigo,Kolkata,Delhi,05/23/2025,5:30,2h 1m,,Biz,37.0,26102.56,1300
8728,SpiceJet,Chennai,Bangalore,2025-10-15,12:15,1h 56m,1 Stop,economy,22.0,2242.1,290
8729,AIR INDIA,Kolkata,Hyderabad,2025-09-29,17:30,2h 55m,2 stops,Economy,51.0,10035.56,1190
8730,indigo,Chenai,Mumbai,2025-05-02,5:45,,non-stop,Biz,12.0,20643.51,1030
8731,Vistara,Hyderabad,HYDERABAD,20-Feb-2025,3:30,1h 25m,non-stop,economy,35.0,7960.1,1030
8732,IndiGo,Chenai,cochin,25/06/2025,14:45,3h 26m,Non Stop,BUSINESS,54.0,9459.26,500
8733,GoAir,Hyderabad,HYDERABAD,11/25/2025,6:00,1h 26m,2+ stops,Eco,27.0,7588.09,1030
8734,AIR INDIA,Hyderabad,cochin,21/10/2025,21:15,1h 0m,non-stop,Business,59.0,14397.05,700
8735,IndiGo,delhi,Hyderabad,27-Jan-2025,15:45,3h 49m,2+ stops,BUSINESS,9.0,27806.39,1260
8736,,Banglore,Cochin,06/15/2025,19:45,3h 45m,2 stops,Biz,53.0,7819.42,360
8737,GoAir,Hyderabad,Delhi,25-Aug-2025,21:15,0h 57m,1 Stop,Biz,36.0,25701.31,1260
8738,IndiGo,Kolkata,HYDERABAD,07/10/2025,21:30,4h 7m,2 stops,Biz,45.0,27689.19,1190
8739,SpiceJet,Chennai,Bangalore,02-Aug-2025,17:30,6h 28m,non-stop,Eco,29.0,2641.46,290
8740,Spice Jet,Delhi,Cochin,10-Jul-2025,9:00,1h 1m,,BUSINESS,10.0,43628.68,2100
8741,GoAir,Chennai,Cochin,12/16/2025,7:00,4h 17m,1 Stop,Economy,31.0,4336.13,500
8742,Spice Jet,Chenai,Cochin,2025-04-14,1:15,2h 11m,1 Stop,BUSINESS,16.0,,500
8743,Go Air,delhi,Delhi,01/04/2025,20:30,0h 58m,Non Stop,Eco,12.0,6678.65,1030
8744,Go Air,Delhi,Cochin,03-May-2025,20:15,3h 56m,1 stop,Eco,48.0,12819.19,2100
8745,Go Air,Hyderabad,HYDERABAD,04-Feb-2025,16:00,2h 41m,2+ stops,economy,40.0,7856.11,1030
8746,Go Air,Delhi,Kolkata,08/08/2025,15:30,1h 40m,,Economy,22.0,8330.14,1300
8747,Vistara,Mumbai,Kolkata,2025-12-21,0:45,2h 58m,non-stop,Business,20.0,40262.89,1650
8748,SpiceJet,delhi,Mumbai,06/11/2025,3:45,1h 36m,,economy,59.0,7434.21,1150
8749,IndiGo,Hyderabad,Kolkata,2025-03-07,2:00,2h 36m,2 stops,BUSINESS,11.0,28135.06,1190
8750,IndiGo,Chenai,Mumbai,30-Sep-2025,12:45,4h 23m,1 stop,Economy,47.0,7264.32,1030
8751,AirAsia,Banglore,HYDERABAD,28/03/2025,5:30,2h 58m,2+ stops,BUSINESS,59.0,9392.7,500
8752,GoAir,Banglore,Delhi,13/09/2025,14:30,0h 52m,1 stop,economy,60.0,11418.46,1740
8753,AIR INDIA,Delhi,Cochin,09/05/2025,1:15,1h 12m,2 stops,Business,13.0,50396.61,2100
8754,AIR INDIA,Chenai,Cochin,2025-04-24,7:30,4h 7m,2+ stops,Eco,22.0,4623.74,500
8755,AIR INDIA,Bangalore,Hyderabad,20-Sep-2025,13:30,1h 15m,,Biz,24.0,11584.43,500
8756,AirAsia,Banglore,cochin,26-Nov-2025,18:15,3h 18m,,Biz,57.0,6797.61,360
8757,AIR INDIA,Banglore,Chennai,11/02/2025,19:45,6h 41m,1 Stop,economy,8.0,2950.59,290
8758,AirAsia,Chenai,Chennai,06/02/2025,13:00,3h 19m,Non Stop,Economy,36.0,6313.0,1030
8759,GoAir,Kolkata,Delhi,25/06/2025,3:45,1h 30m,2 stops,economy,55.0,8121.22,1300
8760,AirAsia,Delhi,Mumbai,17-Jan-2025,10:00,1h 29m,non-stop,BUSINESS,7.0,23114.9,1150
8761,Vistara,MUMBAI,Kolkata,06/26/2025,15:15,4h 10m,Non Stop,economy,35.0,11900.01,1650
8762,Spice Jet,Delhi,Bangalore,14/02/2025,4:45,4h 19m,1 stop,BUSINESS,15.0,,1740
8763,Vistara,Kolkata,Hyderabad,11/04/2025,10:45,2h 13m,2 stops,BUSINESS,23.0,26040.41,1190
8764,Go Air,Kolkata,Delhi,15/03/2025,13:15,1h 14m,Non Stop,Biz,59.0,20252.2,1300
8765,AIR INDIA,Delhi,HYDERABAD,12/14/2025,2:00,4h 20m,,Economy,32.0,10722.19,1260
8766,SpiceJet,Hyderabad,Mumbai,07-May-2025,20:00,3h 37m,1 stop,Biz,53.0,11922.33,620
8767,AIR INDIA,Hyderabad,Chennai,09/28/2025,6:30,3h 50m,1 Stop,Biz,22.0,12642.42,515
8768,Spice Jet,Kolkata,Chennai,12/28/2025,16:00,2h 59m,1 stop,Business,42.0,26998.83,1360
8769,Air India,Chenai,HYDERABAD,2025-12-04,15:15,2h 7m,2+ stops,Biz,19.0,13269.42,515
8770,IndiGo,Mumbai,cochin,09/01/2025,5:45,2h 58m,Non Stop,BUSINESS,1.0,18676.28,860
8771,indigo,Banglore,HYDERABAD,08/26/2025,14:15,3h 46m,2+ stops,BUSINESS,59.0,11538.64,500
8772,,Kolkata,HYDERABAD,2025-09-15,0:00,5h 31m,2+ stops,economy,8.0,10226.92,1190
8773,Air India,MUMBAI,Kolkata,14/04/2025,21:45,1h 52m,,Business,4.0,42915.78,1650
8774,SpiceJet,delhi,Cochin,2025-02-19,11:45,3h 34m,,economy,36.0,14525.41,2100
8775,IndiGo,Banglore,Bangalore,02/03/2025,16:00,2h 31m,2 stops,economy,1.0,8116.08,1030
8776,SpiceJet,Bangalore,HYDERABAD,10/26/2025,8:15,7h 25m,2 stops,BUSINESS,17.0,11120.81,500
8777,,Chennai,Delhi,03/19/2025,5:30,3h 29m,1 Stop,Economy,12.0,12634.62,1760
8778,IndiGo,Mumbai,HYDERABAD,02/28/2025,22:45,2h 38m,2 stops,BUSINESS,4.0,15793.75,620
8779,,Delhi,Kolkata,2025-11-07,19:15,2h 25m,1 stop,Economy,44.0,8813.71,1300
8780,Go Air,Chennai,cochin,08/07/2025,20:15,1h 25m,Non Stop,Eco,15.0,3396.73,500
8781,Air India,Chenai,Chennai,10/31/2025,6:45,3h 15m,1 stop,Business,22.0,24333.7,1030
8782,AirAsia,Chennai,Mumbai,19/07/2025,14:30,2h 24m,Non Stop,Biz,37.0,18219.99,1030
8783,Air India,Bangalore,Delhi,12-Jan-2025,0:45,4h 16m,1 stop,economy,56.0,12803.84,1740
8784,Vistara,MUMBAI,HYDERABAD,2025-02-23,4:45,1h 23m,Non Stop,BUSINESS,11.0,16405.32,620
8785,Spice Jet,MUMBAI,Kolkata,2025-06-12,15:00,3h 31m,,Eco,60.0,10988.98,1650
8786,Air India,Mumbai,Delhi,27-May-2025,13:30,,Non Stop,BUSINESS,42.0,24151.43,1150
8787,Go Air,delhi,Cochin,10/09/2025,14:30,3h 40m,2+ stops,Biz,15.0,42011.83,2100
8788,SpiceJet,delhi,Chennai,26/04/2025,13:00,5h 37m,2 stops,Economy,5.0,13112.62,1760
8789,Air India,Banglore,Kolkata,2025-10-17,14:30,3h 50m,Non Stop,Eco,,12133.56,1560
8790,AIR INDIA,Chenai,Hyderabad,2025-08-20,20:30,1h 22m,Non Stop,Biz,6.0,11184.72,515
8791,Go Air,Bangalore,HYDERABAD,17-Feb-2025,0:15,3h 25m,Non Stop,Economy,50.0,3898.48,500
8792,Go Air,Chennai,Bangalore,11/17/2025,9:45,1h 34m,2+ stops,BUSINESS,4.0,6856.07,290
8793,AIR INDIA,Banglore,Cochin,01/30/2025,20:15,5h 30m,2 stops,BUSINESS,18.0,9385.34,360
8794,indigo,Mumbai,Chennai,17/09/2025,8:00,3h 36m,,BUSINESS,4.0,22297.65,1030
8795,Vistara,Chenai,Cochin,02-May-2025,13:00,3h 12m,,Eco,9.0,4747.31,500
8796,AIR INDIA,delhi,Cochin,08/03/2025,17:00,2h 22m,Non Stop,BUSINESS,49.0,,2100
8797,Go Air,Chennai,Bangalore,01/01/2025,5:00,2h 49m,2+ stops,BUSINESS,47.0,7063.94,290
8798,GoAir,Bangalore,Delhi,2025-08-31,22:45,3h 21m,Non Stop,Economy,5.0,12825.72,1740
8799,indigo,Bangalore,Hyderabad,29/10/2025,9:15,1h 31m,1 stop,BUSINESS,53.0,10603.82,500
8800,Air India,Banglore,cochin,08-Jul-2025,21:00,3h 49m,1 stop,BUSINESS,56.0,7349.17,360
8801,GoAir,Chenai,Bangalore,26-Aug-2025,18:45,2h 52m,,Business,50.0,5827.7,290
8802,AirAsia,Hyderabad,Bangalore,07-Nov-2025,11:00,4h 28m,Non Stop,Eco,43.0,3768.07,500
8803,AIR INDIA,Kolkata,Chennai,2025-05-18,9:45,0h 49m,,Economy,56.0,10010.9,1360
8804,GoAir,Hyderabad,Bangalore,20-Aug-2025,5:30,,Non Stop,economy,47.0,,500
8805,Spice Jet,MUMBAI,Chennai,06/05/2025,3:00,2h 3m,2+ stops,economy,11.0,7785.14,1030
8806,indigo,delhi,Bangalore,20/11/2025,23:00,2h 44m,non-stop,Eco,47.0,11058.44,1740
8807,GoAir,Mumbai,Bangalore,06/07/2025,5:30,1h 7m,,Eco,56.0,5137.89,840
8808,Spice Jet,Mumbai,Chennai,07/03/2025,3:30,5h 45m,2+ stops,BUSINESS,54.0,23080.84,1030
8809,,MUMBAI,HYDERABAD,12-Dec-2025,11:00,5h 1m,non-stop,Eco,55.0,3982.03,620
8810,Go Air,Chenai,HYDERABAD,10/29/2025,20:15,2h 10m,2+ stops,BUSINESS,36.0,11389.22,515
8811,Air India,Hyderabad,Bangalore,04/10/2025,9:30,1h 51m,Non Stop,economy,19.0,3762.28,500
8812,Air India,Mumbai,Cochin,16-Feb-2025,1:15,2h 41m,,Economy,25.0,6549.21,860
8813,Go Air,Kolkata,Mumbai,14-Feb-2025,1:00,2h 26m,non-stop,economy,33.0,9185.73,1650
8814,Go Air,delhi,Bangalore,02/17/2025,20:00,4h 13m,2 stops,BUSINESS,34.0,33729.5,1740
8815,Go Air,Delhi,cochin,06/27/2025,22:30,2h 19m,non-stop,BUSINESS,57.0,39211.25,2100
8816,IndiGo,Kolkata,Chennai,19/07/2025,8:30,4h 13m,2 stops,Eco,58.0,9753.32,1360
8817,Air India,MUMBAI,Kolkata,13-Jun-2025,22:15,1h 22m,2 stops,economy,29.0,12190.23,1650
8818,Go Air,Delhi,cochin,01/22/2025,11:45,2h 35m,1 Stop,economy,7.0,15595.34,2100
8819,Spice Jet,delhi,Chennai,04/22/2025,19:30,2h 37m,2+ stops,economy,50.0,13140.95,1760
8820,Go Air,Mumbai,Delhi,03-May-2025,18:45,4h 21m,,Biz,26.0,22976.81,1150
8821,SpiceJet,Chennai,cochin,2025-04-01,17:30,2h 54m,2 stops,economy,57.0,4116.88,500
8822,AirAsia,Hyderabad,Cochin,14/10/2025,1:15,4h 4m,2 stops,Economy,40.0,5253.72,700
8823,IndiGo,Banglore,Bangalore,15/08/2025,20:00,3h 20m,Non Stop,economy,45.0,7319.61,1030
8824,AIR INDIA,Delhi,Bangalore,12/02/2025,23:15,1h 52m,2 stops,Business,5.0,41303.18,1740
8825,AIR INDIA,Bangalore,Mumbai,22-Dec-2025,4:45,3h 49m,1 stop,Eco,22.0,7215.35,840
8826,Vistara,Delhi,cochin,07-May-2025,8:45,1h 11m,non-stop,Biz,1.0,50862.57,2100
8827,IndiGo,Kolkata,Cochin,2025-01-27,10:15,3h 29m,,BUSINESS,43.0,39338.54,1900
8828,Spice Jet,Chennai,Bangalore,12/29/2025,12:00,5h 51m,,Economy,53.0,2458.36,290
8829,SpiceJet,Delhi,Mumbai,2025-05-03,0:00,1h 28m,2+ stops,Economy,45.0,8243.09,1150
8830,Spice Jet,Chennai,Delhi,06/05/2025,12:15,1h 14m,,Biz,51.0,31082.08,1760
8831,Spice Jet,MUMBAI,Hyderabad,04/03/2025,17:00,4h 51m,,Business,19.0,,620
8832,GoAir,Banglore,Hyderabad,21/01/2025,20:30,4h 13m,,Economy,3.0,4310.72,500
8833,Air India,Chenai,Delhi,31-Oct-2025,8:00,2h 35m,1 Stop,Eco,52.0,11564.32,1760
8834,Vistara,MUMBAI,Mumbai,2025-09-06,11:00,1h 52m,Non Stop,economy,13.0,8392.68,1030
8835,Vistara,Bangalore,Delhi,18-Mar-2025,20:00,4h 17m,,Business,17.0,42884.73,1740
8836,Go Air,Delhi,Chennai,14/03/2025,16:45,0h 53m,Non Stop,Biz,58.0,30579.83,1760
8837,GoAir,Mumbai,Kolkata,03/15/2025,9:15,1h 10m,non-stop,Eco,12.0,10725.98,1650
8838,Spice Jet,Bangalore,Mumbai,2025-05-16,19:45,1h 28m,,BUSINESS,37.0,16719.31,840
8839,Go Air,Mumbai,Chennai,07/13/2025,20:45,1h 26m,,,15.0,21442.31,1030
8840,Spice Jet,delhi,Cochin,02/23/2025,4:30,,2 stops,Eco,46.0,14954.13,2100
8841,Air India,MUMBAI,Cochin,2025-07-28,0:30,4h 1m,1 Stop,Biz,38.0,21261.84,860
8842,indigo,MUMBAI,Kolkata,24-Feb-2025,16:45,3h 0m,Non Stop,economy,40.0,,1650
8843,indigo,Chennai,Mumbai,24-Jun-2025,12:15,1h 22m,Non Stop,Biz,7.0,21968.46,1030
8844,,Banglore,HYDERABAD,11/22/2025,16:15,2h 38m,2 stops,Eco,5.0,4085.02,500
8845,Vistara,Hyderabad,HYDERABAD,04/11/2025,4:30,3h 53m,,,37.0,8573.7,1030
8846,Vistara,Chennai,Hyderabad,31/03/2025,11:30,,2+ stops,BUSINESS,9.0,14578.33,515
8847,Spice Jet,Mumbai,Delhi,28/01/2025,9:45,1h 38m,non-stop,Business,9.0,22827.78,1150
8848,AirAsia,Delhi,Hyderabad,20-Apr-2025,10:30,3h 42m,Non Stop,Biz,48.0,22464.16,1260
8849,AirAsia,Banglore,HYDERABAD,02/18/2025,10:00,0h 58m,1 stop,economy,24.0,3425.53,500
8850,AirAsia,Banglore,Chennai,2025-07-16,4:45,1h 19m,2 stops,economy,59.0,2188.77,290
8851,Vistara,Bangalore,HYDERABAD,2025-07-21,21:45,6h 45m,Non Stop,BUSINESS,14.0,13028.39,500
8852,SpiceJet,delhi,HYDERABAD,07/05/2025,10:15,2h 4m,,economy,50.0,8631.42,1260
8853,Air India,Banglore,HYDERABAD,10-Aug-2025,20:30,3h 38m,Non Stop,Biz,49.0,10716.5,500
8854,GoAir,Kolkata,Cochin,09/10/2025,5:00,5h 54m,Non Stop,Eco,43.0,11201.72,1900
8855,AIR INDIA,delhi,Mumbai,04/29/2025,22:45,1h 53m,Non Stop,Business,44.0,22995.63,1150
8856,Spice Jet,Delhi,HYDERABAD,01/29/2025,22:30,2h 4m,,BUSINESS,13.0,27083.56,1260
8857,Spice Jet,Hyderabad,Delhi,13-Jun-2025,1:00,1h 21m,1 stop,Business,22.0,29220.7,1260
8858,Vistara,MUMBAI,Kolkata,07/10/2025,1:00,4h 21m,Non Stop,Business,21.0,37047.71,1650
8859,IndiGo,Bangalore,Chennai,15-Jun-2025,15:00,3h 29m,Non Stop,economy,38.0,2508.62,290
8860,GoAir,Chenai,Mumbai,21-Apr-2025,19:15,2h 36m,non-stop,BUSINESS,12.0,19557.55,1030
8861,Go Air,Banglore,Cochin,01/07/2025,2:00,3h 25m,1 stop,Economy,56.0,2547.29,360
8862,GoAir,Chennai,Hyderabad,06/17/2025,23:00,1h 53m,,BUSINESS,47.0,9405.59,515
8863,GoAir,Mumbai,Delhi,11/11/2025,14:00,5h 25m,Non Stop,Eco,59.0,6297.97,1150
8864,Spice Jet,Bangalore,Kolkata,12/23/2025,9:00,4h 9m,2 stops,Eco,30.0,12122.03,1560
8865,Air India,Banglore,Chennai,18/03/2025,21:00,1h 20m,1 stop,BUSINESS,50.0,5596.93,290
8866,Spice Jet,Chennai,Hyderabad,25-Jul-2025,23:30,4h 30m,,economy,1.0,4221.17,515
8867,AirAsia,Chennai,Bangalore,15-Jan-2025,23:45,,,Biz,28.0,5360.82,290
8868,indigo,Kolkata,Chennai,2025-06-11,15:15,4h 55m,non-stop,Biz,38.0,25388.98,1360
8869,Air India,Banglore,Kolkata,2025-06-27,7:30,2h 4m,1 Stop,Economy,27.0,13065.8,1560
8870,Go Air,Chennai,Bangalore,2025-10-13,23:45,0h 37m,2+ stops,Biz,57.0,5959.6,290
8871,Spice Jet,delhi,Cochin,26/11/2025,17:00,3h 13m,non-stop,Biz,43.0,36085.67,2100
8872,Vistara,delhi,Bangalore,12/01/2025,4:30,3h 31m,2 stops,Eco,46.0,13379.84,1740
8873,Vistara,delhi,Delhi,2025-12-22,23:30,2h 19m,,Business,3.0,24702.6,1030
8874,indigo,Hyderabad,Kolkata,04/30/2025,0:00,1h 47m,non-stop,,9.0,8643.78,1190
8875,Air India,Chenai,Kolkata,15-Mar-2025,1:30,1h 4m,1 Stop,Biz,9.0,32559.01,1360
8876,AirAsia,MUMBAI,Mumbai,06/25/2025,5:15,3h 1m,Non Stop,Business,38.0,20417.29,1030
8877,IndiGo,delhi,Bangalore,01-Apr-2025,0:30,6h 31m,non-stop,Biz,3.0,33219.94,1740
8878,SpiceJet,Hyderabad,Cochin,05/09/2025,9:45,1h 1m,non-stop,Biz,8.0,14172.66,700
8879,,Delhi,Chennai,2025-01-11,14:15,4h 29m,,economy,52.0,11750.27,1760
8880,GoAir,Mumbai,Bangalore,01/04/2025,21:30,3h 54m,1 stop,Eco,55.0,5913.91,840
8881,AirAsia,Kolkata,Cochin,2025-09-07,23:15,2h 51m,1 Stop,Eco,49.0,11852.59,1900
8882,AIR INDIA,Chenai,cochin,04/08/2025,15:00,2h 8m,non-stop,Economy,53.0,3907.21,500
8883,AirAsia,MUMBAI,Hyderabad,28/01/2025,17:15,2h 38m,non-stop,Economy,18.0,4368.97,620
8884,Spice Jet,Chennai,HYDERABAD,2025-09-05,22:00,4h 21m,Non Stop,Biz,38.0,9490.59,515
8885,AirAsia,Delhi,Mumbai,07-Jan-2025,1:15,2h 57m,2+ stops,economy,43.0,8524.36,1150
8886,Vistara,Bangalore,HYDERABAD,06/20/2025,17:15,1h 38m,2+ stops,Economy,21.0,4904.53,500
8887,Spice Jet,Chenai,Cochin,23-Apr-2025,15:45,2h 57m,2 stops,economy,60.0,3845.75,500
8888,IndiGo,Kolkata,Cochin,01/30/2025,14:00,1h 20m,2 stops,Business,57.0,40889.57,1900
8889,Air India,Chenai,Chennai,15-Mar-2025,23:15,4h 20m,2 stops,Biz,26.0,25334.34,1030
8890,Air India,delhi,Mumbai,16-Jun-2025,22:00,5h 20m,,Eco,53.0,9477.84,1150
8891,SpiceJet,Delhi,Mumbai,01/25/2025,6:00,2h 8m,,Economy,20.0,8321.85,1150
8892,Spice Jet,MUMBAI,Hyderabad,07/14/2025,16:30,1h 51m,2+ stops,Business,14.0,13948.09,620
8893,SpiceJet,Chennai,Cochin,23-Feb-2025,15:45,3h 10m,Non Stop,BUSINESS,38.0,9668.97,500
8894,AirAsia,Mumbai,Hyderabad,31-May-2025,13:30,1h 36m,1 Stop,Business,56.0,11023.64,620
8895,AIR INDIA,delhi,Mumbai,2025-01-11,17:15,2h 46m,Non Stop,Eco,16.0,8679.0,1150
8896,Air India,Banglore,Bangalore,08/27/2025,4:30,1h 43m,non-stop,BUSINESS,31.0,24366.23,1030
8897,GoAir,Chenai,Bangalore,08/08/2025,19:30,2h 29m,non-stop,economy,12.0,2389.97,290
8898,AIR INDIA,Chennai,Bangalore,14/05/2025,17:00,1h 23m,,economy,49.0,2440.36,290
8899,indigo,Bangalore,Mumbai,23-May-2025,22:30,2h 25m,,Economy,8.0,6732.7,840
8900,Vistara,Kolkata,Mumbai,23-Aug-2025,1:30,1h 16m,2+ stops,economy,53.0,15603.26,1650
8901,SpiceJet,MUMBAI,Cochin,11-Jun-2025,19:30,2h 36m,Non Stop,Eco,48.0,5206.67,860
8902,Vistara,Delhi,HYDERABAD,22/02/2025,0:45,1h 2m,2 stops,Eco,47.0,9450.91,1260
8903,Vistara,Hyderabad,Mumbai,27/04/2025,21:45,1h 57m,2 stops,economy,21.0,5064.33,620
8904,Spice Jet,MUMBAI,Chennai,04-Aug-2025,9:30,2h 42m,1 stop,Biz,3.0,21761.44,1030
8905,GoAir,Hyderabad,Chennai,2025-02-27,19:00,3h 38m,1 Stop,Economy,27.0,3958.28,515
8906,Spice Jet,Delhi,Kolkata,2025-05-25,2:00,4h 22m,non-stop,economy,32.0,8456.07,1300
8907,Air India,Bangalore,Cochin,01/02/2025,8:00,0h 39m,2+ stops,economy,48.0,2975.47,360
8908,Air India,Banglore,HYDERABAD,02/05/2025,5:30,2h 45m,2 stops,BUSINESS,37.0,11948.06,500
8909,AIR INDIA,Chennai,HYDERABAD,08/11/2025,8:45,1h 32m,Non Stop,BUSINESS,2.0,11798.63,515
8910,indigo,Banglore,Cochin,02/05/2025,9:00,3h 52m,non-stop,economy,56.0,2859.67,360
8911,indigo,Banglore,Cochin,14/06/2025,1:00,2h 15m,non-stop,Business,24.0,8167.66,360
8912,IndiGo,Mumbai,Delhi,2025-09-17,14:45,2h 27m,,Economy,40.0,8467.68,1150
8913,Vistara,Kolkata,Bangalore,31-Oct-2025,11:45,2h 29m,non-stop,Biz,42.0,35423.37,1560
8914,SpiceJet,Mumbai,Delhi,05/10/2025,3:45,2h 55m,2+ stops,BUSINESS,43.0,25557.42,1150
8915,Vistara,Chenai,Chennai,15-Jun-2025,7:30,1h 25m,non-stop,economy,21.0,8270.43,1030
8916,GoAir,Hyderabad,Delhi,2025-08-13,12:30,3h 21m,1 Stop,economy,24.0,8632.72,1260
8917,AIR INDIA,Bangalore,Delhi,2025-06-17,10:45,1h 58m,2 stops,Economy,3.0,14154.34,1740
8918,Vistara,Hyderabad,Delhi,02/05/2025,7:30,1h 45m,,Business,37.0,28131.13,1260
8919,Vistara,MUMBAI,Kolkata,2025-04-29,13:15,3h 9m,,economy,50.0,12099.07,1650
8920,IndiGo,Mumbai,Cochin,25/01/2025,13:45,2h 37m,Non Stop,Eco,8.0,6758.17,860
8921,AirAsia,Banglore,Hyderabad,12-Feb-2025,8:45,3h 36m,1 Stop,Eco,37.0,3688.87,500
8922,IndiGo,Mumbai,Bangalore,01/07/2025,10:15,4h 0m,1 stop,Business,11.0,19540.69,840
8923,Air India,Mumbai,HYDERABAD,14-Sep-2025,19:30,2h 40m,1 Stop,Economy,46.0,4547.91,620
8924,AIR INDIA,Chenai,Cochin,27-Nov-2025,20:15,2h 15m,Non Stop,Biz,60.0,11071.89,500
8925,IndiGo,MUMBAI,Kolkata,06/24/2025,5:30,2h 32m,2 stops,BUSINESS,48.0,33167.87,1650
8926,IndiGo,Mumbai,Delhi,16/09/2025,22:15,4h 17m,2 stops,Biz,34.0,23333.08,1150
8927,Spice Jet,Chenai,HYDERABAD,04/13/2025,21:30,0h 51m,non-stop,economy,7.0,3653.36,515
8928,GoAir,delhi,Mumbai,28-Nov-2025,1:45,4h 1m,1 Stop,BUSINESS,26.0,26202.69,1150
8929,indigo,Kolkata,Chennai,04/11/2025,4:30,1h 48m,Non Stop,economy,1.0,9806.26,1360
8930,GoAir,Delhi,Bangalore,09-Sep-2025,6:30,2h 22m,2 stops,Business,45.0,33007.64,1740
8931,SpiceJet,Banglore,Delhi,16/08/2025,5:45,1h 40m,1 stop,economy,18.0,11954.32,1740
8932,IndiGo,Kolkata,HYDERABAD,2025-07-08,20:30,3h 14m,Non Stop,economy,40.0,8060.38,1190
8933,Go Air,Hyderabad,Cochin,2025-10-30,18:00,3h 38m,,Eco,53.0,4544.42,700
8934,,Hyderabad,Chennai,09/29/2025,21:30,4h 46m,1 Stop,Biz,60.0,10478.93,515
8935,IndiGo,delhi,HYDERABAD,07/21/2025,13:15,1h 1m,non-stop,BUSINESS,49.0,25328.97,1260
8936,Air India,Chenai,Delhi,30/08/2025,22:30,2h 4m,non-stop,Biz,31.0,38360.54,1760
8937,Vistara,Kolkata,HYDERABAD,10-Sep-2025,6:30,1h 56m,1 stop,economy,5.0,9504.1,1190
8938,AIR INDIA,Chenai,cochin,04/30/2025,7:15,2h 30m,non-stop,Eco,,3946.84,500
8939,Spice Jet,Mumbai,Cochin,11-Nov-2025,10:15,,,BUSINESS,45.0,16006.27,860
8940,AIR INDIA,delhi,Kolkata,07/06/2025,11:00,5h 56m,2 stops,BUSINESS,54.0,28941.45,1300
8941,SpiceJet,MUMBAI,Cochin,16/02/2025,7:15,2h 14m,non-stop,BUSINESS,34.0,17630.95,860
8942,AirAsia,Kolkata,Delhi,09/01/2025,1:45,,1 Stop,Biz,57.0,22579.5,1300
8943,SpiceJet,Kolkata,Mumbai,21/02/2025,17:00,1h 15m,,Eco,9.0,11655.96,1650
8944,AirAsia,delhi,Hyderabad,06-Feb-2025,4:00,3h 41m,Non Stop,Economy,9.0,9351.28,1260
8945,AirAsia,Chenai,HYDERABAD,13/03/2025,18:30,1h 36m,non-stop,Economy,24.0,3682.79,515
8946,Go Air,Chennai,Kolkata,24/02/2025,22:00,1h 21m,non-stop,Business,20.0,26785.26,1360
8947,Air India,Delhi,Bangalore,11/27/2025,4:00,5h 49m,,economy,54.0,14294.54,1740
8948,Go Air,Chennai,Delhi,06/27/2025,15:45,4h 18m,2 stops,Biz,47.0,35026.97,1760
8949,Spice Jet,Delhi,Kolkata,12/25/2025,23:15,3h 2m,,Eco,8.0,8365.85,1300
8950,GoAir,Chennai,Cochin,03/08/2025,20:00,1h 6m,2 stops,Business,33.0,10746.12,500
8951,AirAsia,MUMBAI,cochin,2025-07-11,22:45,1h 21m,Non Stop,economy,36.0,4860.1,860
8952,AirAsia,Chenai,Hyderabad,2025-06-10,1:00,2h 51m,1 stop,BUSINESS,16.0,10681.3,515
8953,Air India,MUMBAI,Cochin,2025-04-15,17:00,,2 stops,Business,16.0,18951.26,860
8954,Air India,Hyderabad,Kolkata,15/06/2025,13:30,2h 23m,1 stop,Business,48.0,24817.69,1190
8955,indigo,Mumbai,Kolkata,2025-11-09,21:45,1h 41m,2 stops,Business,60.0,32082.12,1650
8956,IndiGo,MUMBAI,Cochin,30-Dec-2025,10:30,2h 10m,1 Stop,Eco,19.0,6222.49,860
8957,indigo,Chenai,Bangalore,11/01/2025,23:00,0h 45m,1 stop,Biz,33.0,6107.18,290
8958,Go Air,Hyderabad,HYDERABAD,07/20/2025,14:45,7h 32m,2 stops,economy,4.0,8780.9,1030
8959,Air India,Hyderabad,HYDERABAD,20-Dec-2025,18:00,4h 56m,,Eco,9.0,8384.16,1030
8960,SpiceJet,Chennai,cochin,25-Feb-2025,2:00,2h 37m,Non Stop,Business,,10149.98,500
8961,Air India,Chenai,Cochin,07/27/2025,15:30,2h 43m,2 stops,Economy,10.0,4314.02,500
8962,IndiGo,Chennai,Hyderabad,17-Feb-2025,8:00,2h 7m,1 stop,Economy,5.0,4177.8,515
8963,,Chennai,Delhi,29/08/2025,23:00,2h 59m,2+ stops,Biz,15.0,42156.47,1760
8964,Spice Jet,Delhi,Kolkata,18-Jan-2025,20:45,3h 23m,Non Stop,Biz,3.0,25018.31,1300
8965,AirAsia,Hyderabad,Mumbai,19-Dec-2025,22:45,4h 31m,1 Stop,Business,29.0,11195.7,620
8966,indigo,Chenai,cochin,07-Jun-2025,13:45,1h 30m,non-stop,Economy,32.0,3768.53,500
8967,AirAsia,Delhi,Chennai,2025-08-09,5:00,1h 32m,Non Stop,economy,54.0,10766.25,1760
8968,Vistara,Kolkata,Mumbai,2025-02-20,11:15,1h 46m,Non Stop,Eco,48.0,11863.12,1650
8969,indigo,Banglore,Delhi,05-Aug-2025,21:45,5h 0m,,Economy,25.0,12428.19,1740
8970,Spice Jet,Mumbai,Hyderabad,2025-09-17,0:30,6h 26m,1 stop,Eco,11.0,5135.93,620
8971,AIR INDIA,Kolkata,Bangalore,2025-03-12,2:30,1h 33m,,Economy,51.0,11299.4,1560
8972,AIR INDIA,Hyderabad,Chennai,10-Sep-2025,15:15,1h 45m,,Eco,59.0,3986.1,515
8973,GoAir,Chennai,Delhi,2025-07-20,15:45,2h 13m,,economy,27.0,9969.07,1760
8974,,MUMBAI,Hyderabad,2025-02-04,10:15,2h 0m,2+ stops,Eco,10.0,4968.48,620
8975,Vistara,Bangalore,cochin,16/07/2025,23:15,0h 42m,2+ stops,BUSINESS,25.0,8960.12,360
8976,indigo,MUMBAI,Bangalore,2025-10-04,0:45,5h 55m,2+ stops,Economy,25.0,7191.56,840
8977,AirAsia,delhi,cochin,04/13/2025,5:15,4h 48m,Non Stop,BUSINESS,33.0,37899.13,2100
8978,GoAir,Mumbai,Kolkata,08/05/2025,9:00,6h 1m,non-stop,,16.0,11666.26,1650
8979,Spice Jet,MUMBAI,cochin,27-Jan-2025,23:15,2h 13m,1 stop,Eco,27.0,6197.04,860
8980,AirAsia,Chennai,cochin,2025-06-07,22:15,1h 17m,,Eco,42.0,3100.41,500
8981,Spice Jet,Bangalore,Hyderabad,11/05/2025,21:00,1h 34m,1 Stop,BUSINESS,46.0,10568.79,500
8982,GoAir,Mumbai,cochin,10-May-2025,14:45,3h 53m,2+ stops,Business,46.0,18996.09,860
8983,Vistara,Hyderabad,cochin,2025-02-15,3:30,4h 28m,1 Stop,BUSINESS,26.0,15648.91,700
8984,indigo,MUMBAI,Bangalore,23-May-2025,16:45,1h 51m,non-stop,Biz,6.0,18368.95,840
8985,GoAir,delhi,Chennai,02-Aug-2025,15:00,5h 51m,,BUSINESS,27.0,33398.84,1760
8986,AirAsia,Hyderabad,cochin,2025-04-20,10:45,2h 20m,1 stop,economy,30.0,4829.01,700
8987,Spice Jet,Bangalore,cochin,20/02/2025,9:30,0h 43m,Non Stop,BUSINESS,51.0,7081.13,360
8988,Spice Jet,Kolkata,Cochin,2025-09-17,7:15,4h 6m,1 stop,economy,60.0,13488.39,1900
8989,GoAir,Delhi,Bangalore,10/06/2025,10:15,3h 36m,2 stops,Eco,24.0,12879.0,1740
8990,Vistara,Hyderabad,HYDERABAD,01-May-2025,4:30,1h 37m,1 Stop,Economy,4.0,9024.14,1030
8991,GoAir,MUMBAI,Hyderabad,23/08/2025,1:45,1h 16m,1 Stop,economy,10.0,4452.4,620
8992,indigo,Hyderabad,Kolkata,06-Apr-2025,16:45,1h 56m,2 stops,Economy,26.0,9122.54,1190
8993,indigo,Mumbai,Chennai,30-Dec-2025,1:15,6h 35m,Non Stop,Economy,59.0,7640.91,1030
8994,SpiceJet,Bangalore,Hyderabad,17/09/2025,17:00,3h 43m,2+ stops,BUSINESS,52.0,10516.86,500
8995,Vistara,Banglore,Kolkata,07/30/2025,21:15,3h 6m,Non Stop,economy,,11342.29,1560
8996,AIR INDIA,Delhi,cochin,23/04/2025,14:30,1h 19m,2+ stops,economy,56.0,14465.34,2100
8997,indigo,Hyderabad,cochin,2025-11-24,12:15,2h 10m,2+ stops,Biz,55.0,15445.27,700
8998,Vistara,Chenai,Bangalore,2025-07-03,13:00,3h 52m,non-stop,Biz,30.0,7097.85,290
8999,GoAir,Delhi,Kolkata,2025-03-19,20:30,3h 42m,2+ stops,economy,26.0,9304.46,1300
9000,Spice Jet,delhi,Cochin,05-Aug-2025,22:30,1h 0m,non-stop,Eco,10.0,14998.79,2100
9001,Spice Jet,MUMBAI,HYDERABAD,21/04/2025,10:45,1h 44m,1 Stop,,9.0,12869.55,620
9002,IndiGo,MUMBAI,Hyderabad,05/05/2025,7:00,0h 45m,1 Stop,Business,26.0,13086.16,620
9003,indigo,Hyderabad,Bangalore,09/21/2025,20:30,2h 6m,1 Stop,Biz,35.0,10562.3,500
9004,SpiceJet,Banglore,cochin,09-Jun-2025,21:00,0h 55m,1 stop,Business,,7212.84,360
9005,GoAir,Chenai,Bangalore,08/10/2025,21:15,2h 51m,2+ stops,Biz,31.0,6611.6,290
9006,AirAsia,Chenai,Hyderabad,2025-08-21,9:45,9h 46m,2+ stops,Business,56.0,11477.16,515
9007,Vistara,Banglore,HYDERABAD,12/08/2025,0:45,3h 30m,non-stop,Biz,16.0,11176.54,500
9008,SpiceJet,Chenai,Delhi,12/25/2025,17:45,2h 27m,non-stop,Business,25.0,34739.34,1760
9009,Spice Jet,Delhi,Bangalore,12/02/2025,6:15,3h 16m,Non Stop,BUSINESS,19.0,34332.25,1740
9010,SpiceJet,Delhi,cochin,11/02/2025,0:15,3h 55m,non-stop,Biz,,40134.79,2100
9011,indigo,Banglore,HYDERABAD,07/13/2025,7:15,1h 31m,1 stop,,25.0,4076.84,500
9012,indigo,Chenai,Delhi,2025-04-21,0:15,0h 53m,non-stop,Business,15.0,36417.2,1760
9013,SpiceJet,Bangalore,Hyderabad,11/24/2025,20:30,2h 21m,1 stop,Eco,46.0,3691.73,500
9014,AirAsia,Mumbai,Bangalore,09-Feb-2025,16:45,1h 19m,1 stop,Economy,56.0,5411.88,840
9015,indigo,Banglore,Chennai,2025-04-01,0:45,1h 44m,non-stop,Biz,22.0,6055.61,290
9016,AirAsia,MUMBAI,Chennai,07-Oct-2025,16:15,,Non Stop,Eco,14.0,6979.26,1030
9017,indigo,delhi,Delhi,17/08/2025,0:00,2h 8m,2+ stops,Eco,31.0,7968.31,1030
9018,AIR INDIA,Chenai,cochin,12/22/2025,9:45,1h 37m,non-stop,economy,42.0,3803.44,500
9019,AIR INDIA,Mumbai,cochin,2025-12-06,23:00,1h 37m,2+ stops,Biz,13.0,21643.44,860
9020,Go Air,MUMBAI,HYDERABAD,09-Oct-2025,11:45,4h 45m,1 Stop,economy,47.0,4583.26,620
9021,Spice Jet,Hyderabad,Delhi,11/09/2025,11:15,1h 25m,1 Stop,economy,19.0,8872.58,1260
9022,Spice Jet,Bangalore,Kolkata,24/01/2025,17:30,2h 46m,2 stops,Biz,9.0,34854.1,1560
9023,indigo,Bangalore,Hyderabad,2025-01-17,22:45,3h 53m,2 stops,Eco,20.0,4280.9,500
9024,Air India,Mumbai,Kolkata,07/13/2025,10:15,3h 57m,non-stop,economy,6.0,11796.78,1650
9025,Go Air,Chennai,Kolkata,31-Dec-2025,7:15,5h 2m,2 stops,Economy,11.0,10233.47,1360
9026,GoAir,Chenai,Hyderabad,2025-11-12,14:45,2h 18m,non-stop,Biz,8.0,10486.32,515
9027,SpiceJet,Bangalore,Delhi,20/09/2025,12:00,1h 27m,2 stops,economy,54.0,11575.28,1740
9028,IndiGo,Hyderabad,HYDERABAD,11/19/2025,13:00,3h 33m,non-stop,economy,10.0,7425.7,1030
9029,Air India,MUMBAI,Mumbai,2025-11-10,7:15,2h 13m,2 stops,Eco,21.0,7982.47,1030
9030,IndiGo,Kolkata,Cochin,10/06/2025,6:45,2h 51m,,Economy,27.0,14132.91,1900
9031,AIR INDIA,Chennai,Kolkata,01/11/2025,4:15,1h 58m,1 Stop,Economy,19.0,10615.45,1360
9032,AirAsia,Kolkata,cochin,04-Nov-2025,20:45,3h 42m,1 Stop,BUSINESS,53.0,33790.72,1900
9033,IndiGo,Bangalore,Kolkata,2025-05-04,8:00,3h 22m,2+ stops,Biz,3.0,37257.21,1560
9034,Air India,Chenai,Cochin,07-May-2025,4:00,3h 34m,,Business,,11661.82,500
9035,GoAir,Chenai,cochin,08/08/2025,5:30,1h 1m,1 Stop,BUSINESS,33.0,9555.41,500
9036,SpiceJet,MUMBAI,Kolkata,16/06/2025,2:45,0h 58m,non-stop,Eco,36.0,9836.1,1650
9037,Go Air,Hyderabad,Delhi,08/12/2025,1:30,11h 1m,2+ stops,Biz,3.0,30131.37,1260
9038,IndiGo,Banglore,HYDERABAD,08/08/2025,3:15,0h 53m,,Eco,24.0,3688.11,500
9039,SpiceJet,delhi,Cochin,11/16/2025,20:45,3h 16m,1 stop,Economy,39.0,14000.58,2100
9040,Air India,delhi,Mumbai,06/10/2025,17:30,1h 3m,Non Stop,Eco,35.0,8585.25,1150
9041,IndiGo,Delhi,Hyderabad,04/01/2025,14:45,4h 0m,1 stop,economy,54.0,8370.44,1260
9042,indigo,Delhi,HYDERABAD,03/27/2025,15:00,2h 25m,2 stops,BUSINESS,14.0,26556.14,1260
9043,AirAsia,MUMBAI,Chennai,2025-03-23,10:00,3h 49m,non-stop,Eco,13.0,7976.85,1030
9044,Go Air,Bangalore,HYDERABAD,2025-10-21,2:45,4h 24m,2+ stops,economy,50.0,3806.66,500
9045,GoAir,delhi,Mumbai,30-Jun-2025,8:00,4h 12m,1 stop,Eco,,8258.56,1150
9046,AirAsia,Chennai,Hyderabad,04-Oct-2025,15:15,3h 48m,Non Stop,BUSINESS,44.0,10448.05,515
9047,GoAir,Mumbai,Hyderabad,2025-03-01,18:30,2h 6m,2+ stops,Eco,40.0,4843.93,620
9048,AirAsia,Mumbai,Cochin,30/11/2025,14:30,7h 24m,1 Stop,Economy,48.0,5859.62,860
9049,IndiGo,delhi,cochin,01/11/2025,15:45,1h 55m,Non Stop,Economy,21.0,14461.73,2100
9050,Air India,Mumbai,Delhi,05/05/2025,23:15,4h 49m,non-stop,Business,59.0,21974.57,1150
9051,IndiGo,Chennai,cochin,01/21/2025,16:15,3h 25m,Non Stop,Eco,39.0,3969.44,500
9052,AIR INDIA,Hyderabad,cochin,21/04/2025,11:30,4h 4m,non-stop,Economy,30.0,5773.45,700
9053,Air India,Chenai,Hyderabad,2025-12-08,4:15,2h 8m,non-stop,economy,42.0,3859.97,515
9054,IndiGo,Bangalore,Hyderabad,02/14/2025,11:30,1h 59m,1 Stop,BUSINESS,2.0,10774.78,500
9055,Spice Jet,delhi,Bangalore,17/03/2025,7:15,3h 28m,Non Stop,Biz,60.0,27934.37,1740
9056,SpiceJet,Mumbai,Kolkata,13/11/2025,12:00,1h 52m,,Economy,45.0,11346.05,1650
9057,IndiGo,Chennai,HYDERABAD,12/29/2025,17:00,6h 44m,1 Stop,Economy,10.0,4626.08,515
9058,Go Air,Banglore,Hyderabad,04/21/2025,23:00,6h 22m,,Eco,15.0,4209.25,500
9059,Spice Jet,delhi,cochin,2025-11-13,11:15,6h 48m,1 Stop,Eco,55.0,12911.15,2100
9060,SpiceJet,Kolkata,Mumbai,06/03/2025,0:00,1h 10m,1 stop,Eco,59.0,9337.37,1650
9061,IndiGo,Delhi,Kolkata,22/07/2025,2:00,2h 42m,2 stops,Economy,19.0,10645.52,1300
9062,AIR INDIA,Banglore,Mumbai,26-Jun-2025,12:15,2h 53m,non-stop,Eco,22.0,6613.36,840
9063,GoAir,Mumbai,Bangalore,13/02/2025,23:30,1h 25m,Non Stop,Business,30.0,16584.29,840
9064,Spice Jet,delhi,HYDERABAD,06/02/2025,13:15,3h 27m,2+ stops,Biz,45.0,25533.89,1260
9065,AIR INDIA,MUMBAI,cochin,15-Dec-2025,4:30,1h 28m,Non Stop,BUSINESS,7.0,19501.04,860
9066,IndiGo,Kolkata,cochin,23/02/2025,3:00,2h 5m,2+ stops,economy,49.0,14418.75,1900
9067,SpiceJet,MUMBAI,Hyderabad,2025-06-03,0:45,1h 28m,2+ stops,Biz,28.0,14191.29,620
9068,indigo,Mumbai,Chennai,03/14/2025,10:30,1h 44m,Non Stop,Economy,53.0,7061.78,1030
9069,GoAir,Mumbai,Kolkata,04/19/2025,2:45,3h 4m,non-stop,Economy,24.0,10560.44,1650
9070,Spice Jet,MUMBAI,Bangalore,20/05/2025,17:30,2h 19m,non-stop,economy,45.0,5687.72,840
9071,,Chennai,Mumbai,31/07/2025,6:15,0h 58m,non-stop,Biz,1.0,23658.21,1030
9072,SpiceJet,delhi,Cochin,2025-04-04,10:45,2h 36m,2+ stops,Biz,2.0,48053.23,2100
9073,indigo,Delhi,Mumbai,18-Sep-2025,22:30,1h 28m,1 stop,Eco,46.0,7674.87,1150
9074,GoAir,Banglore,Bangalore,10/26/2025,12:00,1h 54m,Non Stop,Business,59.0,19167.52,1030
9075,Air India,Chenai,cochin,09/04/2025,21:00,1h 40m,1 stop,BUSINESS,17.0,11424.28,500
9076,AIR INDIA,Chennai,Delhi,2025-12-11,8:45,3h 46m,Non Stop,Economy,15.0,14068.97,1760
9077,AirAsia,Chenai,Cochin,09/02/2025,16:00,2h 23m,non-stop,Economy,11.0,3572.33,500
9078,AIR INDIA,MUMBAI,Delhi,2025-06-30,19:00,5h 11m,,Business,11.0,24493.65,1150
9079,AIR INDIA,Kolkata,Delhi,24-Sep-2025,18:15,2h 7m,non-stop,Economy,53.0,9678.74,1300
9080,Air India,Banglore,HYDERABAD,2025-08-16,1:45,2h 2m,1 Stop,economy,26.0,3494.72,500
9081,Go Air,Mumbai,Cochin,18-Dec-2025,22:30,4h 2m,,Eco,44.0,5190.53,860
9082,Air India,Kolkata,Cochin,2025-09-21,19:30,3h 57m,1 stop,Economy,8.0,15992.63,1900
9083,SpiceJet,Delhi,cochin,2025-12-09,2:45,0h 49m,2 stops,Economy,21.0,15392.69,2100
9084,,MUMBAI,Bangalore,2025-05-29,3:00,1h 56m,1 stop,,2.0,18270.44,840
9085,IndiGo,Kolkata,cochin,04/30/2025,6:45,1h 12m,,Biz,56.0,36873.54,1900
9086,SpiceJet,MUMBAI,Delhi,2025-11-09,15:15,,,Economy,20.0,6972.43,1150
9087,SpiceJet,Delhi,Bangalore,06-Jun-2025,22:45,14h 37m,2 stops,Economy,18.0,14345.51,1740
9088,indigo,Banglore,Delhi,29/11/2025,17:00,1h 46m,,Biz,53.0,34356.4,1740
9089,SpiceJet,Banglore,cochin,23/03/2025,8:45,1h 38m,Non Stop,BUSINESS,31.0,7092.6,360
9090,GoAir,Delhi,HYDERABAD,2025-07-06,3:45,3h 27m,2 stops,Business,31.0,25606.89,1260
9091,SpiceJet,Kolkata,Hyderabad,2025-12-22,22:15,2h 52m,non-stop,BUSINESS,27.0,23572.64,1190
9092,Air India,Banglore,Kolkata,07/10/2025,0:30,2h 25m,1 Stop,Eco,54.0,11225.34,1560
9093,AIR INDIA,Mumbai,HYDERABAD,25/11/2025,23:15,4h 37m,,Business,56.0,11924.61,620
9094,GoAir,Bangalore,Chennai,01/31/2025,7:15,1h 21m,2 stops,economy,1.0,2796.67,290
9095,SpiceJet,Delhi,Bangalore,01/06/2025,2:00,3h 19m,,Economy,35.0,12557.58,1740
9096,Air India,Chenai,Bangalore,07/16/2025,14:00,1h 3m,non-stop,Business,26.0,6073.29,290
9097,,Kolkata,Hyderabad,05/02/2025,13:45,1h 7m,non-stop,economy,7.0,8470.15,1190
9098,Air India,Chenai,Kolkata,2025-03-08,16:00,3h 1m,,Economy,48.0,9943.08,1360
9099,AirAsia,Kolkata,Cochin,27/07/2025,3:15,1h 7m,1 Stop,Economy,2.0,13800.27,1900
9100,AIR INDIA,Hyderabad,Delhi,03/04/2025,6:00,1h 19m,,BUSINESS,,24626.9,1260
9101,Spice Jet,Bangalore,Cochin,18/05/2025,2:00,4h 12m,2 stops,Eco,32.0,2983.96,360
9102,Go Air,Banglore,Bangalore,28/10/2025,3:30,0h 40m,non-stop,Biz,50.0,16181.66,1030
9103,GoAir,Hyderabad,cochin,07/02/2025,21:45,2h 18m,2 stops,Business,,14156.29,700
9104,Air India,MUMBAI,cochin,07-Nov-2025,23:15,1h 33m,2 stops,Business,,19701.3,860
9105,indigo,Chennai,Mumbai,03-Mar-2025,15:45,2h 26m,2 stops,economy,52.0,7425.71,1030
9106,AIR INDIA,Delhi,HYDERABAD,09/08/2025,18:15,0h 46m,non-stop,Biz,17.0,26980.61,1260
9107,indigo,delhi,Cochin,09/27/2025,1:30,1h 45m,1 Stop,Eco,39.0,13777.4,2100
9108,indigo,MUMBAI,Mumbai,01-Apr-2025,16:30,1h 20m,2+ stops,economy,8.0,8818.13,1030
9109,Spice Jet,Mumbai,Bangalore,26/12/2025,22:00,5h 5m,,Economy,9.0,6677.31,840
9110,AirAsia,MUMBAI,HYDERABAD,22/11/2025,7:45,0h 39m,,Economy,46.0,4109.2,620
9111,SpiceJet,MUMBAI,Delhi,2025-07-25,23:00,4h 56m,2 stops,Biz,45.0,22871.56,1150
9112,SpiceJet,Delhi,Mumbai,04-Oct-2025,14:00,0h 57m,,Biz,38.0,21501.43,1150
9113,GoAir,Hyderabad,cochin,14-Feb-2025,18:45,2h 1m,,,27.0,4905.63,700
9114,Go Air,Bangalore,Hyderabad,09/05/2025,9:15,1h 51m,non-stop,Economy,21.0,3663.37,500
9115,AirAsia,Banglore,Hyderabad,07-Feb-2025,4:00,5h 48m,Non Stop,economy,10.0,3391.07,500
9116,GoAir,delhi,Delhi,08/03/2025,5:00,3h 1m,2 stops,Economy,56.0,7047.65,1030
9117,Spice Jet,delhi,Kolkata,17-Sep-2025,20:15,3h 25m,2+ stops,Eco,57.0,9235.22,1300
9118,GoAir,Bangalore,Hyderabad,26/07/2025,7:45,11h 19m,Non Stop,Eco,52.0,4164.43,500
9119,AIR INDIA,Chenai,Chennai,02/12/2025,20:15,1h 25m,2 stops,economy,17.0,8537.41,1030
9120,AirAsia,Banglore,HYDERABAD,05/01/2025,13:00,1h 8m,Non Stop,Eco,38.0,2752.74,500
9121,SpiceJet,Chenai,Bangalore,05/10/2025,14:30,,1 stop,economy,34.0,2190.62,290
9122,,Chennai,Delhi,28-Oct-2025,10:30,1h 9m,2 stops,BUSINESS,33.0,41753.5,1760
9123,Air India,Hyderabad,cochin,03/03/2025,14:45,2h 19m,2+ stops,Eco,14.0,6345.74,700
9124,GoAir,MUMBAI,HYDERABAD,2025-08-26,0:00,2h 54m,1 stop,economy,,4392.65,620
9125,AIR INDIA,Chenai,Mumbai,01/31/2025,4:15,1h 29m,non-stop,,51.0,7268.97,1030
9126,Go Air,MUMBAI,cochin,24-Oct-2025,6:45,1h 19m,non-stop,economy,58.0,5330.7,860
9127,Spice Jet,Bangalore,Mumbai,03/15/2025,18:30,,non-stop,Biz,59.0,15487.0,840
9128,Go Air,Mumbai,cochin,19-Jan-2025,17:00,3h 20m,1 stop,Economy,57.0,,860
9129,SpiceJet,Delhi,Bangalore,02/16/2025,22:15,2h 25m,,BUSINESS,43.0,34015.34,1740
9130,Spice Jet,MUMBAI,Mumbai,08/05/2025,12:15,,Non Stop,BUSINESS,23.0,22116.17,1030
9131,IndiGo,Bangalore,Kolkata,2025-10-23,20:30,8h 59m,2 stops,Economy,9.0,13620.91,1560
9132,SpiceJet,delhi,cochin,2025-02-11,13:45,0h 45m,non-stop,Business,6.0,47975.58,2100
9133,Go Air,MUMBAI,HYDERABAD,2025-01-14,19:15,2h 0m,2+ stops,Eco,26.0,4592.28,620
9134,,Chennai,Mumbai,11-Apr-2025,0:15,1h 5m,2 stops,Eco,25.0,8600.42,1030
9135,SpiceJet,Kolkata,Chennai,2025-02-09,0:30,3h 57m,2+ stops,Biz,38.0,27401.96,1360
9136,Spice Jet,Chennai,Delhi,11/14/2025,12:15,4h 45m,1 stop,Economy,37.0,12160.41,1760
9137,Air India,Hyderabad,Mumbai,09/05/2025,19:45,2h 12m,2 stops,Economy,16.0,5667.32,620
9138,IndiGo,MUMBAI,HYDERABAD,10/02/2025,23:00,2h 25m,2 stops,Economy,3.0,5078.61,620
9139,AirAsia,Chenai,Kolkata,2025-01-04,15:45,1h 9m,2+ stops,economy,38.0,9311.47,1360
9140,AirAsia,Mumbai,Hyderabad,06/19/2025,1:45,1h 19m,1 Stop,Business,19.0,12844.3,620
9141,Go Air,Mumbai,Kolkata,2025-12-30,20:00,4h 42m,,Business,37.0,30207.43,1650
9142,AIR INDIA,Delhi,Mumbai,09/10/2025,15:15,2h 57m,non-stop,Biz,53.0,25704.73,1150
9143,AIR INDIA,delhi,Cochin,15-Jun-2025,10:45,1h 27m,,,3.0,46176.42,2100
9144,IndiGo,Bangalore,Hyderabad,06/05/2025,0:00,1h 36m,1 Stop,Economy,38.0,4196.94,500
9145,Spice Jet,delhi,Cochin,05/30/2025,0:15,1h 55m,2 stops,economy,11.0,16337.15,2100
9146,Air India,MUMBAI,Chennai,2025-05-27,12:15,2h 22m,1 stop,Eco,4.0,8586.53,1030
9147,Air India,Bangalore,Delhi,2025-01-02,2:30,2h 4m,1 stop,BUSINESS,8.0,40323.17,1740
9148,SpiceJet,Hyderabad,HYDERABAD,2025-12-24,4:00,2h 52m,2 stops,BUSINESS,47.0,19855.41,1030
9149,IndiGo,Chennai,HYDERABAD,05/10/2025,13:30,3h 23m,2+ stops,BUSINESS,3.0,12793.52,515
9150,Spice Jet,MUMBAI,Cochin,08/15/2025,22:00,3h 43m,Non Stop,Biz,34.0,16413.17,860
9151,AIR INDIA,Mumbai,Chennai,10-Apr-2025,19:45,1h 30m,2+ stops,Business,32.0,26929.99,1030
9152,IndiGo,Delhi,Hyderabad,11/24/2025,11:15,2h 56m,1 Stop,Business,22.0,30122.1,1260
9153,Spice Jet,Chenai,Hyderabad,2025-06-11,20:30,2h 52m,2+ stops,,57.0,3939.85,515
9154,GoAir,MUMBAI,cochin,2025-12-09,16:15,3h 25m,Non Stop,economy,39.0,5393.83,860
9155,Vistara,MUMBAI,HYDERABAD,24/06/2025,7:15,3h 14m,non-stop,BUSINESS,7.0,14558.25,620
9156,Air India,Hyderabad,cochin,24/11/2025,2:30,4h 1m,,Biz,48.0,15198.48,700
9157,GoAir,Chennai,Cochin,2025-12-19,18:45,,1 stop,Business,34.0,9246.96,500
9158,AIR INDIA,MUMBAI,Mumbai,28-Jan-2025,7:45,3h 45m,,Eco,8.0,8060.25,1030
9159,indigo,delhi,Chennai,2025-05-03,18:00,2h 58m,,BUSINESS,51.0,38886.03,1760
9160,Vistara,Bangalore,Delhi,13/04/2025,11:30,2h 47m,1 stop,Biz,60.0,37856.02,1740
9161,,Banglore,Cochin,08/03/2025,10:45,2h 21m,2 stops,Business,6.0,8257.92,360
9162,Spice Jet,Chennai,Cochin,24/11/2025,22:45,0h 45m,2+ stops,Eco,38.0,3974.9,500
9163,GoAir,Mumbai,Delhi,06/12/2025,6:15,1h 18m,non-stop,Eco,40.0,6684.0,1150
9164,Go Air,Bangalore,Delhi,29-Jan-2025,12:45,3h 12m,,BUSINESS,56.0,29302.51,1740
9165,Air India,delhi,Kolkata,11/28/2025,0:00,2h 3m,Non Stop,Business,38.0,26077.85,1300
9166,indigo,Banglore,Delhi,23/11/2025,1:30,0h 49m,non-stop,Eco,21.0,13200.57,1740
9167,AIR INDIA,Delhi,Bangalore,07/26/2025,13:30,1h 8m,Non Stop,Economy,1.0,13439.36,1740
9168,SpiceJet,Bangalore,Kolkata,2025-12-09,2:45,4h 34m,,Business,29.0,26589.37,1560
9169,Go Air,Bangalore,Cochin,17-Nov-2025,19:00,1h 57m,non-stop,Biz,25.0,7624.25,360
9170,SpiceJet,MUMBAI,Chennai,03-Jun-2025,4:15,4h 20m,non-stop,Economy,28.0,6967.63,1030
9171,IndiGo,Banglore,HYDERABAD,08/02/2025,18:15,1h 14m,1 stop,BUSINESS,3.0,10133.01,500
9172,Go Air,Chenai,HYDERABAD,2025-12-06,2:15,4h 5m,non-stop,Biz,25.0,9974.13,515
9173,IndiGo,Chennai,Cochin,05/29/2025,19:30,2h 50m,2 stops,BUSINESS,6.0,12300.58,500
9174,Go Air,Banglore,cochin,01/02/2025,1:15,1h 18m,2 stops,Economy,9.0,2985.77,360
9175,AirAsia,delhi,HYDERABAD,2025-01-24,17:30,1h 56m,2+ stops,Business,1.0,30706.46,1260
9176,AIR INDIA,Kolkata,cochin,2025-01-23,17:30,3h 4m,Non Stop,Business,29.0,38826.8,1900
9177,Air India,Hyderabad,Mumbai,2025-03-13,1:00,2h 40m,non-stop,Eco,32.0,4882.23,620
9178,Air India,Hyderabad,Chennai,07-Dec-2025,11:15,4h 10m,2 stops,BUSINESS,60.0,11075.87,515
9179,GoAir,Bangalore,Cochin,21/11/2025,23:00,5h 46m,Non Stop,Biz,59.0,6204.34,360
9180,Vistara,Bangalore,Hyderabad,10/09/2025,3:00,5h 17m,Non Stop,Eco,29.0,4656.4,500
9181,AIR INDIA,Kolkata,cochin,2025-04-20,19:45,3h 22m,,Biz,41.0,42524.77,1900
9182,GoAir,Kolkata,HYDERABAD,2025-09-20,22:00,4h 36m,,Economy,46.0,8052.72,1190
9183,AirAsia,Bangalore,Hyderabad,14/11/2025,3:30,4h 5m,1 stop,Biz,14.0,10536.68,500
9184,Go Air,Chennai,Mumbai,01/01/2025,15:30,3h 22m,1 Stop,Biz,17.0,20058.57,1030
9185,AirAsia,Chenai,Chennai,19/11/2025,5:15,6h 11m,1 Stop,Eco,26.0,6798.56,1030
9186,Air India,delhi,Bangalore,2025-11-13,23:15,1h 35m,1 stop,Economy,18.0,13714.1,1740
9187,AirAsia,Banglore,Bangalore,2025-07-09,9:30,3h 40m,2 stops,Eco,58.0,7169.43,1030
9188,AirAsia,Delhi,Mumbai,29/09/2025,20:45,9h 40m,2+ stops,Economy,54.0,9121.35,1150
9189,AIR INDIA,Chenai,Kolkata,16-Nov-2025,2:30,1h 8m,2 stops,Business,20.0,34209.82,1360
9190,Air India,Hyderabad,cochin,06-Jan-2025,6:15,5h 40m,2 stops,economy,,6183.53,700
9191,Go Air,Chennai,cochin,06/22/2025,15:15,0h 34m,,Eco,9.0,3745.8,500
9192,GoAir,Chenai,HYDERABAD,03/04/2025,19:45,1h 53m,non-stop,economy,6.0,3784.87,515
9193,Vistara,Bangalore,HYDERABAD,06-Dec-2025,8:15,2h 3m,Non Stop,BUSINESS,46.0,10286.62,500
9194,IndiGo,Delhi,cochin,07/23/2025,5:45,3h 39m,,Business,28.0,43960.01,2100
9195,AirAsia,Bangalore,Kolkata,12/29/2025,16:45,3h 35m,2 stops,Economy,56.0,9096.39,1560
9196,Go Air,Delhi,Hyderabad,15/12/2025,15:15,1h 31m,Non Stop,BUSINESS,44.0,22347.22,1260
9197,Go Air,Banglore,Mumbai,17-Feb-2025,14:15,1h 26m,,Business,16.0,18708.94,840
9198,Spice Jet,delhi,cochin,2025-06-14,22:15,6h 40m,1 Stop,Business,25.0,44430.05,2100
9199,Go Air,Mumbai,HYDERABAD,02/17/2025,9:45,4h 55m,2 stops,BUSINESS,15.0,12805.3,620
9200,Go Air,Hyderabad,Cochin,2025-09-01,7:45,3h 9m,Non Stop,Business,55.0,12396.66,700
9201,AirAsia,Hyderabad,Cochin,23-Oct-2025,22:00,3h 4m,1 stop,,36.0,12589.54,700
9202,GoAir,Bangalore,HYDERABAD,12/22/2025,12:00,2h 58m,2 stops,economy,55.0,3613.61,500
9203,IndiGo,Mumbai,HYDERABAD,2025-04-29,11:30,1h 37m,non-stop,Economy,10.0,4990.41,620
9204,Vistara,MUMBAI,HYDERABAD,27-Aug-2025,15:45,2h 15m,1 Stop,Eco,58.0,5046.27,620
9205,IndiGo,Chenai,cochin,02/03/2025,8:30,4h 22m,2+ stops,BUSINESS,15.0,14087.94,500
9206,Air India,Banglore,Chennai,19-Apr-2025,5:45,5h 14m,2 stops,Business,4.0,8488.64,290
9207,SpiceJet,delhi,Kolkata,14-Mar-2025,0:00,1h 57m,,Economy,45.0,8645.45,1300
9208,Go Air,delhi,Kolkata,2025-03-21,11:45,1h 51m,1 stop,economy,33.0,8985.25,1300
9209,Spice Jet,Bangalore,Cochin,16/12/2025,0:15,2h 58m,1 Stop,Eco,31.0,2836.52,360
9210,SpiceJet,Banglore,cochin,05/11/2025,13:00,3h 6m,1 Stop,Economy,54.0,2550.39,360
9211,IndiGo,Hyderabad,HYDERABAD,2025-06-26,8:00,3h 59m,2+ stops,Biz,40.0,24734.55,1030
9212,Spice Jet,Delhi,Kolkata,30-Sep-2025,0:15,2h 45m,1 stop,BUSINESS,3.0,29402.12,1300
9213,IndiGo,Chennai,Hyderabad,29/07/2025,1:00,1h 34m,1 stop,Business,36.0,10642.93,515
9214,Spice Jet,MUMBAI,Chennai,20/08/2025,11:15,4h 41m,,Economy,12.0,7840.45,1030
9215,Spice Jet,Hyderabad,HYDERABAD,2025-09-29,23:15,3h 34m,,Biz,21.0,22728.55,1030
9216,Air India,MUMBAI,HYDERABAD,26/04/2025,18:45,2h 1m,2+ stops,Biz,45.0,15499.57,620
9217,indigo,delhi,Delhi,14-May-2025,19:30,0h 37m,1 stop,BUSINESS,,19564.24,1030
9218,IndiGo,Delhi,Bangalore,06/06/2025,16:45,3h 30m,non-stop,BUSINESS,45.0,33804.91,1740
9219,Spice Jet,Delhi,Chennai,20/08/2025,19:15,2h 46m,2 stops,Eco,42.0,11926.69,1760
9220,indigo,Bangalore,Mumbai,2025-07-11,22:15,0h 46m,1 stop,Business,32.0,18636.79,840
9221,AirAsia,Bangalore,Chennai,2025-06-05,3:45,3h 50m,non-stop,Eco,49.0,2374.51,290
9222,Air India,Mumbai,Delhi,02/07/2025,20:45,2h 46m,,Business,10.0,29555.73,1150
9223,IndiGo,Kolkata,Chennai,12-Oct-2025,16:45,2h 12m,1 stop,Business,25.0,26811.53,1360
9224,IndiGo,Hyderabad,Bangalore,24/08/2025,3:15,3h 11m,2 stops,Biz,31.0,10695.44,500
9225,Spice Jet,Banglore,HYDERABAD,2025-12-29,15:00,5h 20m,1 stop,Biz,11.0,11737.06,500
9226,Air India,Banglore,Hyderabad,19-Feb-2025,12:15,0h 55m,1 Stop,Business,34.0,10904.34,500
9227,indigo,Mumbai,cochin,31/07/2025,7:00,1h 28m,non-stop,Biz,,15701.4,860
9228,indigo,Chenai,Bangalore,23-Nov-2025,15:15,8h 4m,2+ stops,Business,54.0,7255.52,290
9229,Air India,Banglore,Bangalore,08/01/2025,18:30,3h 19m,1 Stop,,34.0,7825.13,1030
9230,GoAir,Hyderabad,Cochin,06-Sep-2025,22:45,2h 0m,1 Stop,BUSINESS,43.0,14754.08,700
9231,indigo,MUMBAI,Bangalore,11/03/2025,9:30,3h 4m,Non Stop,Eco,,6150.49,840
9232,IndiGo,MUMBAI,Bangalore,23-Sep-2025,8:45,6h 12m,Non Stop,Biz,59.0,16150.68,840
9233,SpiceJet,MUMBAI,Chennai,10/25/2025,7:45,3h 27m,,Economy,14.0,7398.23,1030
9234,SpiceJet,Hyderabad,HYDERABAD,23-Dec-2025,8:15,4h 20m,non-stop,Eco,44.0,7466.93,1030
9235,SpiceJet,Kolkata,Cochin,04/18/2025,0:45,7h 10m,Non Stop,Eco,32.0,12930.54,1900
9236,AirAsia,Chenai,Cochin,28/03/2025,6:30,3h 15m,Non Stop,Biz,6.0,9733.63,500
9237,AirAsia,Hyderabad,Delhi,2025-12-28,10:45,0h 46m,1 stop,BUSINESS,55.0,20945.14,1260
9238,GoAir,delhi,Bangalore,12/30/2025,20:45,3h 28m,,Biz,19.0,34614.49,1740
9239,Go Air,Delhi,Hyderabad,31-Aug-2025,9:15,1h 10m,Non Stop,Economy,45.0,7272.51,1260
9240,Go Air,Kolkata,Chennai,19/04/2025,18:45,4h 25m,1 Stop,Economy,52.0,9334.35,1360
9241,AirAsia,Delhi,Kolkata,25/07/2025,12:15,1h 18m,2 stops,Biz,10.0,23882.57,1300
9242,IndiGo,Delhi,Mumbai,07-Sep-2025,16:30,1h 46m,1 stop,economy,18.0,8479.94,1150
9243,Go Air,Banglore,HYDERABAD,02/06/2025,6:00,1h 7m,1 stop,economy,4.0,3917.72,500
9244,Vistara,Mumbai,Delhi,24/01/2025,3:00,2h 39m,1 stop,BUSINESS,35.0,27101.45,1150
9245,AirAsia,Chennai,Cochin,2025-07-07,6:30,2h 45m,,Economy,51.0,3271.55,500
9246,GoAir,Chennai,Mumbai,2025-10-27,11:15,4h 19m,2+ stops,Economy,38.0,7917.54,1030
9247,Spice Jet,Banglore,Bangalore,11/13/2025,8:00,1h 36m,1 Stop,BUSINESS,23.0,19756.81,1030
9248,IndiGo,Chenai,Hyderabad,03/07/2025,23:15,1h 51m,Non Stop,economy,58.0,3543.77,515
9249,indigo,Chenai,Chennai,2025-10-06,5:00,3h 34m,,Biz,60.0,20749.79,1030
9250,AirAsia,Hyderabad,cochin,2025-03-01,3:30,1h 48m,2+ stops,Biz,17.0,15382.44,700
9251,GoAir,Bangalore,Chennai,04/10/2025,19:30,2h 39m,1 Stop,BUSINESS,57.0,5402.66,290
9252,SpiceJet,Chenai,Kolkata,2025-02-13,3:45,4h 10m,1 Stop,Eco,39.0,9925.0,1360
9253,indigo,Bangalore,Chennai,03/01/2025,21:45,4h 43m,2 stops,Eco,42.0,2711.05,290
9254,GoAir,Delhi,cochin,14/08/2025,21:00,,non-stop,Biz,40.0,39684.1,2100
9255,Vistara,MUMBAI,cochin,2025-09-28,2:30,1h 10m,non-stop,Economy,35.0,7195.85,860
9256,SpiceJet,MUMBAI,Kolkata,07/25/2025,5:00,2h 40m,Non Stop,Biz,52.0,31377.35,1650
9257,AIR INDIA,delhi,Hyderabad,2025-11-05,15:45,0h 58m,2 stops,Business,31.0,31356.91,1260
9258,Spice Jet,Mumbai,Chennai,17/09/2025,16:30,3h 19m,1 Stop,Biz,44.0,20090.66,1030
9259,Go Air,MUMBAI,Delhi,04/13/2025,15:45,2h 43m,,Business,40.0,22882.82,1150
9260,GoAir,Mumbai,Chennai,2025-05-03,8:00,2h 23m,non-stop,economy,28.0,6874.13,1030
9261,Air India,Banglore,HYDERABAD,2025-04-08,9:00,1h 25m,,Economy,42.0,3681.6,500
9262,indigo,Hyderabad,Chennai,11/02/2025,4:30,1h 10m,non-stop,BUSINESS,26.0,10786.48,515
9263,Air India,Mumbai,Kolkata,07/05/2025,23:00,1h 40m,Non Stop,Business,22.0,36712.31,1650
9264,AIR INDIA,Kolkata,Delhi,2025-06-09,18:00,1h 8m,2+ stops,Economy,6.0,11887.93,1300
9265,IndiGo,delhi,HYDERABAD,27/03/2025,15:45,1h 4m,Non Stop,Biz,,24898.01,1260
9266,GoAir,MUMBAI,cochin,03-Apr-2025,0:30,2h 32m,2 stops,Business,12.0,17610.16,860
9267,Go Air,delhi,Mumbai,06/06/2025,21:15,1h 30m,1 stop,Biz,33.0,23028.0,1150
9268,AirAsia,Chenai,Bangalore,2025-01-13,5:00,3h 35m,Non Stop,economy,41.0,2073.87,290
9269,IndiGo,Hyderabad,Cochin,04-Dec-2025,15:30,2h 28m,1 Stop,Eco,49.0,5469.55,700
9270,Go Air,Banglore,Hyderabad,30-Dec-2025,5:30,0h 58m,1 stop,Business,58.0,9032.45,500
9271,Air India,MUMBAI,Chennai,2025-02-17,1:30,4h 1m,Non Stop,Eco,,8026.63,1030
9272,IndiGo,Chenai,Cochin,2025-04-09,12:45,2h 14m,non-stop,Eco,18.0,3981.61,500
9273,Vistara,Delhi,Bangalore,15-Mar-2025,7:30,3h 32m,2+ stops,Eco,22.0,15920.7,1740
9274,Go Air,Chenai,Cochin,12/14/2025,12:00,5h 33m,2+ stops,Economy,56.0,3641.38,500
9275,IndiGo,MUMBAI,Hyderabad,2025-07-20,21:30,3h 27m,1 Stop,Business,50.0,13218.88,620
9276,Spice Jet,Chennai,Bangalore,18-Feb-2025,12:15,2h 12m,,Eco,4.0,,290
9277,SpiceJet,Chennai,Hyderabad,10/20/2025,6:45,1h 8m,non-stop,Eco,3.0,3667.64,515
9278,Air India,Hyderabad,Chennai,2025-04-28,6:30,0h 49m,1 stop,economy,28.0,3981.63,515
9279,SpiceJet,Hyderabad,HYDERABAD,07/02/2025,17:30,3h 45m,1 stop,Economy,52.0,6755.27,1030
9280,IndiGo,Kolkata,Hyderabad,16/05/2025,16:15,5h 41m,non-stop,BUSINESS,15.0,23141.05,1190
9281,Air India,Mumbai,Delhi,05/28/2025,7:15,6h 35m,Non Stop,Economy,55.0,9300.88,1150
9282,Go Air,MUMBAI,Mumbai,2025-02-01,3:45,1h 13m,,BUSINESS,3.0,23397.74,1030
9283,Go Air,Kolkata,Bangalore,2025-02-07,16:45,2h 49m,1 stop,Biz,44.0,29915.83,1560
9284,GoAir,Chenai,HYDERABAD,31-Jul-2025,15:45,2h 35m,,Eco,57.0,3488.65,515
9285,Go Air,MUMBAI,Bangalore,2025-01-17,15:30,5h 31m,1 Stop,economy,56.0,5659.17,840
9286,Air India,Bangalore,Hyderabad,05/22/2025,9:45,2h 27m,,economy,5.0,4640.34,500
9287,indigo,Delhi,Cochin,2025-06-22,5:30,1h 57m,1 Stop,Eco,49.0,15532.41,2100
9288,Go Air,Bangalore,HYDERABAD,26/03/2025,2:45,5h 22m,1 stop,Biz,18.0,10242.28,500
9289,GoAir,Chenai,Chennai,31-Dec-2025,14:00,2h 31m,1 stop,Biz,29.0,18839.68,1030
9290,SpiceJet,delhi,Delhi,2025-07-01,17:15,1h 13m,2 stops,BUSINESS,6.0,24798.35,1030
9291,SpiceJet,delhi,Bangalore,12-Sep-2025,14:15,2h 13m,2+ stops,Biz,22.0,34008.94,1740
9292,AIR INDIA,Mumbai,Bangalore,2025-11-09,7:00,1h 10m,,BUSINESS,,17830.29,840
9293,GoAir,Hyderabad,cochin,08-Feb-2025,0:00,1h 10m,Non Stop,Biz,28.0,13025.6,700
9294,IndiGo,Kolkata,Cochin,05/03/2025,19:30,1h 37m,Non Stop,Eco,32.0,11580.38,1900
9295,,Delhi,Bangalore,20/08/2025,14:00,3h 48m,1 Stop,economy,28.0,13411.6,1740
9296,Go Air,Kolkata,Bangalore,2025-07-13,1:00,3h 51m,2 stops,Biz,7.0,35338.65,1560
9297,SpiceJet,Bangalore,Kolkata,12/01/2025,1:15,0h 39m,2+ stops,Business,37.0,31570.7,1560
9298,Go Air,Mumbai,HYDERABAD,2025-05-17,22:30,2h 59m,non-stop,Eco,47.0,4454.11,620
9299,Go Air,Mumbai,Cochin,05-Aug-2025,22:00,,1 Stop,Economy,4.0,6904.33,860
9300,Air India,Chennai,HYDERABAD,09-Mar-2025,1:30,3h 43m,Non Stop,BUSINESS,6.0,12158.36,515
9301,Go Air,delhi,Mumbai,2025-02-14,5:15,3h 22m,1 Stop,Business,60.0,20134.23,1150
9302,Go Air,Banglore,Delhi,11/21/2025,16:00,2h 36m,2 stops,BUSINESS,19.0,41064.39,1740
9303,indigo,delhi,Delhi,11/13/2025,7:00,2h 15m,Non Stop,BUSINESS,25.0,21869.75,1030
9304,Go Air,Bangalore,Kolkata,2025-05-18,2:15,5h 20m,Non Stop,economy,32.0,10346.21,1560
9305,IndiGo,MUMBAI,cochin,14-Nov-2025,19:00,2h 16m,,Eco,,6874.92,860
9306,indigo,Delhi,HYDERABAD,2025-07-16,15:15,3h 51m,Non Stop,Economy,14.0,9390.37,1260
9307,Vistara,Chenai,Cochin,26-Jan-2025,7:15,2h 18m,,Business,37.0,11384.73,500
9308,Spice Jet,Delhi,Mumbai,13-Oct-2025,13:00,2h 7m,2 stops,economy,19.0,8528.6,1150
9309,Spice Jet,Chenai,Delhi,05/12/2025,7:00,1h 33m,1 stop,Biz,56.0,34249.94,1760
9310,Air India,MUMBAI,Mumbai,09/29/2025,7:15,3h 59m,2+ stops,economy,40.0,7626.6,1030
9311,GoAir,delhi,Kolkata,04/20/2025,21:15,1h 44m,non-stop,BUSINESS,48.0,22577.88,1300
9312,IndiGo,Banglore,Hyderabad,05/11/2025,18:00,3h 16m,1 Stop,Eco,4.0,4580.13,500
9313,AirAsia,Chenai,Bangalore,27/12/2025,1:15,4h 2m,,Economy,19.0,2398.27,290
9314,AIR INDIA,Mumbai,Delhi,27-Mar-2025,15:45,1h 58m,1 Stop,Economy,5.0,10406.14,1150
9315,Spice Jet,Bangalore,HYDERABAD,13/03/2025,21:15,1h 30m,Non Stop,BUSINESS,9.0,11138.13,500
9316,Spice Jet,delhi,cochin,20/02/2025,12:45,5h 10m,2+ stops,BUSINESS,48.0,42794.71,2100
9317,IndiGo,delhi,Cochin,08/01/2025,4:30,7h 4m,,Eco,53.0,13863.39,2100
9318,Vistara,Chenai,Delhi,2025-08-24,23:30,2h 31m,non-stop,BUSINESS,14.0,40173.26,1760
9319,Air India,Delhi,Cochin,16-Nov-2025,11:45,,2+ stops,Economy,43.0,19671.55,2100
9320,GoAir,delhi,Kolkata,28/01/2025,13:00,3h 17m,Non Stop,Eco,37.0,9259.64,1300
9321,AIR INDIA,Kolkata,HYDERABAD,2025-04-11,0:45,1h 19m,non-stop,economy,17.0,9166.39,1190
9322,Go Air,Banglore,Hyderabad,09/03/2025,2:00,1h 4m,1 stop,Eco,8.0,3603.41,500
9323,IndiGo,Delhi,HYDERABAD,10-Jul-2025,8:00,4h 54m,2 stops,Biz,,27854.85,1260
9324,Go Air,Chennai,HYDERABAD,12/16/2025,8:45,1h 36m,non-stop,Business,12.0,10430.43,515
9325,Spice Jet,Mumbai,Kolkata,12/03/2025,14:30,1h 11m,1 stop,Biz,42.0,29110.12,1650
9326,IndiGo,Delhi,Mumbai,2025-09-02,0:00,6h 10m,2 stops,Eco,55.0,8502.96,1150
9327,Go Air,Delhi,Mumbai,04/23/2025,1:15,1h 37m,2+ stops,Business,2.0,28139.33,1150
9328,AIR INDIA,Bangalore,Delhi,07/03/2025,11:00,1h 42m,1 Stop,Biz,3.0,37303.91,1740
9329,IndiGo,Mumbai,Kolkata,2025-11-10,14:00,3h 1m,non-stop,Business,51.0,32586.67,1650
9330,Spice Jet,MUMBAI,Cochin,12/22/2025,2:30,4h 34m,1 stop,Eco,16.0,7018.06,860
9331,SpiceJet,Bangalore,cochin,07/13/2025,10:30,1h 58m,,Eco,47.0,2588.38,360
9332,SpiceJet,Hyderabad,Cochin,02/02/2025,20:00,4h 45m,Non Stop,Business,18.0,15620.55,700
9333,,Kolkata,Delhi,01/08/2025,12:45,2h 29m,2+ stops,BUSINESS,47.0,26928.23,1300
9334,Air India,Banglore,HYDERABAD,2025-02-19,15:00,6h 2m,non-stop,Economy,8.0,4682.67,500
9335,GoAir,Mumbai,cochin,2025-04-21,22:15,0h 49m,Non Stop,Economy,48.0,5220.66,860
9336,Go Air,Delhi,Kolkata,06/05/2025,3:30,,2 stops,Business,33.0,25736.25,1300
9337,Air India,Kolkata,Mumbai,2025-07-20,15:30,0h 45m,Non Stop,,2.0,12415.86,1650
9338,Vistara,Kolkata,cochin,16-Jan-2025,21:30,1h 43m,,Economy,45.0,14973.33,1900
9339,SpiceJet,delhi,HYDERABAD,11/09/2025,11:45,1h 5m,,economy,34.0,8892.53,1260
9340,Spice Jet,Chenai,Hyderabad,10/08/2025,9:15,5h 27m,2 stops,Eco,53.0,4015.31,515
9341,indigo,Chennai,Kolkata,27/04/2025,22:00,2h 49m,2+ stops,Business,44.0,27226.46,1360
9342,indigo,Banglore,Bangalore,25/11/2025,11:45,1h 30m,,economy,42.0,7389.88,1030
9343,indigo,MUMBAI,Cochin,03/15/2025,23:30,8h 30m,,Economy,1.0,7572.12,860
9344,GoAir,MUMBAI,cochin,2025-11-29,15:45,3h 7m,1 Stop,Biz,51.0,15796.33,860
9345,IndiGo,Banglore,Cochin,20-Dec-2025,7:15,2h 22m,1 Stop,Eco,60.0,3051.09,360
9346,Spice Jet,Kolkata,Hyderabad,2025-08-20,13:30,1h 48m,,BUSINESS,30.0,21398.19,1190
9347,AirAsia,Banglore,Kolkata,07/05/2025,6:15,1h 30m,2 stops,economy,17.0,9341.66,1560
9348,AirAsia,delhi,Cochin,03/04/2025,13:30,2h 37m,1 Stop,BUSINESS,59.0,34580.65,2100
9349,Vistara,Bangalore,cochin,2025-12-31,10:15,3h 13m,2+ stops,Economy,5.0,3922.2,360
9350,AIR INDIA,Delhi,Chennai,17/10/2025,13:00,5h 51m,,Eco,8.0,13653.75,1760
9351,Go Air,Mumbai,Delhi,11/11/2025,7:15,3h 43m,1 stop,Business,25.0,21493.43,1150
9352,Air India,Delhi,cochin,2025-11-04,1:45,3h 37m,Non Stop,economy,3.0,17477.42,2100
9353,Vistara,Hyderabad,Delhi,02/14/2025,15:45,2h 16m,1 stop,Biz,17.0,31291.41,1260
9354,Spice Jet,Delhi,Hyderabad,13/09/2025,19:00,1h 55m,Non Stop,Business,,24472.55,1260
9355,AIR INDIA,Kolkata,Mumbai,09/01/2025,4:30,,1 Stop,economy,54.0,12580.56,1650
9356,SpiceJet,Chennai,cochin,05/04/2025,22:00,1h 13m,Non Stop,BUSINESS,,9454.97,500
9357,indigo,Hyderabad,Chennai,2025-07-19,20:45,3h 14m,,,15.0,11296.57,515
9358,,Chennai,HYDERABAD,02/12/2025,12:30,3h 31m,,economy,50.0,4106.18,515
9359,AIR INDIA,Delhi,HYDERABAD,22/08/2025,13:30,0h 59m,non-stop,Economy,34.0,8424.21,1260
9360,IndiGo,Kolkata,HYDERABAD,18-Nov-2025,17:30,2h 57m,1 stop,Biz,56.0,20209.93,1190
9361,GoAir,MUMBAI,Delhi,2025-08-07,13:00,4h 37m,Non Stop,economy,44.0,7221.27,1150
9362,AIR INDIA,Banglore,cochin,10/23/2025,1:30,1h 19m,non-stop,economy,49.0,2958.27,360
9363,Go Air,Mumbai,Hyderabad,2025-05-24,16:30,3h 13m,,Biz,31.0,12541.84,620
9364,Go Air,Mumbai,Cochin,10/09/2025,20:30,1h 31m,2+ stops,Economy,22.0,6810.74,860
9365,AirAsia,delhi,Delhi,03/10/2025,12:45,3h 23m,1 Stop,Economy,15.0,6306.94,1030
9366,indigo,delhi,Delhi,2025-09-23,13:15,5h 37m,,economy,28.0,8005.81,1030
9367,SpiceJet,Chenai,Mumbai,25/11/2025,21:15,3h 9m,1 stop,Economy,46.0,7222.53,1030
9368,SpiceJet,Banglore,Kolkata,14-Mar-2025,16:45,2h 49m,2 stops,Business,43.0,28567.24,1560
9369,SpiceJet,Chennai,Delhi,23/04/2025,0:00,4h 55m,non-stop,Economy,14.0,12759.95,1760
9370,AirAsia,Mumbai,Bangalore,15-Nov-2025,11:15,1h 6m,1 stop,Business,58.0,,840
9371,IndiGo,Delhi,HYDERABAD,10/25/2025,7:00,1h 52m,1 stop,economy,28.0,10777.09,1260
9372,IndiGo,MUMBAI,Kolkata,10/07/2025,10:30,3h 6m,,BUSINESS,18.0,30862.14,1650
9373,SpiceJet,delhi,Hyderabad,07/08/2025,17:45,2h 6m,,Eco,11.0,9816.1,1260
9374,Go Air,Chenai,Chennai,2025-04-28,3:15,4h 7m,non-stop,Biz,56.0,17665.21,1030
9375,indigo,MUMBAI,Hyderabad,2025-12-13,3:30,0h 51m,non-stop,Business,45.0,10846.67,620
9376,AIR INDIA,delhi,Cochin,04/16/2025,12:00,2h 2m,,Eco,57.0,14336.75,2100
9377,IndiGo,Delhi,Chennai,29-Jan-2025,23:00,3h 58m,Non Stop,Business,8.0,37872.79,1760
9378,AirAsia,delhi,Chennai,2025-03-13,8:00,3h 45m,1 stop,Eco,36.0,11958.53,1760
9379,Vistara,Mumbai,Chennai,25-Dec-2025,20:30,2h 5m,2 stops,Economy,34.0,9481.93,1030
9380,SpiceJet,Bangalore,cochin,09-Aug-2025,11:45,8h 36m,2 stops,Business,40.0,8856.31,360
9381,SpiceJet,Chenai,Kolkata,04-Aug-2025,1:15,3h 13m,non-stop,Eco,7.0,,1360
9382,IndiGo,Kolkata,cochin,07/09/2025,1:00,0h 42m,,BUSINESS,54.0,39208.7,1900
9383,IndiGo,Hyderabad,HYDERABAD,05/10/2025,10:00,2h 41m,1 Stop,economy,8.0,8167.92,1030
9384,AIR INDIA,Chennai,Hyderabad,07/08/2025,9:30,2h 8m,Non Stop,BUSINESS,29.0,10960.11,515
9385,SpiceJet,Banglore,cochin,25/08/2025,6:00,2h 28m,2+ stops,Business,10.0,8422.16,360
9386,AIR INDIA,MUMBAI,cochin,14/06/2025,21:00,2h 25m,1 Stop,BUSINESS,2.0,20107.16,860
9387,SpiceJet,Bangalore,HYDERABAD,02/21/2025,1:30,1h 36m,1 Stop,BUSINESS,,10178.98,500
9388,GoAir,MUMBAI,Kolkata,2025-09-19,0:00,4h 58m,1 Stop,BUSINESS,49.0,29200.06,1650
9389,Go Air,Bangalore,Chennai,10/15/2025,15:30,2h 25m,2+ stops,economy,27.0,2354.7,290
9390,,Kolkata,Delhi,17/01/2025,12:00,5h 19m,1 stop,Eco,23.0,10089.71,1300
9391,SpiceJet,Kolkata,cochin,2025-07-06,0:15,4h 3m,1 Stop,economy,59.0,12441.58,1900
9392,IndiGo,Hyderabad,Bangalore,07/11/2025,0:15,2h 32m,2 stops,Economy,32.0,4000.64,500
9393,AirAsia,delhi,Delhi,10/03/2025,13:30,2h 1m,2+ stops,Business,51.0,21538.33,1030
9394,indigo,Mumbai,Kolkata,2025-08-05,18:00,4h 15m,non-stop,BUSINESS,10.0,34267.05,1650
9395,IndiGo,Delhi,cochin,01/06/2025,6:15,3h 55m,2+ stops,Business,16.0,48298.55,2100
9396,Spice Jet,Chennai,Hyderabad,27-May-2025,8:15,1h 16m,2 stops,Business,30.0,11280.5,515
9397,AIR INDIA,Banglore,Cochin,2025-12-05,5:45,1h 22m,1 stop,economy,24.0,3072.94,360
9398,indigo,delhi,Delhi,22/09/2025,17:30,2h 18m,1 stop,Eco,58.0,7012.85,1030
9399,Go Air,Bangalore,cochin,2025-08-05,14:45,4h 54m,1 stop,Eco,57.0,2404.23,360
9400,Spice Jet,Kolkata,Bangalore,17-Jul-2025,9:30,3h 7m,Non Stop,Business,28.0,29820.76,1560
9401,Vistara,MUMBAI,Chennai,06-May-2025,4:00,1h 21m,2+ stops,BUSINESS,27.0,23413.38,1030
9402,IndiGo,Mumbai,HYDERABAD,02/06/2025,17:30,4h 19m,,Business,4.0,13237.09,620
9403,SpiceJet,MUMBAI,Chennai,08/04/2025,23:00,2h 8m,2+ stops,Economy,13.0,7422.2,1030
9404,AIR INDIA,MUMBAI,cochin,2025-08-16,8:15,6h 0m,Non Stop,economy,,6456.98,860
9405,SpiceJet,Banglore,Delhi,2025-10-15,4:30,1h 50m,1 stop,Economy,35.0,11198.79,1740
9406,indigo,Banglore,Hyderabad,2025-03-11,22:15,2h 32m,,Economy,58.0,3548.61,500
9407,AIR INDIA,delhi,cochin,12/22/2025,9:45,,1 stop,economy,49.0,16031.35,2100
9408,Go Air,MUMBAI,Cochin,23-Dec-2025,20:45,1h 1m,2 stops,,15.0,6385.92,860
9409,AirAsia,Delhi,HYDERABAD,27/12/2025,9:45,1h 4m,1 stop,economy,60.0,6626.51,1260
9410,AirAsia,Banglore,cochin,02/11/2025,1:15,2h 31m,non-stop,Biz,4.0,7348.32,360
9411,AirAsia,Banglore,Bangalore,2025-03-31,7:15,0h 40m,Non Stop,Business,10.0,19895.19,1030
9412,AirAsia,Chenai,Bangalore,22-Dec-2025,1:00,3h 58m,non-stop,BUSINESS,54.0,5306.35,290
9413,Go Air,Kolkata,cochin,24/01/2025,5:15,1h 30m,,BUSINESS,22.0,37298.06,1900
9414,Vistara,Chenai,Bangalore,2025-07-13,4:15,2h 27m,,Eco,16.0,2831.28,290
9415,AIR INDIA,Banglore,Mumbai,2025-11-08,9:00,4h 11m,2 stops,Eco,40.0,7257.41,840
9416,SpiceJet,Delhi,cochin,2025-05-14,22:45,2h 51m,Non Stop,BUSINESS,8.0,38069.3,2100
9417,Air India,Chenai,Delhi,06-Jan-2025,20:15,6h 39m,2 stops,BUSINESS,38.0,40031.53,1760
9418,Go Air,Banglore,HYDERABAD,21/03/2025,9:30,1h 17m,Non Stop,Biz,38.0,10154.11,500
9419,GoAir,Hyderabad,Cochin,2025-11-04,23:15,3h 46m,1 stop,Economy,33.0,5452.01,700
9420,Air India,Chennai,Bangalore,24-Jun-2025,7:30,2h 15m,1 Stop,Economy,59.0,2570.52,290
9421,SpiceJet,delhi,Delhi,06-May-2025,1:45,1h 34m,1 stop,Economy,5.0,7805.57,1030
9422,Vistara,Mumbai,Bangalore,06/26/2025,3:00,5h 38m,Non Stop,Economy,58.0,7100.42,840
9423,Air India,Delhi,Bangalore,29/11/2025,2:45,1h 13m,2+ stops,Economy,54.0,14953.89,1740
9424,Go Air,Mumbai,Cochin,2025-04-22,7:00,2h 31m,,BUSINESS,,16767.35,860
9425,SpiceJet,Chenai,Delhi,2025-05-12,12:00,1h 13m,Non Stop,Business,5.0,33383.16,1760
9426,AirAsia,Hyderabad,Delhi,03/09/2025,20:45,8h 25m,2 stops,economy,28.0,9010.79,1260
9427,GoAir,Delhi,HYDERABAD,21-Feb-2025,9:30,3h 7m,1 stop,Eco,19.0,10440.85,1260
9428,indigo,Chennai,cochin,19/05/2025,20:30,11h 4m,non-stop,Biz,12.0,10476.48,500
9429,IndiGo,Bangalore,Delhi,2025-07-07,15:30,1h 57m,1 stop,BUSINESS,30.0,35104.18,1740
9430,Air India,Mumbai,HYDERABAD,21/08/2025,23:45,3h 16m,1 stop,Biz,25.0,13257.39,620
9431,indigo,Banglore,Bangalore,14-Sep-2025,2:45,1h 31m,,Economy,48.0,7153.75,1030
9432,AIR INDIA,Mumbai,Bangalore,07/09/2025,3:45,1h 51m,non-stop,Economy,4.0,6307.13,840
9433,AIR INDIA,Bangalore,Kolkata,22-Dec-2025,13:00,2h 38m,1 Stop,BUSINESS,24.0,35391.78,1560
9434,Spice Jet,MUMBAI,Bangalore,07/14/2025,4:45,1h 22m,non-stop,Biz,14.0,14783.74,840
9435,indigo,Chenai,HYDERABAD,09/01/2025,17:00,5h 24m,2+ stops,,34.0,4708.46,515
9436,AirAsia,Bangalore,Mumbai,10/03/2025,10:15,3h 10m,Non Stop,BUSINESS,42.0,15994.21,840
9437,SpiceJet,Chennai,Hyderabad,11/09/2025,16:30,2h 38m,,BUSINESS,8.0,10892.09,515
9438,indigo,Delhi,Hyderabad,2025-10-19,19:30,3h 53m,2+ stops,,5.0,10533.3,1260
9439,Vistara,delhi,HYDERABAD,07/06/2025,9:15,1h 16m,2+ stops,BUSINESS,19.0,32443.27,1260
9440,AIR INDIA,Mumbai,Kolkata,28-Jan-2025,21:45,1h 33m,Non Stop,Biz,23.0,36440.74,1650
9441,GoAir,Delhi,HYDERABAD,2025-10-28,4:45,1h 57m,non-stop,,26.0,8178.17,1260
9442,indigo,Bangalore,Mumbai,29-Oct-2025,18:15,1h 7m,1 Stop,BUSINESS,6.0,19597.46,840
9443,AIR INDIA,Chennai,HYDERABAD,10/22/2025,15:15,1h 38m,,Business,54.0,11889.99,515
9444,Spice Jet,Delhi,Chennai,04/22/2025,7:30,1h 32m,Non Stop,,51.0,10191.03,1760
9445,Vistara,Banglore,Chennai,19/06/2025,4:45,0h 58m,Non Stop,Business,45.0,6349.91,290
9446,GoAir,Hyderabad,cochin,17/05/2025,21:30,2h 20m,,Biz,60.0,13417.4,700
9447,Air India,Delhi,cochin,21-Jan-2025,21:15,3h 44m,non-stop,economy,2.0,15170.56,2100
9448,,Mumbai,Delhi,03-Mar-2025,12:15,4h 39m,1 stop,Economy,7.0,7978.99,1150
9449,AirAsia,Hyderabad,Kolkata,18-Mar-2025,10:45,,Non Stop,Business,30.0,21862.54,1190
9450,IndiGo,Kolkata,Hyderabad,11-Dec-2025,7:30,0h 57m,Non Stop,economy,25.0,8494.35,1190
9451,GoAir,Hyderabad,cochin,07-Nov-2025,4:45,1h 10m,,Business,24.0,13341.9,700
9452,Spice Jet,Chenai,Bangalore,12/26/2025,11:30,1h 21m,1 stop,Biz,22.0,,290
9453,Vistara,Delhi,Bangalore,03/06/2025,21:30,1h 4m,2+ stops,economy,11.0,14880.55,1740
9454,AIR INDIA,Banglore,HYDERABAD,06/02/2025,18:15,4h 15m,,Biz,55.0,10395.37,500
9455,indigo,MUMBAI,Delhi,28/07/2025,20:15,1h 16m,1 stop,economy,33.0,8522.5,1150
9456,GoAir,Delhi,Chennai,01/14/2025,13:15,2h 23m,1 Stop,economy,46.0,10389.77,1760
9457,Air India,Kolkata,HYDERABAD,2025-12-08,3:15,7h 16m,Non Stop,Economy,28.0,9229.56,1190
9458,AirAsia,Kolkata,Bangalore,28/08/2025,21:00,0h 41m,1 Stop,Business,41.0,26715.05,1560
9459,Go Air,MUMBAI,Hyderabad,03-Jan-2025,1:15,3h 55m,Non Stop,Eco,8.0,4221.43,620
9460,SpiceJet,delhi,Cochin,10-Nov-2025,23:15,2h 13m,2 stops,BUSINESS,59.0,41806.78,2100
9461,Air India,Hyderabad,HYDERABAD,30-Nov-2025,14:45,2h 52m,Non Stop,BUSINESS,33.0,21484.9,1030
9462,indigo,Chennai,Mumbai,2025-09-08,14:30,4h 9m,Non Stop,Business,10.0,22216.38,1030
9463,Go Air,Chenai,Hyderabad,02/16/2025,11:15,1h 38m,Non Stop,BUSINESS,41.0,8670.41,515
9464,AIR INDIA,Delhi,Kolkata,01/03/2025,16:30,1h 18m,1 stop,BUSINESS,21.0,28559.04,1300
9465,Air India,MUMBAI,Hyderabad,27-Nov-2025,18:00,1h 36m,1 Stop,Economy,59.0,4838.46,620
9466,indigo,Kolkata,Chennai,09/20/2025,6:00,2h 35m,non-stop,Business,6.0,33446.12,1360
9467,AirAsia,Delhi,Cochin,27-Mar-2025,15:15,3h 57m,,Economy,34.0,,2100
9468,Air India,Delhi,cochin,21-Jan-2025,21:15,3h 44m,non-stop,economy,2.0,16385.17,2100
9469,GoAir,Delhi,Mumbai,03/07/2025,0:45,5h 18m,2+ stops,Business,12.0,26383.66,1150
9470,Go Air,Chenai,Cochin,2025-03-28,8:30,3h 53m,,Business,52.0,9225.45,500
9471,Go Air,Bangalore,Chennai,2025-12-22,23:30,,1 Stop,BUSINESS,,6219.13,290
9472,indigo,MUMBAI,cochin,19/01/2025,5:30,,2 stops,BUSINESS,11.0,18816.12,860
9473,indigo,Hyderabad,Kolkata,27/04/2025,23:00,3h 39m,2+ stops,Economy,6.0,10111.21,1190
9474,GoAir,Banglore,Hyderabad,09/12/2025,9:45,12h 9m,1 Stop,economy,29.0,4411.05,500
9475,Spice Jet,delhi,Hyderabad,16/09/2025,3:00,4h 32m,Non Stop,Biz,,25934.81,1260
9476,indigo,delhi,Chennai,21/06/2025,14:15,4h 26m,,BUSINESS,36.0,34694.19,1760
9477,GoAir,Banglore,Delhi,2025-06-13,15:45,2h 10m,2 stops,Economy,7.0,12465.38,1740
9478,GoAir,Hyderabad,Mumbai,27/12/2025,3:30,1h 11m,2 stops,Business,29.0,13468.16,620
9479,IndiGo,Chennai,Hyderabad,27/10/2025,14:30,2h 30m,1 stop,Economy,38.0,3697.6,515
9480,Air India,delhi,HYDERABAD,10/11/2025,16:00,3h 49m,1 stop,Biz,16.0,29714.47,1260
9481,Spice Jet,MUMBAI,Hyderabad,25/04/2025,15:15,2h 5m,Non Stop,Business,11.0,11241.31,620
9482,SpiceJet,MUMBAI,Mumbai,09/11/2025,14:00,4h 24m,2+ stops,Economy,8.0,7826.07,1030
9483,Go Air,MUMBAI,Chennai,07/12/2025,19:00,2h 12m,non-stop,Business,46.0,18860.61,1030
9484,indigo,Bangalore,Chennai,07-Dec-2025,18:00,2h 44m,2 stops,Business,8.0,6675.06,290
9485,GoAir,MUMBAI,Mumbai,07/07/2025,11:15,,1 stop,economy,16.0,7086.1,1030
9486,Vistara,MUMBAI,Chennai,27/10/2025,3:15,0h 51m,1 Stop,BUSINESS,41.0,23974.99,1030
9487,SpiceJet,Mumbai,cochin,2025-06-14,10:30,2h 13m,non-stop,Business,33.0,15801.3,860
9488,SpiceJet,MUMBAI,Delhi,03/08/2025,20:45,3h 28m,Non Stop,BUSINESS,28.0,23231.32,1150
9489,Vistara,delhi,Mumbai,11-Oct-2025,10:30,2h 25m,2+ stops,economy,57.0,9462.09,1150
9490,Air India,Delhi,Chennai,02/19/2025,17:00,2h 42m,,Biz,20.0,41621.34,1760
9491,Spice Jet,Hyderabad,Delhi,16/11/2025,20:30,5h 23m,1 stop,Eco,20.0,9846.13,1260
9492,indigo,delhi,Kolkata,11-Mar-2025,1:30,2h 9m,2+ stops,Biz,25.0,30386.82,1300
9493,IndiGo,Mumbai,HYDERABAD,18-May-2025,10:45,4h 15m,Non Stop,Economy,25.0,5206.7,620
9494,AirAsia,Hyderabad,Kolkata,30/08/2025,13:00,4h 12m,2 stops,Eco,32.0,8694.96,1190
9495,GoAir,delhi,Chennai,19/03/2025,20:15,2h 44m,,economy,10.0,11934.66,1760
9496,Spice Jet,delhi,Delhi,01-Jul-2025,5:30,,2 stops,Biz,39.0,22558.55,1030
9497,indigo,Hyderabad,Bangalore,02-Apr-2025,21:45,3h 47m,,BUSINESS,10.0,11610.71,500
9498,GoAir,Hyderabad,Bangalore,19/07/2025,20:00,1h 21m,2+ stops,Biz,13.0,10968.4,500
9499,Spice Jet,Delhi,Hyderabad,10/16/2025,7:15,2h 40m,1 Stop,Eco,9.0,9320.1,1260
9500,GoAir,Kolkata,Cochin,11/25/2025,17:00,1h 4m,,BUSINESS,7.0,41487.1,1900
9501,SpiceJet,delhi,HYDERABAD,2025-06-21,21:45,1h 25m,1 stop,,58.0,8168.31,1260
9502,Vistara,Chennai,Mumbai,17-Jan-2025,20:30,2h 23m,,Eco,32.0,9239.33,1030
9503,,Banglore,Mumbai,17/01/2025,17:45,3h 45m,Non Stop,BUSINESS,27.0,18351.0,840
9504,AIR INDIA,Kolkata,HYDERABAD,26/02/2025,2:45,1h 30m,1 stop,Business,48.0,26252.37,1190
9505,Vistara,Kolkata,Delhi,2025-02-11,18:45,1h 18m,1 Stop,Biz,30.0,28380.86,1300
9506,SpiceJet,Delhi,cochin,08/04/2025,11:00,1h 46m,2+ stops,BUSINESS,39.0,43286.21,2100
9507,Go Air,Hyderabad,Bangalore,12/02/2025,12:45,1h 42m,1 stop,Business,17.0,10345.76,500
9508,,Hyderabad,Bangalore,2025-12-10,19:45,0h 36m,1 stop,BUSINESS,53.0,10345.06,500
9509,Spice Jet,Delhi,Chennai,2025-09-04,23:15,3h 17m,1 Stop,Eco,29.0,12487.33,1760
9510,Go Air,Chennai,Bangalore,07/02/2025,8:15,0h 52m,Non Stop,Biz,46.0,5465.03,290
9511,AirAsia,Delhi,Mumbai,09/15/2025,10:00,4h 23m,1 Stop,BUSINESS,12.0,23105.44,1150
9512,Spice Jet,Delhi,Chennai,2025-11-17,11:45,2h 27m,Non Stop,Eco,41.0,11577.55,1760
9513,AirAsia,Banglore,Cochin,01/14/2025,2:30,3h 8m,2 stops,Eco,4.0,2874.33,360
9514,Air India,Kolkata,Delhi,2025-05-21,0:15,5h 53m,Non Stop,BUSINESS,24.0,31734.67,1300
9515,Vistara,Delhi,Bangalore,2025-08-11,14:15,2h 38m,2 stops,economy,51.0,11929.31,1740
9516,indigo,MUMBAI,Delhi,2025-11-22,2:30,1h 42m,non-stop,,25.0,8754.05,1150
9517,Air India,Hyderabad,cochin,04/22/2025,13:45,1h 19m,non-stop,Economy,50.0,5050.35,700
9518,,Banglore,Kolkata,21-Jul-2025,16:15,1h 36m,1 stop,economy,16.0,12180.99,1560
9519,indigo,Kolkata,Chennai,07-Jul-2025,20:00,3h 1m,non-stop,Economy,10.0,10145.75,1360
9520,Go Air,Chenai,Kolkata,02-Jul-2025,21:30,2h 14m,2 stops,BUSINESS,39.0,27410.77,1360
9521,AIR INDIA,Delhi,Bangalore,2025-05-13,9:00,,Non Stop,Economy,52.0,12611.45,1740
9522,Go Air,Chennai,Kolkata,16-Mar-2025,15:15,1h 26m,,Business,9.0,29184.52,1360
9523,Vistara,Kolkata,Bangalore,2025-06-20,16:15,5h 22m,,Eco,50.0,11802.54,1560
9524,IndiGo,Chennai,Cochin,2025-09-05,12:30,0h 55m,non-stop,Eco,52.0,3640.84,500
9525,AIR INDIA,Mumbai,Delhi,01/07/2025,0:45,2h 25m,1 Stop,Eco,27.0,8460.47,1150
9526,Go Air,Chennai,Cochin,06/10/2025,9:45,3h 27m,non-stop,Business,16.0,10055.62,500
9527,SpiceJet,Bangalore,cochin,2025-10-14,15:45,2h 47m,2 stops,Business,37.0,8083.1,360
9528,AIR INDIA,Delhi,Bangalore,2025-03-21,16:45,1h 37m,,Biz,4.0,44195.02,1740
9529,AirAsia,Chennai,Kolkata,2025-07-10,8:30,1h 45m,2 stops,economy,5.0,10026.53,1360
9530,Spice Jet,Mumbai,Delhi,2025-12-15,1:00,2h 13m,1 Stop,economy,28.0,7792.2,1150
9531,AIR INDIA,Mumbai,Chennai,2025-02-22,3:30,2h 8m,1 Stop,Biz,11.0,25781.92,1030
9532,IndiGo,Bangalore,Mumbai,2025-02-04,20:30,3h 53m,,BUSINESS,17.0,17720.2,840
9533,Spice Jet,Mumbai,Kolkata,04/23/2025,11:45,3h 22m,1 stop,Business,43.0,34881.88,1650
9534,Go Air,Kolkata,Bangalore,14-Jun-2025,8:45,1h 17m,2+ stops,Economy,4.0,11868.18,1560
9535,indigo,MUMBAI,Chennai,08/03/2025,11:15,1h 44m,,economy,47.0,6479.94,1030
9536,AIR INDIA,Mumbai,Cochin,2025-08-05,7:30,1h 30m,,Biz,39.0,17619.39,860
9537,indigo,Chenai,HYDERABAD,09/25/2025,15:45,6h 34m,1 stop,Biz,60.0,10579.28,515
9538,IndiGo,Hyderabad,Cochin,29/08/2025,23:15,3h 21m,Non Stop,Eco,3.0,5539.29,700
9539,IndiGo,Hyderabad,cochin,02/24/2025,2:30,2h 23m,1 Stop,Economy,42.0,5718.38,700
9540,GoAir,Mumbai,Bangalore,2025-03-24,14:00,3h 39m,2+ stops,economy,16.0,6211.45,840
9541,IndiGo,Chenai,Delhi,14/11/2025,23:45,,2 stops,Economy,,13241.11,1760
9542,Air India,Chenai,cochin,02/25/2025,11:45,1h 25m,2+ stops,BUSINESS,50.0,11016.37,500
9543,Go Air,Kolkata,Mumbai,04/05/2025,1:30,1h 4m,2 stops,BUSINESS,16.0,33432.17,1650
9544,AIR INDIA,Delhi,cochin,11/18/2025,0:15,2h 36m,2 stops,economy,44.0,17674.08,2100
9545,Air India,Kolkata,Bangalore,12-Jun-2025,1:00,7h 28m,2 stops,Business,17.0,35656.52,1560
9546,AirAsia,Delhi,cochin,2025-10-15,22:45,2h 54m,,economy,48.0,13262.66,2100
9547,Air India,Hyderabad,Bangalore,2025-05-03,0:00,1h 5m,1 stop,Business,60.0,10776.6,500
9548,Vistara,Hyderabad,Delhi,10-Aug-2025,4:15,2h 26m,2+ stops,BUSINESS,30.0,31871.8,1260
9549,Air India,Bangalore,Chennai,2025-06-06,14:15,7h 49m,,BUSINESS,2.0,8139.38,290
9550,SpiceJet,MUMBAI,cochin,05/14/2025,20:00,1h 56m,1 stop,Eco,15.0,5825.82,860
9551,GoAir,Kolkata,Cochin,2025-03-16,23:30,2h 3m,2+ stops,Eco,39.0,14566.08,1900
9552,IndiGo,Delhi,Bangalore,07/17/2025,17:30,6h 24m,Non Stop,economy,56.0,12733.08,1740
9553,Vistara,Bangalore,Cochin,18-Mar-2025,9:45,2h 23m,non-stop,BUSINESS,55.0,7876.66,360
9554,Spice Jet,MUMBAI,cochin,16-Jul-2025,23:30,3h 13m,1 Stop,Economy,44.0,6793.83,860
9555,indigo,Chennai,Kolkata,2025-10-01,5:00,3h 1m,Non Stop,,57.0,8568.27,1360
9556,AIR INDIA,Chennai,cochin,16-May-2025,19:15,5h 32m,Non Stop,BUSINESS,26.0,11758.83,500
9557,Spice Jet,Chennai,Kolkata,2025-06-02,3:00,6h 47m,Non Stop,Eco,37.0,9958.79,1360
9558,AirAsia,Chennai,HYDERABAD,03/10/2025,12:30,1h 2m,2+ stops,Business,49.0,9868.81,515
9559,AirAsia,Chenai,Delhi,2025-01-27,5:00,1h 56m,2 stops,economy,6.0,11450.15,1760
9560,Spice Jet,Chenai,cochin,2025-09-15,22:30,2h 31m,1 stop,economy,48.0,3238.74,500
9561,Vistara,Hyderabad,Cochin,02-Jul-2025,3:00,3h 17m,Non Stop,,56.0,16686.58,700
9562,Vistara,Chenai,Bangalore,09/10/2025,3:30,0h 57m,non-stop,BUSINESS,21.0,6670.75,290
9563,Air India,Hyderabad,cochin,2025-03-22,18:45,2h 47m,,economy,12.0,5880.43,700
9564,AIR INDIA,Kolkata,Cochin,2025-07-18,12:00,5h 31m,2+ stops,Business,12.0,45475.73,1900
9565,indigo,Delhi,Cochin,2025-10-05,3:45,1h 37m,1 stop,Eco,54.0,14609.54,2100
9566,GoAir,Chennai,HYDERABAD,05/18/2025,6:00,5h 0m,1 stop,economy,9.0,3989.68,515
9567,AIR INDIA,delhi,HYDERABAD,27-Sep-2025,23:30,1h 15m,1 stop,Biz,17.0,28421.43,1260
9568,indigo,Mumbai,Hyderabad,10/03/2025,21:30,4h 3m,2 stops,Business,28.0,14221.24,620
9569,GoAir,Hyderabad,cochin,2025-01-04,15:15,3h 54m,2 stops,Eco,43.0,4773.63,700
9570,AIR INDIA,Banglore,Kolkata,23/12/2025,13:30,3h 18m,Non Stop,Biz,57.0,30835.85,1560
9571,Go Air,Bangalore,Mumbai,28-Jun-2025,6:45,4h 8m,Non Stop,Economy,11.0,6528.34,840
9572,Spice Jet,Mumbai,Hyderabad,09-Jun-2025,7:15,3h 10m,2 stops,Business,31.0,13457.19,620
9573,Spice Jet,Chenai,Hyderabad,08/22/2025,22:15,1h 57m,2 stops,Biz,46.0,10533.11,515
9574,Spice Jet,Chennai,HYDERABAD,29/10/2025,2:45,1h 43m,Non Stop,BUSINESS,7.0,10771.84,515
9575,SpiceJet,Chenai,Bangalore,03/13/2025,16:15,1h 46m,2 stops,Eco,20.0,2393.27,290
9576,Go Air,Mumbai,HYDERABAD,13-Feb-2025,6:15,3h 49m,,BUSINESS,45.0,13382.26,620
9577,AIR INDIA,Kolkata,Delhi,12/09/2025,18:00,3h 58m,Non Stop,Eco,27.0,9406.62,1300
9578,indigo,Hyderabad,Bangalore,04/25/2025,6:15,1h 39m,non-stop,BUSINESS,,10361.49,500
9579,indigo,MUMBAI,Delhi,05-Nov-2025,14:00,4h 34m,2+ stops,Business,60.0,24345.87,1150
9580,Go Air,Chennai,HYDERABAD,12/04/2025,11:00,2h 57m,Non Stop,Eco,8.0,4094.69,515
9581,indigo,Kolkata,Bangalore,02-Sep-2025,18:30,3h 25m,1 Stop,Economy,45.0,11517.37,1560
9582,Spice Jet,Bangalore,Mumbai,2025-09-27,22:00,2h 43m,,Economy,49.0,5675.65,840
9583,Vistara,Kolkata,Cochin,11/05/2025,1:15,2h 31m,,Eco,59.0,14124.7,1900
9584,GoAir,Chennai,Bangalore,18/07/2025,18:30,2h 1m,,Economy,30.0,2343.51,290
9585,Go Air,Kolkata,Delhi,04/17/2025,6:45,4h 43m,2+ stops,BUSINESS,,23855.35,1300
9586,SpiceJet,Chenai,Kolkata,30-Nov-2025,23:00,2h 3m,non-stop,Business,24.0,23725.31,1360
9587,Spice Jet,delhi,cochin,2025-03-07,21:15,3h 40m,non-stop,economy,4.0,14054.99,2100
9588,Go Air,Banglore,HYDERABAD,30/10/2025,0:30,,2 stops,Business,42.0,9704.79,500
9589,GoAir,Kolkata,cochin,05-Jun-2025,4:30,6h 52m,2+ stops,economy,47.0,12430.27,1900
9590,indigo,Chenai,HYDERABAD,05/04/2025,11:30,1h 45m,2 stops,economy,42.0,4160.02,515
9591,indigo,Chennai,Cochin,05/05/2025,22:30,2h 57m,Non Stop,BUSINESS,5.0,11025.4,500
9592,Spice Jet,Chennai,Hyderabad,10/02/2025,4:15,4h 59m,,Eco,14.0,4158.66,515
9593,Vistara,Delhi,Bangalore,04-Jun-2025,17:30,0h 55m,,Eco,1.0,13626.96,1740
9594,Vistara,Mumbai,Hyderabad,30-Aug-2025,10:00,2h 19m,2 stops,Biz,14.0,15943.53,620
9595,AIR INDIA,Kolkata,Mumbai,29-Oct-2025,12:00,2h 12m,non-stop,Biz,10.0,31471.1,1650
9596,Go Air,Chenai,Hyderabad,2025-03-11,0:15,3h 7m,1 Stop,Economy,19.0,3888.0,515
9597,AIR INDIA,Mumbai,Cochin,12/23/2025,7:15,,2+ stops,economy,29.0,7436.2,860
9598,Vistara,MUMBAI,Bangalore,04/07/2025,15:45,1h 38m,1 stop,Business,7.0,21234.49,840
9599,IndiGo,Hyderabad,Bangalore,07/05/2025,20:30,3h 58m,2+ stops,BUSINESS,16.0,,500
9600,IndiGo,Mumbai,Bangalore,16-Mar-2025,19:30,2h 2m,,Economy,56.0,5864.56,840
9601,SpiceJet,Banglore,HYDERABAD,2025-06-12,10:30,2h 53m,,economy,7.0,3735.8,500
9602,indigo,Chennai,Bangalore,2025-07-11,15:00,2h 42m,1 stop,economy,7.0,2496.0,290
9603,Spice Jet,Banglore,HYDERABAD,07-Aug-2025,10:45,2h 51m,2+ stops,Business,49.0,11009.13,500
9604,Air India,Hyderabad,Delhi,07/11/2025,18:15,4h 18m,Non Stop,BUSINESS,24.0,31159.87,1260
9605,indigo,Hyderabad,Bangalore,05/15/2025,1:45,0h 42m,non-stop,economy,56.0,3382.89,500
9606,Air India,Bangalore,Cochin,15/03/2025,10:15,1h 41m,Non Stop,Business,60.0,7059.46,360
9607,indigo,MUMBAI,Kolkata,2025-07-19,23:00,2h 20m,2+ stops,Biz,48.0,35807.35,1650
9608,Air India,Kolkata,Delhi,2025-04-03,0:45,2h 21m,,Economy,21.0,10899.38,1300
9609,Vistara,Mumbai,Bangalore,25/03/2025,23:30,2h 47m,Non Stop,Business,5.0,21007.18,840
9610,SpiceJet,MUMBAI,Bangalore,2025-10-02,23:45,2h 20m,,Eco,33.0,6862.03,840
9611,Go Air,Kolkata,Hyderabad,08-May-2025,13:00,1h 3m,2 stops,Eco,60.0,7279.37,1190
9612,AIR INDIA,Chenai,Bangalore,2025-11-30,13:15,2h 11m,1 stop,economy,17.0,2727.76,290
9613,IndiGo,Mumbai,Hyderabad,06-Nov-2025,3:30,1h 57m,1 stop,economy,43.0,4956.09,620
9614,Spice Jet,Chennai,Kolkata,08/02/2025,6:00,3h 15m,2 stops,Business,,30710.72,1360
9615,SpiceJet,Mumbai,Cochin,14/04/2025,17:15,2h 13m,2 stops,Business,30.0,15845.53,860
9616,Spice Jet,Chenai,Kolkata,09/07/2025,23:00,2h 28m,1 Stop,economy,34.0,9226.35,1360
9617,AIR INDIA,Mumbai,Cochin,29-Aug-2025,8:00,4h 54m,,economy,7.0,8128.85,860
9618,GoAir,Banglore,Chennai,02-Mar-2025,22:45,2h 45m,1 Stop,Eco,53.0,2637.34,290
9619,indigo,Bangalore,cochin,10/06/2025,22:00,1h 23m,Non Stop,Business,60.0,7168.44,360
9620,GoAir,Delhi,Cochin,06/09/2025,10:45,3h 51m,non-stop,economy,36.0,12890.75,2100
9621,Air India,Bangalore,cochin,09/15/2025,19:45,2h 43m,1 stop,Biz,16.0,8264.03,360
9622,indigo,Delhi,Kolkata,01/30/2025,4:15,1h 30m,1 stop,economy,7.0,11167.52,1300
9623,,MUMBAI,Hyderabad,20-Feb-2025,17:30,1h 9m,,economy,10.0,,620
9624,Spice Jet,Delhi,Bangalore,10/04/2025,16:15,0h 46m,Non Stop,Economy,6.0,11263.36,1740
9625,indigo,Delhi,Chennai,25-Apr-2025,8:30,3h 16m,2+ stops,BUSINESS,54.0,36718.42,1760
9626,Spice Jet,Chennai,Mumbai,07/15/2025,23:15,1h 1m,1 stop,Economy,59.0,6639.92,1030
9627,AirAsia,Kolkata,Chennai,07/05/2025,2:30,2h 26m,Non Stop,Economy,23.0,8933.97,1360
9628,AirAsia,Banglore,Mumbai,14/07/2025,18:45,3h 6m,2 stops,Economy,3.0,5999.87,840
9629,IndiGo,delhi,Cochin,14-May-2025,22:00,4h 45m,2 stops,Eco,40.0,14696.72,2100
9630,SpiceJet,delhi,Bangalore,2025-02-16,22:30,1h 23m,1 Stop,BUSINESS,17.0,31980.98,1740
9631,IndiGo,Mumbai,HYDERABAD,06/17/2025,10:30,1h 58m,Non Stop,Eco,14.0,4976.07,620
9632,Air India,Kolkata,Delhi,29/12/2025,12:45,0h 44m,Non Stop,Economy,59.0,8608.63,1300
9633,SpiceJet,Mumbai,Chennai,04/28/2025,3:00,4h 50m,2+ stops,Economy,8.0,8646.96,1030
9634,Spice Jet,Banglore,Cochin,06/07/2025,22:15,4h 38m,2+ stops,economy,,3504.69,360
9635,Spice Jet,Banglore,Mumbai,08-Apr-2025,3:45,1h 58m,2 stops,Eco,2.0,,840
9636,Vistara,Mumbai,Chennai,08/05/2025,23:15,8h 26m,Non Stop,BUSINESS,5.0,25052.52,1030
9637,indigo,Banglore,Bangalore,10/14/2025,17:00,3h 4m,1 stop,economy,48.0,7324.33,1030
9638,GoAir,delhi,cochin,02/26/2025,21:45,0h 52m,Non Stop,Business,36.0,38180.81,2100
9639,Spice Jet,Delhi,Chennai,2025-09-13,18:30,5h 46m,2 stops,economy,2.0,14649.17,1760
9640,SpiceJet,Delhi,cochin,2025-11-01,15:30,2h 27m,non-stop,Biz,24.0,41033.56,2100
9641,AirAsia,Bangalore,Delhi,21-Feb-2025,16:30,3h 52m,Non Stop,Business,3.0,,1740
9642,IndiGo,Banglore,Hyderabad,11/01/2025,11:30,7h 45m,non-stop,economy,26.0,4545.9,500
9643,Vistara,Hyderabad,Kolkata,21-Oct-2025,3:00,2h 10m,1 Stop,Biz,32.0,29685.3,1190
9644,SpiceJet,Mumbai,HYDERABAD,08/02/2025,8:15,2h 4m,Non Stop,economy,19.0,4072.6,620
9645,indigo,Chenai,Chennai,2025-02-02,11:00,1h 46m,Non Stop,Business,51.0,21263.96,1030
9646,AIR INDIA,Chennai,Hyderabad,2025-11-16,10:45,1h 38m,Non Stop,Business,,11581.14,515
9647,IndiGo,Banglore,Kolkata,04/03/2025,9:00,1h 41m,Non Stop,Eco,11.0,11350.61,1560
9648,indigo,Banglore,Delhi,2025-09-16,12:15,1h 1m,1 stop,Biz,54.0,35717.93,1740
9649,indigo,delhi,Bangalore,02-Jun-2025,8:30,2h 17m,2 stops,economy,15.0,12939.17,1740
9650,AirAsia,MUMBAI,Mumbai,2025-06-18,18:30,1h 7m,,Business,40.0,19936.65,1030
9651,GoAir,Kolkata,Mumbai,16-Jul-2025,8:30,5h 56m,non-stop,Eco,43.0,10247.05,1650
9652,Air India,Hyderabad,HYDERABAD,07/05/2025,19:30,3h 1m,1 stop,Economy,47.0,7102.22,1030
9653,AirAsia,delhi,Mumbai,04/23/2025,16:45,1h 6m,2 stops,BUSINESS,57.0,19613.05,1150
9654,AIR INDIA,Hyderabad,HYDERABAD,2025-08-24,11:15,2h 34m,Non Stop,BUSINESS,6.0,24580.19,1030
9655,AIR INDIA,Bangalore,Hyderabad,31-Jul-2025,21:45,1h 33m,1 stop,Business,29.0,10861.81,500
9656,SpiceJet,Chenai,Kolkata,10-Feb-2025,4:00,2h 44m,2+ stops,economy,40.0,10797.09,1360
9657,GoAir,Banglore,Chennai,2025-10-31,2:45,1h 17m,1 Stop,economy,57.0,2244.75,290
9658,SpiceJet,Bangalore,Chennai,12-Jan-2025,9:15,1h 48m,Non Stop,Biz,2.0,6758.0,290
9659,IndiGo,delhi,Mumbai,06/03/2025,10:30,3h 17m,1 Stop,BUSINESS,39.0,23739.7,1150
9660,Spice Jet,Mumbai,Bangalore,12/05/2025,23:30,5h 21m,2 stops,Economy,42.0,6352.53,840
9661,SpiceJet,Mumbai,Cochin,2025-02-21,10:30,4h 35m,2 stops,BUSINESS,,16857.66,860
9662,SpiceJet,Kolkata,Hyderabad,2025-06-09,16:00,4h 29m,1 stop,Economy,56.0,8319.33,1190
9663,Go Air,Chennai,Mumbai,15-Oct-2025,23:00,2h 31m,1 stop,Economy,15.0,7483.6,1030
9664,Air India,Chennai,cochin,2025-10-07,12:45,2h 15m,non-stop,Eco,9.0,4355.08,500
9665,AIR INDIA,Bangalore,Delhi,25-Jan-2025,3:15,1h 7m,1 stop,BUSINESS,18.0,44245.3,1740
9666,SpiceJet,Banglore,HYDERABAD,20-Apr-2025,2:15,1h 56m,1 stop,economy,52.0,3370.08,500
9667,IndiGo,Kolkata,Delhi,2025-07-01,10:30,1h 13m,1 Stop,Economy,54.0,8615.02,1300
9668,IndiGo,Delhi,Cochin,11/03/2025,15:15,8h 48m,2+ stops,economy,45.0,16323.85,2100
9669,GoAir,delhi,Delhi,01/05/2025,10:45,1h 12m,non-stop,Eco,29.0,6289.42,1030
9670,GoAir,MUMBAI,Bangalore,05/09/2025,8:15,3h 30m,,Economy,42.0,5686.39,840
9671,indigo,delhi,Kolkata,11/16/2025,21:15,2h 47m,non-stop,Biz,41.0,,1300
9672,AIR INDIA,Chenai,Chennai,04-Jun-2025,23:45,3h 16m,,Biz,5.0,24457.2,1030
9673,indigo,Chennai,Delhi,2025-01-03,4:00,2h 40m,2+ stops,Business,35.0,42243.22,1760
9674,Go Air,Banglore,Mumbai,13/09/2025,16:00,2h 8m,1 Stop,BUSINESS,60.0,13785.55,840
9675,indigo,Banglore,Chennai,2025-04-15,8:00,1h 22m,,Eco,19.0,2602.72,290
9676,,Banglore,Delhi,05/02/2025,1:30,0h 51m,1 stop,economy,29.0,12761.35,1740
9677,Spice Jet,Bangalore,Kolkata,10/18/2025,14:00,12h 13m,,Eco,41.0,10812.72,1560
9678,AIR INDIA,Delhi,Hyderabad,21-Jun-2025,16:00,4h 13m,,Business,21.0,27622.43,1260
9679,GoAir,delhi,Cochin,24-Jun-2025,10:00,2h 10m,2 stops,Economy,27.0,12695.06,2100
9680,Go Air,Chenai,cochin,2025-12-17,2:30,3h 32m,1 Stop,Eco,56.0,3373.04,500
9681,GoAir,Chenai,Kolkata,2025-06-20,0:30,4h 21m,2+ stops,Business,50.0,28994.08,1360
9682,Go Air,delhi,HYDERABAD,05/27/2025,0:00,,non-stop,Business,25.0,23796.5,1260
9683,AirAsia,Kolkata,cochin,04-Dec-2025,18:15,0h 58m,1 stop,Eco,22.0,13163.07,1900
9684,indigo,MUMBAI,Mumbai,2025-05-08,9:45,2h 9m,,Economy,42.0,7003.31,1030
9685,Go Air,Chenai,Mumbai,16/05/2025,12:30,2h 27m,2 stops,Business,35.0,,1030
9686,AirAsia,MUMBAI,HYDERABAD,2025-09-07,11:30,1h 4m,,economy,52.0,3781.99,620
9687,IndiGo,Kolkata,Chennai,2025-03-09,1:15,2h 39m,Non Stop,BUSINESS,12.0,26864.99,1360
9688,SpiceJet,Chennai,Mumbai,08/16/2025,1:30,1h 9m,non-stop,Eco,51.0,6365.34,1030
9689,IndiGo,Chennai,Bangalore,08/22/2025,6:00,0h 59m,1 Stop,economy,21.0,2297.56,290
9690,Air India,Mumbai,Chennai,2025-06-22,0:15,2h 28m,Non Stop,Biz,14.0,21126.71,1030
9691,indigo,Bangalore,Mumbai,19-May-2025,13:15,2h 2m,Non Stop,economy,22.0,6004.65,840
9692,indigo,Kolkata,Delhi,2025-12-30,16:00,2h 1m,2 stops,BUSINESS,37.0,27897.94,1300
9693,Air India,Chennai,Delhi,2025-09-28,8:45,3h 42m,1 Stop,Biz,12.0,44668.04,1760
9694,Air India,MUMBAI,Hyderabad,2025-10-16,6:00,4h 27m,1 stop,Economy,36.0,5465.54,620
9695,Go Air,Chennai,Kolkata,2025-03-14,17:00,1h 48m,1 Stop,Business,58.0,26152.87,1360
9696,SpiceJet,Banglore,Mumbai,19-Mar-2025,3:45,0h 42m,2+ stops,Business,50.0,17869.06,840
9697,,MUMBAI,Mumbai,04/21/2025,21:15,1h 37m,Non Stop,Business,59.0,19394.09,1030
9698,AIR INDIA,Delhi,Bangalore,25/11/2025,4:15,4h 34m,non-stop,Economy,8.0,12707.06,1740
9699,indigo,Chennai,Mumbai,03/04/2025,18:30,5h 41m,Non Stop,economy,,7588.83,1030
9700,AIR INDIA,delhi,Chennai,2025-03-12,4:45,2h 8m,non-stop,Eco,54.0,12507.98,1760
9701,SpiceJet,Mumbai,HYDERABAD,2025-01-13,18:45,1h 24m,Non Stop,Business,50.0,12309.41,620
9702,Vistara,Kolkata,HYDERABAD,06/02/2025,3:15,6h 47m,Non Stop,Business,,28146.7,1190
9703,Spice Jet,Chennai,HYDERABAD,03/18/2025,12:00,2h 59m,1 stop,Business,,,515
9704,IndiGo,Banglore,Mumbai,2025-01-30,16:00,5h 52m,Non Stop,Business,23.0,16510.04,840
9705,AirAsia,Chennai,HYDERABAD,13-Jan-2025,23:00,4h 21m,2+ stops,Biz,16.0,11161.29,515
9706,Air India,Chennai,cochin,2025-07-14,5:15,2h 54m,2 stops,Business,18.0,12785.34,500
9707,Vistara,Hyderabad,Bangalore,12-Feb-2025,7:30,1h 51m,Non Stop,Biz,11.0,12837.77,500
9708,IndiGo,Chenai,Delhi,06/21/2025,21:15,1h 43m,Non Stop,economy,60.0,10892.25,1760
9709,indigo,Chenai,Mumbai,27-Mar-2025,7:15,2h 44m,1 Stop,Economy,25.0,7617.83,1030
9710,AIR INDIA,MUMBAI,Mumbai,08-Nov-2025,5:00,4h 37m,Non Stop,BUSINESS,57.0,21753.77,1030
9711,Spice Jet,Bangalore,Delhi,12/04/2025,7:15,3h 20m,1 Stop,Economy,25.0,11213.67,1740
9712,Air India,Chenai,HYDERABAD,23/02/2025,4:30,6h 28m,non-stop,Eco,,4926.38,515
9713,AIR INDIA,Bangalore,Hyderabad,03/03/2025,17:00,1h 55m,1 Stop,Business,57.0,10130.68,500
9714,AirAsia,Mumbai,HYDERABAD,04/13/2025,1:45,9h 56m,1 Stop,Biz,26.0,11268.18,620
9715,SpiceJet,Kolkata,Delhi,09/02/2025,16:00,2h 25m,Non Stop,Economy,12.0,8973.46,1300
9716,Go Air,delhi,Hyderabad,09/22/2025,13:45,1h 48m,1 Stop,Eco,35.0,9182.99,1260
9717,AirAsia,Hyderabad,Chennai,22-Oct-2025,18:15,1h 51m,2+ stops,Eco,5.0,4262.12,515
9718,GoAir,delhi,HYDERABAD,24/03/2025,12:15,2h 13m,Non Stop,Eco,9.0,8966.15,1260
9719,IndiGo,Mumbai,Kolkata,2025-10-17,13:15,1h 45m,non-stop,Eco,53.0,10565.07,1650
9720,indigo,Bangalore,cochin,06-Mar-2025,8:45,1h 56m,non-stop,Eco,53.0,2628.61,360
9721,AirAsia,MUMBAI,Cochin,04/25/2025,11:30,0h 54m,1 Stop,economy,12.0,5358.83,860
9722,Air India,Banglore,Bangalore,10/28/2025,23:30,1h 26m,,Economy,39.0,6757.01,1030
9723,AIR INDIA,Banglore,Bangalore,2025-01-23,17:00,,2+ stops,BUSINESS,47.0,24423.56,1030
9724,indigo,Hyderabad,Delhi,2025-01-25,8:30,4h 43m,2+ stops,Business,17.0,32104.22,1260
9725,AIR INDIA,Chennai,cochin,04/01/2025,18:15,4h 54m,1 Stop,Biz,12.0,12589.25,500
9726,AIR INDIA,Banglore,Cochin,08/11/2025,2:00,1h 26m,,,20.0,8914.96,360
9727,Go Air,Hyderabad,cochin,11/05/2025,23:45,1h 3m,1 Stop,BUSINESS,58.0,13892.32,700
9728,Go Air,MUMBAI,Cochin,11/07/2025,4:45,5h 27m,1 stop,BUSINESS,7.0,18559.29,860
9729,AirAsia,Kolkata,cochin,2025-09-11,19:00,1h 21m,1 Stop,economy,47.0,11449.96,1900
9730,SpiceJet,Delhi,Hyderabad,2025-09-09,4:15,3h 19m,2 stops,Economy,41.0,8412.13,1260
9731,AIR INDIA,Delhi,Mumbai,05-Sep-2025,7:45,3h 5m,1 Stop,Eco,57.0,9428.64,1150
9732,Go Air,Kolkata,Mumbai,2025-06-25,17:15,3h 5m,2 stops,BUSINESS,52.0,32371.85,1650
9733,AirAsia,Chenai,HYDERABAD,15/12/2025,17:45,4h 30m,1 stop,Business,54.0,9012.96,515
9734,Vistara,Mumbai,HYDERABAD,12-Jan-2025,21:30,5h 25m,,Eco,32.0,,620
9735,Go Air,Chenai,Cochin,2025-03-31,10:30,1h 31m,2 stops,,31.0,3995.03,500
9736,Spice Jet,Delhi,cochin,21/11/2025,20:30,5h 4m,Non Stop,Biz,37.0,36682.38,2100
9737,IndiGo,MUMBAI,Mumbai,12-Nov-2025,0:15,1h 48m,1 stop,Biz,43.0,23111.24,1030
9738,AirAsia,MUMBAI,Cochin,2025-10-27,8:00,2h 57m,,Eco,46.0,4670.33,860
9739,AirAsia,Hyderabad,cochin,09/06/2025,17:30,3h 50m,Non Stop,BUSINESS,20.0,14456.18,700
9740,Vistara,Chenai,HYDERABAD,2025-06-13,7:00,2h 25m,,Business,36.0,12475.9,515
9741,Vistara,Mumbai,cochin,11/12/2025,22:30,3h 0m,,Business,30.0,,860
9742,GoAir,Delhi,Hyderabad,08/25/2025,4:30,0h 48m,1 stop,economy,36.0,8135.13,1260
9743,Air India,delhi,Kolkata,12/17/2025,17:30,3h 10m,2 stops,Biz,4.0,36446.12,1300
9744,Vistara,Mumbai,Bangalore,11/21/2025,10:00,3h 27m,1 stop,economy,51.0,6923.86,840
9745,Spice Jet,Hyderabad,Cochin,2025-02-28,10:45,1h 26m,,economy,12.0,4892.16,700
9746,Go Air,delhi,Delhi,05/24/2025,6:00,1h 7m,2+ stops,Business,60.0,17886.99,1030
9747,Vistara,Banglore,cochin,07/26/2025,18:45,2h 41m,2 stops,economy,27.0,3449.29,360
9748,Spice Jet,Bangalore,Cochin,2025-10-23,4:30,3h 42m,Non Stop,,54.0,2695.26,360
9749,AIR INDIA,Hyderabad,Chennai,07/07/2025,16:30,0h 54m,non-stop,Eco,13.0,3782.68,515
9750,IndiGo,Bangalore,HYDERABAD,18/06/2025,7:45,2h 47m,non-stop,Eco,52.0,3584.05,500
9751,SpiceJet,Delhi,Mumbai,05/04/2025,12:45,2h 0m,Non Stop,Biz,38.0,20678.89,1150
9752,IndiGo,Kolkata,Mumbai,24/03/2025,13:00,5h 24m,Non Stop,Economy,1.0,12418.72,1650
9753,Vistara,Mumbai,HYDERABAD,09/01/2025,7:30,1h 28m,2+ stops,Economy,46.0,5565.26,620
9754,Go Air,Delhi,Cochin,03/11/2025,10:30,2h 2m,1 stop,Economy,11.0,15800.61,2100
9755,Vistara,Banglore,Delhi,05/01/2025,7:45,1h 24m,non-stop,Biz,6.0,43405.23,1740
9756,AirAsia,Mumbai,Delhi,27/10/2025,12:30,7h 52m,,Biz,26.0,21464.46,1150
9757,,Chennai,Bangalore,06-Dec-2025,10:15,4h 19m,Non Stop,,39.0,2567.21,290
9758,SpiceJet,MUMBAI,Bangalore,21/11/2025,21:15,3h 24m,1 Stop,Business,55.0,15874.92,840
9759,Air India,Banglore,cochin,13/06/2025,9:00,3h 17m,2+ stops,Economy,41.0,3098.48,360
9760,Spice Jet,MUMBAI,Hyderabad,02-May-2025,15:30,2h 28m,Non Stop,Economy,5.0,4722.82,620
9761,AIR INDIA,Chennai,Bangalore,01/04/2025,12:15,0h 47m,2+ stops,BUSINESS,45.0,7813.83,290
9762,Air India,Kolkata,cochin,12/09/2025,5:45,2h 6m,1 Stop,Eco,17.0,15017.42,1900
9763,Vistara,delhi,Bangalore,28/11/2025,10:45,1h 37m,2+ stops,Eco,49.0,12776.9,1740
9764,,MUMBAI,Cochin,17/08/2025,1:45,1h 18m,2 stops,Economy,52.0,6161.05,860
9765,IndiGo,Bangalore,HYDERABAD,03/23/2025,13:45,4h 28m,2 stops,Business,12.0,11031.68,500
9766,Spice Jet,Mumbai,Kolkata,08-Jun-2025,17:00,4h 0m,,Economy,10.0,12554.44,1650
9767,Air India,Bangalore,Hyderabad,21/09/2025,15:15,1h 16m,non-stop,Economy,47.0,3872.08,500
9768,IndiGo,Kolkata,Cochin,10/29/2025,7:00,4h 2m,Non Stop,Eco,40.0,12590.06,1900
9769,Vistara,Mumbai,HYDERABAD,02-Feb-2025,8:15,2h 56m,non-stop,Business,2.0,14909.31,620
9770,Go Air,Chenai,Hyderabad,2025-07-15,12:00,2h 37m,1 Stop,Business,25.0,10330.75,515
9771,Spice Jet,MUMBAI,Mumbai,26/09/2025,5:15,4h 16m,1 Stop,BUSINESS,57.0,19238.28,1030
9772,indigo,MUMBAI,Cochin,21/11/2025,13:15,2h 48m,non-stop,Business,33.0,16459.68,860
9773,indigo,Bangalore,Delhi,12/11/2025,20:45,,Non Stop,Biz,36.0,31384.22,1740
9774,IndiGo,MUMBAI,HYDERABAD,03/05/2025,2:30,2h 53m,,Eco,41.0,4959.13,620
9775,indigo,Chennai,Delhi,05/13/2025,10:45,1h 1m,1 Stop,Economy,,12106.78,1760
9776,AirAsia,Kolkata,Chennai,11/21/2025,16:15,4h 50m,1 Stop,Economy,38.0,8978.59,1360
9777,IndiGo,Bangalore,Delhi,18-May-2025,9:00,2h 38m,,economy,,12614.47,1740
9778,Spice Jet,delhi,Kolkata,06/19/2025,21:45,2h 21m,2+ stops,economy,,9838.78,1300
9779,indigo,delhi,Mumbai,2025-04-18,10:45,3h 1m,2 stops,Business,53.0,21920.98,1150
9780,GoAir,Kolkata,Chennai,28/05/2025,4:00,6h 24m,2 stops,BUSINESS,30.0,25093.08,1360
9781,SpiceJet,Delhi,Mumbai,01/07/2025,12:30,,Non Stop,BUSINESS,37.0,20809.09,1150
9782,GoAir,Hyderabad,Chennai,08/29/2025,17:30,4h 11m,1 Stop,Business,12.0,11216.49,515
9783,IndiGo,Kolkata,Delhi,05/02/2025,20:30,4h 13m,non-stop,economy,32.0,8710.38,1300
9784,AirAsia,Mumbai,Kolkata,2025-02-08,16:30,1h 15m,Non Stop,Economy,,9882.86,1650
9785,AirAsia,Banglore,Hyderabad,2025-09-26,22:15,,1 Stop,Economy,4.0,4197.93,500
9786,Vistara,Chennai,Bangalore,21-Oct-2025,3:45,2h 34m,,Biz,57.0,5930.55,290
9787,Air India,Mumbai,Hyderabad,12/26/2025,18:30,1h 27m,Non Stop,Business,2.0,13894.66,620
9788,Go Air,Hyderabad,Kolkata,03-Aug-2025,5:00,1h 28m,Non Stop,Economy,57.0,7914.04,1190
9789,Vistara,delhi,HYDERABAD,2025-01-21,8:30,1h 25m,1 Stop,economy,46.0,9595.1,1260
9790,AIR INDIA,Banglore,cochin,28/07/2025,20:45,4h 9m,2 stops,,36.0,3229.96,360
9791,IndiGo,Bangalore,Delhi,13-Apr-2025,5:45,2h 14m,1 Stop,Eco,13.0,13828.79,1740
9792,Go Air,Mumbai,Chennai,02/11/2025,23:30,4h 16m,,Business,17.0,21069.52,1030
9793,GoAir,Banglore,Delhi,2025-10-09,9:30,5h 1m,2+ stops,Biz,15.0,37448.58,1740
9794,Air India,Mumbai,cochin,10/11/2025,21:30,6h 24m,non-stop,economy,47.0,6716.27,860
9795,,delhi,HYDERABAD,02-Feb-2025,21:00,1h 7m,2+ stops,Biz,22.0,27903.27,1260
9796,indigo,MUMBAI,Hyderabad,07/23/2025,8:00,1h 14m,1 stop,Biz,20.0,12625.28,620
9797,IndiGo,delhi,cochin,25/12/2025,17:15,2h 7m,1 stop,Business,48.0,41104.95,2100
9798,Spice Jet,delhi,Hyderabad,03/11/2025,1:00,0h 55m,1 Stop,Business,11.0,24593.2,1260
9799,AIR INDIA,Bangalore,Kolkata,20-Dec-2025,6:45,1h 8m,2 stops,Biz,48.0,34643.5,1560
9800,AirAsia,delhi,Mumbai,14/03/2025,18:30,4h 1m,,Economy,40.0,7673.59,1150
9801,IndiGo,Bangalore,HYDERABAD,10/31/2025,13:45,1h 35m,1 Stop,Eco,28.0,4049.12,500
9802,GoAir,Chennai,Bangalore,08/25/2025,4:15,2h 37m,2 stops,Economy,59.0,2432.3,290
9803,Spice Jet,MUMBAI,Cochin,04/15/2025,16:30,5h 8m,,economy,18.0,6345.21,860
9804,Go Air,Delhi,Cochin,08/17/2025,21:45,4h 17m,non-stop,economy,59.0,12784.08,2100
9805,IndiGo,Bangalore,Kolkata,02/05/2025,13:45,0h 58m,,BUSINESS,38.0,32575.81,1560
9806,Go Air,Chenai,HYDERABAD,2025-02-16,13:30,6h 24m,,Business,26.0,10989.46,515
9807,Go Air,Kolkata,Delhi,23-Jan-2025,1:45,2h 37m,2 stops,Biz,60.0,23532.55,1300
9808,AirAsia,Bangalore,Kolkata,02/15/2025,19:30,3h 51m,,Biz,50.0,26105.37,1560
9809,Air India,Chennai,Bangalore,02/28/2025,9:00,1h 20m,,Eco,5.0,2762.05,290
9810,AIR INDIA,MUMBAI,Chennai,30-Apr-2025,8:15,1h 7m,2 stops,Biz,6.0,23099.42,1030
9811,Go Air,Chenai,Chennai,12-Oct-2025,6:00,9h 16m,non-stop,Economy,,7253.69,1030
9812,SpiceJet,Kolkata,cochin,27/12/2025,18:00,3h 0m,1 stop,Business,7.0,33781.46,1900
9813,AIR INDIA,Mumbai,Kolkata,01/06/2025,6:30,1h 57m,1 stop,BUSINESS,35.0,33557.07,1650
9814,AIR INDIA,Kolkata,Cochin,28/09/2025,13:30,3h 3m,1 Stop,economy,5.0,14719.26,1900
9815,IndiGo,Banglore,Delhi,09-Jun-2025,3:30,3h 3m,2 stops,Eco,12.0,14458.97,1740
9816,Spice Jet,Banglore,Cochin,05-Dec-2025,19:15,5h 59m,1 Stop,Business,25.0,8247.5,360
9817,IndiGo,Chenai,Bangalore,04/12/2025,2:45,2h 40m,2+ stops,economy,33.0,2560.35,290
9818,Spice Jet,Hyderabad,Kolkata,15/12/2025,6:00,4h 56m,1 Stop,economy,33.0,8746.6,1190
9819,IndiGo,Delhi,Cochin,02-Jan-2025,7:45,1h 58m,2+ stops,economy,41.0,16395.7,2100
9820,Spice Jet,Banglore,Hyderabad,01/10/2025,1:15,1h 52m,2+ stops,Economy,14.0,4082.9,500
9821,SpiceJet,delhi,Bangalore,09/28/2025,3:45,2h 13m,non-stop,Eco,25.0,10482.78,1740
9822,SpiceJet,Delhi,Hyderabad,21/04/2025,16:30,5h 7m,1 stop,Economy,2.0,9426.02,1260
9823,Go Air,MUMBAI,Hyderabad,01/06/2025,17:15,4h 1m,1 Stop,Biz,24.0,12577.88,620
9824,GoAir,Delhi,Cochin,12/13/2025,8:30,1h 28m,2 stops,economy,24.0,13481.07,2100
9825,Air India,Chennai,HYDERABAD,29-May-2025,8:30,2h 50m,,Economy,13.0,4606.86,515
9826,AIR INDIA,MUMBAI,HYDERABAD,01/03/2025,7:15,2h 27m,1 Stop,BUSINESS,43.0,13962.06,620
9827,Go Air,Banglore,Hyderabad,2025-08-18,7:30,2h 44m,2 stops,Biz,56.0,10012.69,500
9828,Spice Jet,Hyderabad,Bangalore,2025-05-12,13:30,1h 16m,,Biz,51.0,9723.54,500
9829,SpiceJet,Bangalore,Cochin,03/03/2025,14:15,1h 28m,2 stops,Biz,22.0,8225.58,360
9830,GoAir,Chenai,Hyderabad,2025-04-20,8:15,3h 1m,2+ stops,BUSINESS,60.0,10218.8,515
9831,IndiGo,Kolkata,HYDERABAD,2025-06-21,9:15,1h 3m,,BUSINESS,31.0,24998.34,1190
9832,AIR INDIA,Bangalore,Mumbai,26-Sep-2025,17:15,2h 37m,2 stops,Eco,24.0,6913.83,840
9833,IndiGo,Mumbai,HYDERABAD,09/02/2025,3:45,5h 52m,1 Stop,Economy,59.0,4535.71,620
9834,AIR INDIA,Chennai,HYDERABAD,11/21/2025,6:45,6h 30m,1 Stop,Eco,16.0,5192.12,515
9835,Go Air,MUMBAI,HYDERABAD,2025-10-18,10:30,1h 40m,Non Stop,economy,49.0,3507.1,620
9836,Vistara,Mumbai,Bangalore,26/05/2025,4:45,2h 19m,Non Stop,economy,48.0,6663.01,840
9837,AirAsia,delhi,Mumbai,09/07/2025,10:15,3h 45m,Non Stop,economy,8.0,7499.73,1150
9838,AIR INDIA,MUMBAI,Bangalore,11/02/2025,20:45,2h 25m,,BUSINESS,7.0,19356.54,840
9839,Air India,Hyderabad,Kolkata,22-Oct-2025,19:15,0h 47m,1 Stop,Biz,6.0,28881.17,1190
9840,Air India,delhi,Delhi,09/02/2025,15:45,1h 58m,,Economy,13.0,7657.15,1030
9841,,Bangalore,Kolkata,2025-12-08,5:00,1h 36m,,BUSINESS,17.0,31903.95,1560
9842,Vistara,delhi,Hyderabad,17-Nov-2025,22:45,1h 55m,Non Stop,BUSINESS,25.0,27061.99,1260
9843,SpiceJet,delhi,cochin,22/04/2025,3:15,2h 53m,,Eco,8.0,14793.83,2100
9844,IndiGo,Mumbai,Kolkata,07/01/2025,3:00,1h 3m,2+ stops,Economy,36.0,11814.6,1650
9845,Vistara,Delhi,Chennai,22/09/2025,13:15,1h 49m,2 stops,Economy,41.0,15414.51,1760
9846,Go Air,Banglore,Delhi,11/21/2025,16:00,2h 36m,2 stops,BUSINESS,19.0,,1740
9847,indigo,Bangalore,cochin,18/07/2025,3:45,2h 46m,Non Stop,Biz,9.0,7024.12,360
9848,AIR INDIA,Hyderabad,Mumbai,2025-05-03,9:15,3h 28m,1 Stop,Business,54.0,13845.27,620
9849,AIR INDIA,Delhi,Mumbai,10/07/2025,14:15,3h 22m,non-stop,Business,60.0,24113.98,1150
9850,AIR INDIA,Kolkata,Chennai,2025-07-02,2:00,0h 58m,Non Stop,Economy,10.0,10837.14,1360
9851,GoAir,Bangalore,Mumbai,11/24/2025,14:00,4h 57m,Non Stop,Eco,19.0,5746.49,840
9852,Air India,Kolkata,Mumbai,2025-04-17,6:45,2h 43m,,economy,46.0,11982.31,1650
9853,IndiGo,Mumbai,Delhi,25-Jul-2025,10:45,3h 46m,2+ stops,Economy,7.0,9254.2,1150
9854,AirAsia,Bangalore,HYDERABAD,28/09/2025,21:45,,,Eco,2.0,3645.39,500
9855,IndiGo,delhi,Bangalore,2025-11-08,15:15,3h 26m,,Business,55.0,31348.83,1740
9856,IndiGo,Chenai,Bangalore,2025-04-05,3:15,2h 2m,,Business,23.0,6472.01,290
9857,Go Air,Bangalore,HYDERABAD,27-Apr-2025,7:30,1h 19m,1 stop,economy,42.0,3152.56,500
9858,Go Air,Hyderabad,Kolkata,2025-07-08,4:30,2h 42m,non-stop,BUSINESS,42.0,21254.48,1190
9859,GoAir,delhi,cochin,05-Nov-2025,20:30,0h 58m,1 Stop,Biz,16.0,38803.22,2100
9860,Air India,Bangalore,Kolkata,2025-11-17,23:45,1h 38m,2+ stops,Economy,9.0,13818.81,1560
9861,SpiceJet,Chennai,HYDERABAD,09/03/2025,9:45,2h 29m,Non Stop,Economy,16.0,3664.26,515
9862,AIR INDIA,Delhi,Kolkata,2025-07-29,4:45,3h 51m,,BUSINESS,58.0,27661.71,1300
9863,Go Air,Chennai,HYDERABAD,25/05/2025,22:30,2h 34m,1 stop,,41.0,10677.77,515
9864,AirAsia,Bangalore,Delhi,03-Jan-2025,4:15,3h 40m,2 stops,Biz,23.0,38051.82,1740
9865,AIR INDIA,Mumbai,Chennai,14-Feb-2025,5:30,0h 36m,,Biz,54.0,18347.78,1030
9866,IndiGo,Chennai,Kolkata,28/07/2025,17:00,,2 stops,BUSINESS,40.0,27427.57,1360
9867,Air India,delhi,Kolkata,2025-05-05,21:00,2h 31m,1 stop,BUSINESS,45.0,27586.7,1300
9868,AirAsia,Delhi,Bangalore,18/06/2025,13:30,0h 49m,2+ stops,Biz,40.0,35206.23,1740
9869,,Kolkata,Hyderabad,25/08/2025,11:45,4h 4m,Non Stop,Eco,42.0,7356.55,1190
9870,indigo,MUMBAI,Cochin,03/05/2025,11:45,3h 2m,1 stop,BUSINESS,54.0,16011.7,860
9871,GoAir,Mumbai,Hyderabad,09/27/2025,15:30,6h 1m,2 stops,,18.0,5100.69,620
9872,Go Air,delhi,Bangalore,08/11/2025,19:00,3h 0m,2 stops,Eco,29.0,12172.43,1740
9873,Spice Jet,Delhi,Cochin,10/05/2025,13:45,1h 46m,2+ stops,Biz,34.0,45374.75,2100
9874,Spice Jet,Banglore,Bangalore,14-Aug-2025,9:15,5h 18m,1 stop,Eco,49.0,7276.85,1030
9875,Go Air,Mumbai,HYDERABAD,22-Nov-2025,2:00,0h 54m,2+ stops,Economy,48.0,4512.35,620
9876,AIR INDIA,Kolkata,Cochin,2025-07-23,14:30,3h 13m,Non Stop,Economy,37.0,13884.0,1900
9877,SpiceJet,Delhi,cochin,06/06/2025,8:00,1h 16m,2+ stops,BUSINESS,44.0,43245.88,2100
9878,AirAsia,Chennai,Kolkata,2025-11-09,10:15,1h 14m,2 stops,economy,4.0,10122.55,1360
9879,AirAsia,delhi,Delhi,2025-03-01,0:15,3h 17m,,Economy,35.0,5901.26,1030
9880,Vistara,Mumbai,Hyderabad,21-Nov-2025,5:00,3h 16m,2 stops,Eco,29.0,6043.75,620
9881,Air India,Hyderabad,cochin,29-Sep-2025,11:00,1h 22m,2 stops,Eco,20.0,5149.16,700
9882,AirAsia,Delhi,cochin,25-Mar-2025,10:15,1h 20m,1 stop,,1.0,13412.71,2100
9883,IndiGo,Banglore,cochin,13-May-2025,18:15,2h 47m,non-stop,Eco,,2839.24,360
9884,GoAir,Bangalore,Chennai,10/16/2025,7:30,2h 36m,1 Stop,Economy,60.0,2287.24,290
9885,AirAsia,Bangalore,Cochin,2025-09-27,6:30,1h 46m,non-stop,Eco,56.0,1968.54,360
9886,AIR INDIA,Bangalore,cochin,22-Dec-2025,16:30,3h 37m,1 Stop,Eco,35.0,3214.18,360
9887,GoAir,Kolkata,HYDERABAD,31-Dec-2025,4:30,2h 27m,,BUSINESS,13.0,25398.98,1190
9888,AIR INDIA,Chenai,Delhi,05/15/2025,11:30,6h 22m,non-stop,,6.0,43026.5,1760
9889,AIR INDIA,Chennai,Cochin,14-Jan-2025,8:00,2h 48m,,Biz,4.0,11870.98,500
9890,AirAsia,Chenai,Chennai,2025-01-22,15:30,,2+ stops,BUSINESS,46.0,19894.95,1030
9891,AirAsia,Kolkata,HYDERABAD,26/11/2025,1:45,2h 28m,2 stops,economy,40.0,7627.3,1190
9892,Spice Jet,delhi,Chennai,11/17/2025,17:00,1h 18m,1 Stop,Business,5.0,36157.68,1760
9893,Vistara,MUMBAI,Hyderabad,2025-09-02,13:00,2h 59m,2+ stops,BUSINESS,6.0,15972.7,620
9894,Air India,Mumbai,Kolkata,12/23/2025,16:45,0h 58m,1 Stop,economy,53.0,11140.38,1650
9895,Go Air,Hyderabad,HYDERABAD,31/01/2025,13:30,3h 43m,non-stop,Biz,49.0,18899.24,1030
9896,IndiGo,Chenai,Chennai,02-Feb-2025,12:45,1h 58m,1 stop,Economy,2.0,8095.74,1030
9897,Air India,Chenai,Kolkata,2025-03-30,16:30,1h 7m,1 stop,Economy,12.0,11231.3,1360
9898,Air India,Mumbai,cochin,08/04/2025,21:45,4h 19m,1 Stop,Eco,51.0,6728.11,860
9899,Air India,Delhi,Hyderabad,24-Feb-2025,6:45,0h 43m,1 stop,Biz,10.0,31032.41,1260
9900,AIR INDIA,Chenai,Chennai,13-Apr-2025,7:15,2h 31m,non-stop,BUSINESS,25.0,23817.85,1030
9901,GoAir,Chennai,Bangalore,2025-12-23,19:45,8h 44m,Non Stop,Business,32.0,5661.23,290
9902,GoAir,Kolkata,Cochin,2025-06-20,9:30,,,BUSINESS,41.0,33985.38,1900
9903,indigo,Banglore,Kolkata,2025-08-18,16:45,1h 21m,,,40.0,10613.65,1560
9904,indigo,Bangalore,Hyderabad,12/26/2025,17:15,2h 52m,non-stop,Economy,29.0,3805.32,500
9905,AirAsia,delhi,Kolkata,06-Nov-2025,5:30,1h 6m,2+ stops,Business,37.0,,1300
9906,GoAir,Delhi,HYDERABAD,02/01/2025,13:00,3h 12m,1 stop,Biz,2.0,27885.03,1260
9907,AIR INDIA,Hyderabad,Bangalore,22/10/2025,13:15,2h 7m,,Economy,36.0,4579.88,500
9908,Vistara,Delhi,Hyderabad,16/02/2025,9:00,2h 40m,non-stop,Business,45.0,27360.4,1260
9909,IndiGo,Kolkata,Cochin,2025-05-18,6:00,2h 2m,,BUSINESS,32.0,39395.93,1900
9910,Air India,Chennai,Delhi,12/04/2025,16:00,6h 12m,non-stop,Eco,55.0,13039.74,1760
9911,AIR INDIA,Hyderabad,Chennai,11/03/2025,10:15,2h 52m,non-stop,Biz,17.0,10509.71,515
9912,Air India,MUMBAI,cochin,27-Sep-2025,8:30,1h 8m,1 stop,Biz,37.0,19084.25,860
9913,Air India,delhi,Bangalore,17-Jul-2025,13:00,3h 8m,2+ stops,economy,55.0,14340.46,1740
9914,Vistara,MUMBAI,Bangalore,2025-12-31,10:00,1h 30m,,Business,58.0,17508.37,840
9915,Go Air,Hyderabad,Kolkata,25/10/2025,1:00,2h 54m,2 stops,Business,2.0,24110.74,1190
9916,SpiceJet,Hyderabad,Mumbai,15-Oct-2025,7:00,2h 58m,1 stop,Eco,50.0,4295.89,620
9917,indigo,Hyderabad,cochin,06/21/2025,20:15,3h 43m,2+ stops,Eco,21.0,5911.14,700
9918,Vistara,Delhi,Bangalore,18/02/2025,22:00,3h 25m,Non Stop,Business,27.0,36998.71,1740
9919,Vistara,Chenai,Mumbai,15-Mar-2025,8:30,3h 37m,2+ stops,economy,28.0,10367.43,1030
9920,Spice Jet,Chennai,Delhi,2025-11-17,5:30,1h 14m,2 stops,Business,4.0,37588.78,1760
9921,SpiceJet,Chennai,Bangalore,24/05/2025,20:30,2h 8m,2 stops,Business,33.0,5871.96,290
9922,AIR INDIA,Hyderabad,HYDERABAD,12/07/2025,7:15,1h 42m,,BUSINESS,60.0,21230.81,1030
9923,AIR INDIA,MUMBAI,Bangalore,03/24/2025,9:15,1h 35m,non-stop,economy,37.0,6574.4,840
9924,indigo,Delhi,Kolkata,08-Mar-2025,8:30,4h 24m,non-stop,economy,12.0,9602.72,1300
9925,Spice Jet,Delhi,HYDERABAD,24/11/2025,14:15,3h 7m,Non Stop,Eco,10.0,9070.08,1260
9926,GoAir,Banglore,Mumbai,08/24/2025,3:30,3h 12m,1 Stop,Biz,6.0,16714.14,840
9927,AirAsia,Hyderabad,Mumbai,04/05/2025,9:00,4h 23m,2 stops,economy,9.0,5310.87,620
9928,,Mumbai,Delhi,05-Oct-2025,20:00,2h 0m,1 stop,economy,42.0,8324.79,1150
9929,GoAir,Chennai,Hyderabad,2025-07-10,5:30,1h 13m,2 stops,economy,53.0,3806.23,515
9930,AirAsia,delhi,Hyderabad,2025-02-23,17:15,4h 29m,,Economy,20.0,8829.71,1260
9931,Air India,Hyderabad,Mumbai,22-Jan-2025,19:00,4h 4m,,economy,38.0,5368.14,620
9932,indigo,delhi,Delhi,29/01/2025,12:15,2h 55m,non-stop,Biz,6.0,20922.89,1030
9933,SpiceJet,Chennai,Cochin,03-Aug-2025,9:45,4h 0m,2+ stops,BUSINESS,29.0,10908.83,500
9934,AIR INDIA,Hyderabad,Delhi,19-Aug-2025,7:00,3h 26m,1 Stop,Business,53.0,28875.09,1260
9935,SpiceJet,Banglore,Delhi,02-Aug-2025,1:45,2h 27m,2+ stops,Business,26.0,41238.43,1740
9936,Air India,Banglore,Mumbai,28-Nov-2025,21:15,4h 0m,non-stop,Economy,21.0,6251.5,840
9937,SpiceJet,Delhi,HYDERABAD,12-Mar-2025,2:30,2h 29m,Non Stop,Biz,30.0,24341.49,1260
9938,Vistara,Banglore,cochin,2025-11-02,21:15,,,Business,38.0,8266.34,360
9939,indigo,Hyderabad,Chennai,22/09/2025,17:00,1h 30m,non-stop,Economy,28.0,3636.42,515
9940,indigo,Chenai,Bangalore,2025-10-30,18:00,,Non Stop,Economy,3.0,2466.87,290
9941,Vistara,Mumbai,Chennai,17/02/2025,14:15,2h 16m,2+ stops,Business,50.0,26447.1,1030
9942,indigo,Bangalore,Delhi,17-Apr-2025,3:30,1h 42m,2+ stops,Economy,5.0,14616.71,1740
9943,IndiGo,MUMBAI,Kolkata,2025-02-15,18:00,1h 23m,2 stops,Biz,19.0,36048.3,1650
9944,Spice Jet,delhi,Kolkata,05/19/2025,2:15,2h 25m,1 stop,Economy,18.0,9494.64,1300
9945,GoAir,Chenai,Mumbai,30-Sep-2025,2:45,1h 52m,2 stops,Biz,15.0,21302.43,1030
9946,AirAsia,Chennai,Mumbai,23-Feb-2025,21:30,1h 26m,2+ stops,Economy,32.0,7424.81,1030
9947,indigo,Chenai,Delhi,02/20/2025,12:30,1h 23m,2 stops,Economy,49.0,13317.85,1760
9948,SpiceJet,Kolkata,HYDERABAD,25/07/2025,1:00,1h 23m,1 stop,economy,46.0,6813.83,1190
9949,AIR INDIA,MUMBAI,Hyderabad,09/07/2025,17:45,4h 9m,non-stop,Economy,13.0,5481.31,620
9950,AirAsia,Mumbai,Chennai,11/25/2025,9:00,6h 20m,1 Stop,BUSINESS,26.0,18206.62,1030
9951,SpiceJet,Mumbai,Bangalore,11/08/2025,17:45,2h 1m,Non Stop,Business,2.0,18594.69,840
9952,SpiceJet,Delhi,Hyderabad,03/03/2025,7:00,2h 57m,non-stop,Eco,37.0,7902.51,1260
9953,SpiceJet,Delhi,Chennai,14/05/2025,20:30,2h 59m,non-stop,economy,58.0,9857.25,1760
9954,IndiGo,Banglore,Hyderabad,21-Jul-2025,14:15,5h 2m,1 Stop,Biz,46.0,10965.64,500
9955,AIR INDIA,Banglore,HYDERABAD,08/07/2025,6:45,5h 16m,,economy,41.0,4420.82,500
9956,IndiGo,MUMBAI,Chennai,2025-08-03,13:15,1h 17m,Non Stop,Eco,33.0,6645.75,1030
9957,Spice Jet,Delhi,Kolkata,01/15/2025,7:45,2h 9m,1 stop,economy,4.0,8796.29,1300
9958,Vistara,Kolkata,HYDERABAD,01/02/2025,19:15,1h 22m,Non Stop,BUSINESS,41.0,25464.64,1190
9959,SpiceJet,Bangalore,Delhi,05-Jun-2025,8:00,2h 57m,1 stop,Eco,40.0,10692.53,1740
9960,Go Air,Mumbai,Bangalore,2025-03-10,11:30,2h 40m,Non Stop,Biz,49.0,14081.31,840
9961,GoAir,Chenai,cochin,01/22/2025,20:30,7h 56m,1 Stop,Eco,46.0,4053.43,500
9962,Air India,Banglore,Mumbai,02/11/2025,7:45,1h 22m,2+ stops,Biz,31.0,19352.54,840
9963,Go Air,MUMBAI,Cochin,09/03/2025,9:45,1h 6m,non-stop,BUSINESS,48.0,15678.41,860
9964,indigo,Delhi,Hyderabad,05-Dec-2025,21:30,4h 3m,,Economy,38.0,9869.62,1260
9965,Go Air,Delhi,Chennai,25/11/2025,8:45,3h 8m,,Eco,41.0,11301.57,1760
9966,Spice Jet,Hyderabad,Bangalore,07-Feb-2025,22:00,2h 11m,2 stops,Economy,50.0,3698.35,500
9967,Go Air,Chennai,Delhi,2025-08-02,20:45,4h 10m,Non Stop,economy,12.0,13322.42,1760
9968,IndiGo,Delhi,HYDERABAD,2025-12-01,13:00,2h 40m,2 stops,Business,26.0,25778.46,1260
9969,IndiGo,Kolkata,Bangalore,2025-08-27,7:45,1h 22m,2 stops,economy,50.0,11684.4,1560
9970,indigo,MUMBAI,Cochin,21/03/2025,15:15,4h 30m,1 Stop,Eco,22.0,7114.96,860
9971,GoAir,Delhi,Bangalore,2025-03-07,22:15,2h 58m,2+ stops,Business,9.0,40640.08,1740
9972,Vistara,Hyderabad,Chennai,06/20/2025,18:30,1h 12m,1 stop,Biz,4.0,14065.58,515
9973,GoAir,Hyderabad,Mumbai,31/12/2025,4:00,1h 14m,2+ stops,Economy,8.0,5006.59,620
9974,AirAsia,delhi,cochin,2025-11-02,13:45,2h 7m,1 stop,Business,20.0,38872.15,2100
9975,AIR INDIA,Chennai,Mumbai,12/05/2025,13:15,1h 52m,1 stop,Biz,33.0,24575.1,1030
9976,indigo,Hyderabad,Bangalore,09-May-2025,5:00,1h 17m,non-stop,,19.0,4013.43,500
9977,AirAsia,Banglore,HYDERABAD,09/30/2025,7:45,2h 56m,Non Stop,BUSINESS,49.0,9495.36,500
9978,SpiceJet,Mumbai,Kolkata,29-Jan-2025,15:00,2h 36m,1 stop,BUSINESS,28.0,32910.34,1650
9979,Vistara,Chenai,cochin,17-Sep-2025,14:00,3h 44m,1 Stop,Economy,12.0,4427.51,500
9980,AIR INDIA,Mumbai,Delhi,25/08/2025,13:30,2h 18m,,Biz,14.0,27377.25,1150
9981,GoAir,Mumbai,cochin,22/06/2025,5:30,3h 25m,non-stop,Economy,15.0,6368.4,860
9982,,Bangalore,Kolkata,27/05/2025,23:15,1h 36m,1 Stop,BUSINESS,13.0,35981.99,1560
9983,Air India,Delhi,Bangalore,29/10/2025,6:15,2h 15m,1 Stop,,32.0,12906.77,1740
9984,AirAsia,Delhi,cochin,05/02/2025,16:00,2h 40m,Non Stop,economy,49.0,12459.1,2100
9985,IndiGo,Banglore,cochin,01/11/2025,23:45,2h 4m,1 stop,Business,41.0,7018.94,360
9986,AirAsia,MUMBAI,Cochin,18/11/2025,12:30,3h 6m,1 Stop,economy,3.0,6603.83,860
9987,SpiceJet,Banglore,Hyderabad,29/04/2025,3:00,2h 8m,2+ stops,Business,1.0,11328.71,500
9988,AirAsia,delhi,cochin,13/06/2025,0:30,2h 30m,,BUSINESS,42.0,39758.08,2100
9989,IndiGo,Bangalore,cochin,06/07/2025,15:45,4h 9m,,Eco,56.0,2729.15,360
9990,IndiGo,delhi,Delhi,2025-09-17,23:30,3h 32m,2+ stops,economy,10.0,9193.74,1030
9991,indigo,Bangalore,cochin,12/29/2025,22:00,4h 47m,1 stop,BUSINESS,36.0,8116.92,360
9992,AirAsia,Kolkata,Bangalore,10/23/2025,8:00,1h 48m,2+ stops,economy,,10348.25,1560
9993,indigo,Delhi,Hyderabad,24/05/2025,12:45,3h 55m,1 Stop,Economy,51.0,9102.03,1260
9994,AIR INDIA,Chennai,Kolkata,17-Apr-2025,5:30,2h 58m,,Economy,42.0,9884.21,1360
9995,Air India,Banglore,Bangalore,03/18/2025,10:15,0h 57m,Non Stop,Economy,25.0,8082.05,1030
9996,AIR INDIA,Chennai,Mumbai,2025-12-22,4:30,4h 36m,,economy,25.0,8256.53,1030
9997,Air India,Chennai,Delhi,2025-07-29,10:00,3h 58m,2 stops,Economy,9.0,13418.52,1760
9998,AIR INDIA,Kolkata,Chennai,18-Apr-2025,4:15,,Non Stop,Biz,49.0,26254.84,1360
9999,Go Air,Kolkata,HYDERABAD,12/03/2025,11:30,3h 46m,1 Stop,Eco,51.0,7539.01,1190
10000,Spice Jet,MUMBAI,Mumbai,2025-04-24,6:30,1h 21m,non-stop,economy,3.0,7866.74,1030
10001,GoAir,Kolkata,Hyderabad,24-Sep-2025,16:15,4h 57m,,BUSINESS,38.0,24148.66,1190
10002,GoAir,delhi,cochin,2025-09-20,20:00,4h 15m,2 stops,BUSINESS,14.0,48574.22,2100
10003,indigo,Chenai,Delhi,03/18/2025,15:00,2h 34m,1 Stop,Eco,6.0,14649.72,1760
10004,Go Air,Chenai,HYDERABAD,25-Mar-2025,5:45,2h 51m,Non Stop,Business,43.0,9283.06,515
10005,AIR INDIA,Chennai,Mumbai,04/25/2025,14:15,2h 31m,non-stop,Business,,,1030
10006,Spice Jet,Mumbai,Kolkata,25/04/2025,6:45,2h 5m,2+ stops,Biz,2.0,37118.08,1650
10007,AirAsia,MUMBAI,Chennai,27/06/2025,18:15,2h 25m,2+ stops,BUSINESS,47.0,19355.63,1030
10008,Spice Jet,Kolkata,HYDERABAD,12/28/2025,1:30,5h 18m,2 stops,Economy,49.0,7461.17,1190
10009,Vistara,Banglore,Bangalore,23/07/2025,9:30,2h 8m,,Biz,45.0,23120.7,1030
10010,indigo,Chennai,Delhi,14/02/2025,2:00,2h 44m,1 Stop,BUSINESS,60.0,31031.46,1760
10011,GoAir,Bangalore,Hyderabad,2025-03-04,16:00,9h 12m,Non Stop,,5.0,10830.3,500
10012,SpiceJet,Kolkata,Mumbai,17/01/2025,0:15,1h 46m,1 Stop,BUSINESS,58.0,33914.41,1650
10013,Air India,Kolkata,HYDERABAD,10/10/2025,10:00,6h 6m,,economy,17.0,9617.04,1190
10014,AIR INDIA,Banglore,Hyderabad,09/02/2025,21:00,0h 56m,2+ stops,economy,14.0,4595.47,500
10015,SpiceJet,Banglore,Chennai,06/20/2025,15:15,2h 31m,non-stop,Economy,25.0,2453.13,290
10016,IndiGo,Chenai,HYDERABAD,2025-08-29,12:30,1h 48m,,Business,27.0,11268.04,515
10017,Spice Jet,Chenai,HYDERABAD,16-Dec-2025,7:45,4h 37m,1 Stop,Eco,39.0,4019.17,515
10018,SpiceJet,Hyderabad,Kolkata,02-Apr-2025,21:45,2h 34m,non-stop,BUSINESS,12.0,23266.6,1190
10019,SpiceJet,Banglore,Cochin,07-Sep-2025,21:00,0h 51m,2+ stops,Eco,13.0,2965.57,360
10020,Spice Jet,delhi,Mumbai,02/27/2025,1:00,6h 22m,1 Stop,Eco,31.0,7814.77,1150
10021,indigo,Bangalore,Cochin,2025-05-25,8:00,2h 7m,non-stop,economy,52.0,2811.67,360
10022,indigo,Chenai,Cochin,27-Aug-2025,20:45,2h 14m,Non Stop,Business,31.0,9185.7,500
10023,Spice Jet,Hyderabad,cochin,09/23/2025,5:30,2h 34m,2 stops,Eco,24.0,5633.47,700
10024,SpiceJet,Chenai,Mumbai,2025-07-27,6:45,1h 30m,non-stop,Biz,58.0,16600.47,1030
10025,indigo,delhi,Cochin,02-Jun-2025,6:15,4h 26m,2+ stops,Economy,2.0,18470.41,2100
10026,indigo,delhi,Mumbai,25/08/2025,1:45,2h 45m,non-stop,economy,3.0,8418.31,1150
10027,,Hyderabad,Cochin,08-Dec-2025,5:15,1h 12m,2 stops,economy,55.0,4656.53,700
10028,Vistara,Banglore,Mumbai,22/09/2025,16:15,2h 16m,2 stops,Economy,21.0,7605.69,840
10029,AIR INDIA,Delhi,Kolkata,2025-03-14,22:30,2h 19m,1 Stop,Business,47.0,29477.14,1300
10030,AirAsia,Banglore,Kolkata,28/05/2025,18:45,2h 2m,Non Stop,economy,53.0,8819.33,1560
10031,AirAsia,Chenai,Cochin,26-May-2025,14:00,2h 48m,2 stops,economy,54.0,3673.73,500
10032,Spice Jet,Delhi,cochin,2025-07-08,18:15,3h 17m,2 stops,Biz,,37306.12,2100
10033,Vistara,MUMBAI,Hyderabad,2025-12-25,16:45,1h 44m,,Biz,58.0,12494.34,620
10034,Spice Jet,Delhi,HYDERABAD,15/10/2025,10:45,2h 0m,2+ stops,Biz,56.0,27155.92,1260
10035,Go Air,Kolkata,Cochin,08-Oct-2025,6:45,1h 59m,1 Stop,BUSINESS,28.0,36385.11,1900
10036,GoAir,delhi,Delhi,17-Mar-2025,20:45,2h 5m,1 Stop,Eco,57.0,5792.47,1030
10037,IndiGo,delhi,Hyderabad,12/15/2025,17:30,1h 24m,1 Stop,economy,33.0,8564.76,1260
10038,AirAsia,MUMBAI,Bangalore,10/06/2025,16:30,1h 47m,non-stop,Biz,51.0,13611.08,840
10039,Go Air,Chennai,Cochin,04/10/2025,12:45,,1 stop,Business,16.0,10225.61,500
10040,,Delhi,Mumbai,10/26/2025,22:15,2h 20m,1 Stop,economy,21.0,8347.71,1150
10041,SpiceJet,Chennai,Delhi,12-Sep-2025,19:00,1h 52m,,Biz,57.0,32520.3,1760
10042,AIR INDIA,Mumbai,cochin,02-Dec-2025,23:15,,2+ stops,Biz,55.0,19672.43,860
10043,indigo,Hyderabad,Mumbai,06/04/2025,14:30,4h 0m,1 Stop,Business,38.0,14131.34,620
10044,SpiceJet,Chenai,Hyderabad,2025-09-16,19:15,1h 21m,2+ stops,economy,42.0,4006.22,515
10045,Vistara,Hyderabad,Delhi,07-Jul-2025,0:00,0h 58m,2+ stops,Biz,13.0,34169.69,1260
10046,Vistara,Mumbai,Delhi,24-Dec-2025,2:00,1h 28m,non-stop,Eco,39.0,9223.01,1150
10047,Air India,Chennai,Cochin,26/04/2025,3:00,2h 45m,2 stops,,10.0,4475.45,500
10048,AIR INDIA,Delhi,Chennai,25-Oct-2025,12:45,1h 53m,1 Stop,Economy,25.0,12581.78,1760
10049,AirAsia,Chenai,Delhi,05/11/2025,3:15,2h 31m,non-stop,Biz,8.0,35882.98,1760
10050,IndiGo,Hyderabad,Delhi,07/31/2025,13:00,4h 57m,2 stops,Economy,35.0,9655.49,1260
10051,SpiceJet,Hyderabad,Mumbai,2025-08-18,23:30,1h 53m,2+ stops,economy,58.0,4515.6,620
10052,IndiGo,Hyderabad,Chennai,2025-10-10,19:00,1h 46m,non-stop,economy,7.0,3861.29,515
10053,GoAir,Banglore,cochin,26-Mar-2025,16:30,4h 2m,1 Stop,BUSINESS,9.0,7605.32,360
10054,SpiceJet,Kolkata,Cochin,06/04/2025,21:00,2h 7m,2 stops,economy,34.0,13859.54,1900
10055,AIR INDIA,Mumbai,Kolkata,12/02/2025,10:00,1h 57m,2 stops,Business,44.0,39281.31,1650
10056,Spice Jet,Mumbai,Chennai,31-May-2025,10:15,2h 59m,Non Stop,Biz,36.0,20336.59,1030
10057,Go Air,Delhi,Cochin,2025-12-02,19:30,4h 4m,,Business,31.0,42501.75,2100
10058,Go Air,Banglore,Bangalore,11/01/2025,22:00,2h 52m,Non Stop,Business,13.0,20894.68,1030
10059,indigo,Banglore,cochin,2025-11-06,0:15,1h 10m,non-stop,Eco,10.0,2885.09,360
10060,indigo,Chennai,HYDERABAD,05/13/2025,15:15,2h 34m,2+ stops,economy,29.0,4292.17,515
10061,Spice Jet,MUMBAI,Chennai,17-Aug-2025,20:30,1h 48m,Non Stop,economy,,7331.24,1030
10062,,Kolkata,HYDERABAD,2025-03-14,4:15,2h 22m,2+ stops,Economy,3.0,9752.47,1190
10063,IndiGo,Chennai,Cochin,2025-12-14,9:00,2h 32m,Non Stop,Economy,27.0,3882.82,500
10064,Vistara,Mumbai,Kolkata,17/12/2025,18:00,4h 23m,2+ stops,BUSINESS,35.0,39264.1,1650
10065,SpiceJet,Delhi,Bangalore,06/01/2025,9:30,1h 8m,1 Stop,economy,28.0,11270.58,1740
10066,IndiGo,delhi,cochin,11/03/2025,8:30,2h 38m,non-stop,economy,7.0,14899.75,2100
10067,Air India,Banglore,Chennai,2025-10-23,18:15,4h 23m,non-stop,Economy,60.0,2424.33,290
10068,Vistara,Bangalore,Cochin,03/07/2025,0:00,2h 35m,,Eco,50.0,3258.78,360
10069,SpiceJet,Delhi,Chennai,2025-05-09,12:00,1h 12m,1 stop,economy,49.0,10304.13,1760
10070,Air India,delhi,Hyderabad,20/03/2025,17:45,3h 46m,1 Stop,Business,57.0,26596.93,1260
10071,Vistara,Kolkata,Chennai,07-Nov-2025,17:15,1h 34m,2 stops,,59.0,30630.95,1360
10072,IndiGo,Hyderabad,cochin,11/01/2025,18:45,1h 36m,2+ stops,Business,56.0,13272.33,700
10073,AirAsia,Mumbai,Chennai,17-Feb-2025,20:15,1h 42m,1 Stop,economy,56.0,6141.6,1030
10074,Go Air,MUMBAI,Cochin,2025-04-06,2:45,1h 32m,2+ stops,Business,14.0,19297.92,860
10075,AirAsia,Kolkata,Delhi,2025-03-08,10:30,1h 23m,1 Stop,economy,45.0,8271.45,1300
10076,SpiceJet,Hyderabad,Delhi,31-Mar-2025,15:30,7h 55m,1 Stop,economy,8.0,9543.56,1260
10077,SpiceJet,Chennai,cochin,01/23/2025,21:15,2h 48m,non-stop,Eco,26.0,3815.1,500
10078,AIR INDIA,delhi,HYDERABAD,31-Dec-2025,6:30,2h 8m,1 Stop,economy,40.0,9447.28,1260
10079,AIR INDIA,Kolkata,Cochin,02/27/2025,19:30,2h 12m,Non Stop,economy,54.0,13015.77,1900
10080,AIR INDIA,Banglore,cochin,04/28/2025,9:00,6h 0m,2+ stops,Economy,9.0,3924.71,360
10081,Go Air,Chennai,Delhi,05/19/2025,21:30,3h 8m,2+ stops,Biz,52.0,36733.34,1760
10082,Go Air,Chennai,Delhi,02/24/2025,7:45,3h 16m,,BUSINESS,5.0,34958.54,1760
10083,indigo,Chennai,cochin,2025-06-11,7:30,5h 37m,Non Stop,Business,25.0,10410.76,500
10084,Spice Jet,Hyderabad,Chennai,18/08/2025,13:00,1h 28m,Non Stop,Eco,27.0,3485.86,515
10085,Go Air,Mumbai,Cochin,12/11/2025,13:00,5h 36m,1 Stop,Business,27.0,16966.07,860
10086,AirAsia,Bangalore,Mumbai,20-Jan-2025,15:15,2h 37m,,BUSINESS,46.0,16638.18,840
10087,SpiceJet,Bangalore,Hyderabad,28-Jul-2025,3:30,0h 39m,2+ stops,economy,44.0,3849.92,500
10088,AirAsia,Chenai,HYDERABAD,2025-01-05,8:30,3h 45m,non-stop,Eco,22.0,3457.32,515
10089,Go Air,Bangalore,Chennai,2025-05-08,8:15,5h 52m,2+ stops,,56.0,6147.83,290
10090,GoAir,Kolkata,Bangalore,12/19/2025,23:30,5h 28m,2+ stops,BUSINESS,14.0,,1560
10091,SpiceJet,Mumbai,Cochin,2025-10-16,5:15,5h 10m,2+ stops,Biz,6.0,19038.72,860
10092,Spice Jet,Chenai,Bangalore,26/12/2025,7:30,3h 17m,non-stop,Economy,14.0,2343.48,290
10093,IndiGo,Delhi,cochin,12/08/2025,10:00,3h 2m,2+ stops,Economy,10.0,18363.92,2100
10094,SpiceJet,Bangalore,HYDERABAD,14/01/2025,5:15,1h 31m,2 stops,Economy,31.0,3647.4,500
10095,Vistara,Hyderabad,Mumbai,11-Nov-2025,13:00,4h 28m,2+ stops,Biz,9.0,18008.27,620
10096,IndiGo,MUMBAI,Delhi,30-Jun-2025,6:30,1h 25m,1 Stop,Economy,11.0,9324.57,1150
10097,AirAsia,Chenai,Cochin,11/24/2025,22:15,,,Eco,31.0,3340.45,500
10098,GoAir,delhi,Hyderabad,2025-08-13,1:00,2h 12m,2+ stops,Biz,35.0,24807.48,1260
10099,AIR INDIA,Bangalore,Mumbai,21/07/2025,2:45,3h 18m,2 stops,economy,20.0,7096.01,840
10100,GoAir,Kolkata,Bangalore,12-Nov-2025,20:45,1h 9m,2 stops,economy,36.0,9859.39,1560
10101,SpiceJet,Kolkata,HYDERABAD,11/12/2025,23:00,5h 39m,2 stops,,36.0,24737.75,1190
10102,Vistara,Chennai,HYDERABAD,25-Nov-2025,7:00,2h 47m,1 stop,Economy,56.0,4132.31,515
10103,AirAsia,delhi,Chennai,08/11/2025,7:45,2h 4m,2 stops,Business,49.0,33267.65,1760
10104,AirAsia,delhi,Cochin,2025-07-05,12:15,5h 49m,,Biz,27.0,43208.99,2100
10105,Air India,Chenai,HYDERABAD,2025-02-25,17:15,1h 23m,1 stop,Biz,18.0,12775.69,515
10106,AirAsia,delhi,cochin,06/28/2025,6:30,2h 9m,2+ stops,Eco,50.0,14126.89,2100
10107,GoAir,Delhi,Kolkata,14-Nov-2025,0:45,2h 15m,,Biz,60.0,20478.51,1300
10108,Go Air,MUMBAI,Bangalore,02/08/2025,7:45,4h 8m,Non Stop,Business,54.0,15358.19,840
10109,Vistara,Banglore,Kolkata,06/09/2025,9:00,4h 46m,1 stop,Business,53.0,37798.27,1560
10110,AIR INDIA,Mumbai,Bangalore,20/03/2025,4:00,1h 1m,Non Stop,Biz,6.0,15846.59,840
10111,AirAsia,Mumbai,Delhi,07-Sep-2025,10:30,1h 18m,1 Stop,Eco,14.0,8097.11,1150
10112,Air India,Bangalore,Kolkata,01/29/2025,23:00,,2+ stops,economy,41.0,12631.53,1560
10113,Air India,delhi,HYDERABAD,2025-12-06,6:30,1h 11m,,Biz,60.0,24652.16,1260
10114,Spice Jet,MUMBAI,Delhi,2025-09-15,14:30,1h 40m,2 stops,BUSINESS,37.0,24459.13,1150
10115,Air India,Hyderabad,Mumbai,2025-08-06,9:30,4h 19m,Non Stop,BUSINESS,44.0,14657.0,620
10116,SpiceJet,Kolkata,Hyderabad,05-Sep-2025,13:45,1h 19m,Non Stop,economy,46.0,7806.87,1190
10117,AirAsia,Delhi,HYDERABAD,01/02/2025,19:45,2h 4m,1 stop,Economy,53.0,7547.08,1260
10118,AirAsia,Kolkata,Bangalore,16-Apr-2025,0:00,4h 16m,Non Stop,Business,46.0,25463.02,1560
10119,AirAsia,delhi,Cochin,24-Jun-2025,5:45,6h 27m,non-stop,Eco,30.0,13329.27,2100
10120,AirAsia,Delhi,Kolkata,03/05/2025,3:45,5h 44m,2+ stops,Eco,31.0,9945.5,1300
10121,indigo,MUMBAI,cochin,15-Apr-2025,19:15,1h 26m,2+ stops,Biz,56.0,17760.87,860
10122,indigo,Chennai,Kolkata,2025-06-22,7:45,1h 38m,2+ stops,Eco,52.0,9731.81,1360
10123,SpiceJet,MUMBAI,Bangalore,07/05/2025,4:30,1h 25m,2+ stops,Economy,38.0,7242.83,840
10124,GoAir,Banglore,Bangalore,05-Dec-2025,20:45,5h 36m,2 stops,BUSINESS,11.0,23779.67,1030
10125,GoAir,MUMBAI,Cochin,31/12/2025,0:15,2h 15m,Non Stop,BUSINESS,36.0,17006.78,860
10126,Go Air,Banglore,Mumbai,09/07/2025,20:00,1h 11m,Non Stop,economy,38.0,4905.48,840
10127,SpiceJet,Delhi,Kolkata,08-Jan-2025,9:15,4h 34m,Non Stop,Biz,32.0,23730.29,1300
10128,IndiGo,Delhi,Cochin,2025-07-24,19:00,2h 54m,,Business,47.0,41762.34,2100
10129,indigo,Kolkata,Mumbai,09/01/2025,1:15,1h 6m,Non Stop,Eco,5.0,11190.83,1650
10130,Go Air,Delhi,Kolkata,03/05/2025,5:45,0h 46m,1 Stop,BUSINESS,56.0,25599.48,1300
10131,AirAsia,Mumbai,cochin,08/04/2025,17:00,2h 2m,2 stops,BUSINESS,41.0,17904.86,860
10132,Go Air,Chenai,Bangalore,02/03/2025,20:30,2h 4m,1 stop,Business,8.0,,290
10133,Air India,Mumbai,Hyderabad,2025-08-04,18:45,6h 6m,2 stops,Business,57.0,15585.16,620
10134,indigo,Chenai,Bangalore,11/19/2025,10:00,3h 44m,1 stop,economy,2.0,2743.48,290
10135,GoAir,Delhi,Bangalore,2025-06-06,19:45,1h 37m,2+ stops,economy,40.0,13980.06,1740
10136,Vistara,Mumbai,Bangalore,09/11/2025,21:30,1h 6m,1 stop,Economy,17.0,7093.31,840
10137,Go Air,Mumbai,HYDERABAD,21-Dec-2025,7:00,3h 16m,non-stop,Biz,13.0,12838.73,620
10138,AIR INDIA,Banglore,Hyderabad,2025-06-22,10:45,0h 59m,1 Stop,BUSINESS,25.0,12559.08,500
10139,Go Air,Bangalore,Chennai,07/12/2025,11:15,2h 52m,Non Stop,BUSINESS,29.0,6285.07,290
10140,Air India,Bangalore,Mumbai,28/05/2025,10:45,2h 39m,Non Stop,Eco,3.0,7097.0,840
10141,IndiGo,delhi,cochin,29/11/2025,8:15,2h 50m,non-stop,economy,,14141.72,2100
10142,indigo,Mumbai,cochin,01/25/2025,8:00,7h 8m,2+ stops,economy,20.0,7705.48,860
10143,Go Air,Mumbai,Delhi,2025-07-19,21:45,3h 36m,1 Stop,Economy,22.0,7672.64,1150
10144,Spice Jet,MUMBAI,Mumbai,07/09/2025,8:30,2h 29m,1 Stop,Biz,23.0,21136.8,1030
10145,Spice Jet,Chennai,Kolkata,2025-03-01,7:15,,2+ stops,Biz,36.0,26962.03,1360
10146,Vistara,Bangalore,Delhi,22-Jan-2025,9:45,2h 20m,1 Stop,Economy,27.0,12425.6,1740
10147,AIR INDIA,Bangalore,HYDERABAD,13-Feb-2025,19:00,,2 stops,Biz,59.0,11087.28,500
10148,GoAir,Bangalore,Delhi,2025-09-23,10:30,3h 39m,2 stops,Economy,34.0,12920.14,1740
10149,Vistara,Banglore,Hyderabad,22-Dec-2025,10:45,4h 31m,2 stops,Economy,16.0,5093.9,500
10150,indigo,Bangalore,cochin,15/06/2025,10:30,5h 9m,1 stop,Business,10.0,8482.45,360
